{
  "schemaVersion": 1,
  "protocol": "archcanvas-browser-visual-matrix/1",
  "collectedAt": "2026-10-05T19:45:18.649784+00:00",
  "specDigest": "97f9e8e44766cfd03678e7fcf30695479b8ab42fe75023c269e2f8645486bc26",
  "expectedBaselineCount": 36,
  "capturedBaselineCount": 36,
  "missingBaselineVariants": [],
  "editedAfterModelsCaptured": [
    "mlp",
    "residual_cnn",
    "transformer"
  ],
  "editedAfterModelsMissing": [],
  "artifactCoverage": "complete",
  "visualAcceptance": "pending-human-review",
  "humanAcceptanceCertified": false,
  "captures": [
    {
      "caseId": "mlp-level0-monochrome-180",
      "variantId": "mlp-level0-monochrome-180",
      "state": "baseline",
      "fixture": "mlp",
      "fileConsistency": "verified",
      "visualReview": "pending-human-review",
      "documentBinding": {
        "documentId": "canvas-architecture-model.MLP-3654a3534b85-ab8e9edc",
        "revision": 8,
        "sourceDigest": "3654a3534b85af66c27e0a5ae154ac8cbe461bfe80d2786efb413e54a7365f17",
        "irDigest": "ab8e9edcf92df51583e5de7682b85072c483831855408f6509b0a4ddf304b72f"
      },
      "pageSpec": {
        "widthMm": 180,
        "preset": "monochrome"
      },
      "expandedIds": [
        "call:instance:model.MLP"
      ],
      "changedVisualFields": [],
      "canvasCanonicalDigest": "f8817cb47beb31330397dad57438df11ee09bb7e037b3c9c730d77e4caa321ec",
      "browserSceneDigest": "ff936ce6a95f3cd462de2f983c75fbc585c02ee75ddf121e0f8d9e7ee57e6da3",
      "files": {
        "canvas": {
          "path": "captures/mlp-level0-monochrome-180/canvas.json",
          "sha256": "91a3d78019f092b63bd83e55a679b29cdb8717933314faa32e7f3093396aa583",
          "bytes": 11018
        },
        "svg": {
          "path": "captures/mlp-level0-monochrome-180/figure.svg",
          "sha256": "987973ae162a3599408848413eaec66e138999f950330166d2f424ebb0d4df12",
          "bytes": 11500
        },
        "exportReceipt": {
          "path": "captures/mlp-level0-monochrome-180/export-receipt.json",
          "sha256": "0f99d72ec8c0f0bef2ffb53cff05451b967f4efda10c9b8b9d530e3ad62988ff",
          "bytes": 2294
        },
        "screenshot": {
          "path": "captures/mlp-level0-monochrome-180/screenshot.jpg",
          "sha256": "eb2bcbbe6e32633272c5fc9719237fcdca6bb993c60be822030edbe116e4f195",
          "bytes": 58707
        },
        "browserScene": {
          "path": "captures/mlp-level0-monochrome-180/browser-scene.svg",
          "sha256": "2feec012a7267b2cb905b6289f0fb5014196b9890215ebf01b7a9b52a085abfc",
          "bytes": 12657
        },
        "screenReceipt": {
          "path": "captures/mlp-level0-monochrome-180/screen-receipt.json",
          "sha256": "0dab9ca46296c249234fead7bf57a6eebd1e2fec971a3b5cc134beff39ce0ebf",
          "bytes": 6859
        }
      },
      "environment": {
        "userAgent": "Mozilla/5.0 (X11; Linux x86_64) AppleWebKit/537.36 (KHTML, like Gecko) Chrome/154.0.0.0 Safari/537.36",
        "devicePixelRatio": 1,
        "viewport": {
          "height": 720,
          "width": 1280
        },
        "browserVersion": null,
        "hardware": null,
        "fontEvidence": [],
        "provenance": {
          "kind": "historical-same-browser-environment-observation",
          "source": {
            "path": "docs/evidence/input-observation/stress300-final-observer-raw.json",
            "bytes": 864153,
            "sha256": "0a47d0f209ee70eb16c714407c39255d461cab271d2445f7d3f2b034673ee5d4"
          },
          "userAgentJsonPointer": "/environment/userAgent",
          "devicePixelRatioJsonPointer": "/environment/viewport/devicePixelRatio",
          "historicalObserverUrl": "http://127.0.0.1:8773/",
          "historicalObserverLabel": "final-build-stress300-frozen-observer",
          "historicalTimeOriginEpochMs": 1791133659286,
          "historicalTimeOriginUtc": "2026-10-04T17:07:39.286000+00:00",
          "historicalStartedAtPerformanceMs": 153481.10000002384,
          "historicalStoppedAtPerformanceMs": 320478.60000002384,
          "browserAssociation": "Root identifies historical receipt and current CUA as same IAB browser2; not independently native-certified.",
          "currentNavigatorObserved": false,
          "currentNavigatorLimitation": "Root reported CUA navigator read unavailable (TypeError/undefined). UA/DPR values are historical, not read from this case.",
          "currentViewportSource": "This case public-observation.json /viewport",
          "scope": "No current browser-version, hardware, resolved-font or physical-pixel calibration certification."
        }
      },
      "camera": {
        "sceneScreenBounds": {
          "height": 434,
          "width": 469.5090637207031,
          "x": 386.7454528808594,
          "y": 161
        },
        "transform": "matrix(0.789091, 0, 0, 0.789091, 156.745, 46)"
      },
      "physicalPreflight": {
        "widthMm": 180,
        "heightMm": 166.38655462184875,
        "minTextPt": 8.575398663402368,
        "nodeLabelPt": 11.14801826242308,
        "minMainLinePt": 1.2863097995103552,
        "suggestedWidthFor7Pt": 147,
        "suggestedHeightFor7Pt": 135.88235294117646,
        "exampleTargetPt": 7,
        "claim": "Physical-size measurement only; 7 pt is an adjustable starting recommendation, not a universal journal rule."
      }
    },
    {
      "caseId": "mlp-level0-monochrome-85",
      "variantId": "mlp-level0-monochrome-85",
      "state": "baseline",
      "fixture": "mlp",
      "fileConsistency": "verified",
      "visualReview": "pending-human-review",
      "documentBinding": {
        "documentId": "canvas-architecture-model.MLP-3654a3534b85-ab8e9edc",
        "revision": 6,
        "sourceDigest": "3654a3534b85af66c27e0a5ae154ac8cbe461bfe80d2786efb413e54a7365f17",
        "irDigest": "ab8e9edcf92df51583e5de7682b85072c483831855408f6509b0a4ddf304b72f"
      },
      "pageSpec": {
        "widthMm": 85,
        "preset": "monochrome"
      },
      "expandedIds": [
        "call:instance:model.MLP"
      ],
      "changedVisualFields": [],
      "canvasCanonicalDigest": "eaed5ac8af8d848a0af979caaf1a5c1a6c03829aacfc491bdbb82e17373b0b6d",
      "browserSceneDigest": "f2e70af6ef4423ec7d1b1ad163b8609f2135996c4947ba3ad92814ace21494e5",
      "files": {
        "canvas": {
          "path": "captures/mlp-level0-monochrome-85/canvas.json",
          "sha256": "2e95bce5c6859c75fcdb1bba31df96fff7b9281d288f5e410bdd40f558b04cb3",
          "bytes": 11017
        },
        "svg": {
          "path": "captures/mlp-level0-monochrome-85/figure.svg",
          "sha256": "c73bb36cd8ab8bfa4b3b0567dca55e4e6e2d80398358faa9de62ce61a2b26a6f",
          "bytes": 11497
        },
        "exportReceipt": {
          "path": "captures/mlp-level0-monochrome-85/export-receipt.json",
          "sha256": "55a86afbbc61d8200d4b0777ac3c4cdc651251c455090c0d4271fe217929c9a9",
          "bytes": 2289
        },
        "screenshot": {
          "path": "captures/mlp-level0-monochrome-85/screenshot.jpg",
          "sha256": "9638abc117f1c1760dcbe67698c402e283db0432df34fa7d813f4a49f3f00fa0",
          "bytes": 58677
        },
        "browserScene": {
          "path": "captures/mlp-level0-monochrome-85/browser-scene.svg",
          "sha256": "6944ef54735b6b4e1635ae0bd754e712025106c3692e14498bf0a1b2d37f3958",
          "bytes": 12653
        },
        "screenReceipt": {
          "path": "captures/mlp-level0-monochrome-85/screen-receipt.json",
          "sha256": "293d0e9bee7e81bbcfa11b563d7771e1f6d6d99584912bfb14380d5780a0a8dc",
          "bytes": 6480
        }
      },
      "environment": {
        "userAgent": "Mozilla/5.0 (X11; Linux x86_64) AppleWebKit/537.36 (KHTML, like Gecko) Chrome/154.0.0.0 Safari/537.36",
        "devicePixelRatio": 1,
        "viewport": {
          "height": 720,
          "width": 1280
        },
        "browserVersion": null,
        "hardware": null,
        "fontEvidence": [],
        "provenance": {
          "kind": "historical-same-browser-environment-observation",
          "source": {
            "path": "docs/evidence/input-observation/stress300-final-observer-raw.json",
            "bytes": 864153,
            "sha256": "0a47d0f209ee70eb16c714407c39255d461cab271d2445f7d3f2b034673ee5d4"
          },
          "userAgentJsonPointer": "/environment/userAgent",
          "devicePixelRatioJsonPointer": "/environment/viewport/devicePixelRatio",
          "historicalObserverUrl": "http://127.0.0.1:8773/",
          "historicalObserverLabel": "final-build-stress300-frozen-observer",
          "historicalTimeOriginEpochMs": 1791133659286,
          "historicalTimeOriginUtc": "2026-10-04T17:07:39.286000+00:00",
          "historicalStartedAtPerformanceMs": 153481.10000002384,
          "historicalStoppedAtPerformanceMs": 320478.60000002384,
          "browserAssociation": "Root identifies historical receipt and current CUA as same IAB browser2; not independently native-certified.",
          "currentNavigatorObserved": false,
          "currentNavigatorLimitation": "Root reported CUA navigator read unavailable (TypeError/undefined). UA/DPR values are historical, not read from this case.",
          "currentViewportSource": "This case public-observation.json /viewport",
          "scope": "No current browser-version, hardware, resolved-font or physical-pixel calibration certification."
        }
      },
      "camera": {
        "sceneScreenBounds": {
          "height": 434,
          "width": 469.5090637207031,
          "x": 386.7454528808594,
          "y": 161
        },
        "transform": "matrix(0.789091, 0, 0, 0.789091, 156.745, 46)"
      },
      "physicalPreflight": {
        "widthMm": 85,
        "heightMm": 78.57142857142857,
        "minTextPt": 4.04949381327334,
        "nodeLabelPt": 5.2643419572553425,
        "minMainLinePt": 0.6074240719910011,
        "suggestedWidthFor7Pt": 147,
        "suggestedHeightFor7Pt": 135.88235294117646,
        "exampleTargetPt": 7,
        "claim": "Physical-size measurement only; 7 pt is an adjustable starting recommendation, not a universal journal rule."
      }
    },
    {
      "caseId": "mlp-level0-paper-180",
      "variantId": "mlp-level0-paper-180",
      "state": "baseline",
      "fixture": "mlp",
      "fileConsistency": "verified",
      "visualReview": "pending-human-review",
      "documentBinding": {
        "documentId": "canvas-architecture-model.MLP-3654a3534b85-ab8e9edc",
        "revision": 2,
        "sourceDigest": "3654a3534b85af66c27e0a5ae154ac8cbe461bfe80d2786efb413e54a7365f17",
        "irDigest": "ab8e9edcf92df51583e5de7682b85072c483831855408f6509b0a4ddf304b72f"
      },
      "pageSpec": {
        "widthMm": 180,
        "preset": "paper"
      },
      "expandedIds": [
        "call:instance:model.MLP"
      ],
      "changedVisualFields": [],
      "canvasCanonicalDigest": "2178d2acc86fe164c15bcaa2fc3429bd72b1ab405fdacbe001a6a7f882c98c29",
      "browserSceneDigest": "f2f8c213d1bfcb1072987a64847b9be65d981113ef14e5147c008eaf297dd85b",
      "files": {
        "canvas": {
          "path": "captures/mlp-level0-paper-180/canvas.json",
          "sha256": "2d44758333485041279ee5cd283737f9005a45d80f1a4771a843155718fbd192",
          "bytes": 11013
        },
        "svg": {
          "path": "captures/mlp-level0-paper-180/figure.svg",
          "sha256": "3fb75f540b86e0493b1099a1adafec050cbd942faa3cd4c89e04f62cff19e499",
          "bytes": 11500
        },
        "exportReceipt": {
          "path": "captures/mlp-level0-paper-180/export-receipt.json",
          "sha256": "68621067b939996242065b6cfdad5680c9826c95f3a69f3f06f5bb08b21034f7",
          "bytes": 2294
        },
        "screenshot": {
          "path": "captures/mlp-level0-paper-180/screenshot.jpg",
          "sha256": "922df868b32bbcc96a8764d80ade1e5c44ba1110c14a0fc78b8be5f1901846d3",
          "bytes": 57761
        },
        "browserScene": {
          "path": "captures/mlp-level0-paper-180/browser-scene.svg",
          "sha256": "102d38b60a64c249ae59a8891f969f931ee0d7f39bc05674f1a0f52506bbd549",
          "bytes": 12657
        },
        "screenReceipt": {
          "path": "captures/mlp-level0-paper-180/screen-receipt.json",
          "sha256": "9b26f252b7771e8a87a0f81bbfc3496054396bb6d78937bffc5b8c41a8ac8cf8",
          "bytes": 6839
        }
      },
      "environment": {
        "userAgent": "Mozilla/5.0 (X11; Linux x86_64) AppleWebKit/537.36 (KHTML, like Gecko) Chrome/154.0.0.0 Safari/537.36",
        "devicePixelRatio": 1,
        "viewport": {
          "height": 720,
          "width": 1280
        },
        "browserVersion": null,
        "hardware": null,
        "fontEvidence": [],
        "provenance": {
          "kind": "historical-same-browser-environment-observation",
          "source": {
            "path": "docs/evidence/input-observation/stress300-final-observer-raw.json",
            "bytes": 864153,
            "sha256": "0a47d0f209ee70eb16c714407c39255d461cab271d2445f7d3f2b034673ee5d4"
          },
          "userAgentJsonPointer": "/environment/userAgent",
          "devicePixelRatioJsonPointer": "/environment/viewport/devicePixelRatio",
          "historicalObserverUrl": "http://127.0.0.1:8773/",
          "historicalObserverLabel": "final-build-stress300-frozen-observer",
          "historicalTimeOriginEpochMs": 1791133659286,
          "historicalTimeOriginUtc": "2026-10-04T17:07:39.286000+00:00",
          "historicalStartedAtPerformanceMs": 153481.10000002384,
          "historicalStoppedAtPerformanceMs": 320478.60000002384,
          "browserAssociation": "Root identifies historical receipt and current CUA as same IAB browser2; not independently native-certified.",
          "currentNavigatorObserved": false,
          "currentNavigatorLimitation": "Root reported CUA navigator read unavailable (TypeError/undefined). UA/DPR values are historical, not read from this case.",
          "currentViewportSource": "This case public-observation.json /viewport",
          "scope": "No current browser-version, hardware, resolved-font or physical-pixel calibration certification."
        }
      },
      "camera": {
        "sceneScreenBounds": {
          "height": 434,
          "width": 469.5090637207031,
          "x": 386.7454528808594,
          "y": 161
        },
        "transform": "matrix(0.789091, 0, 0, 0.789091, 156.745, 46)"
      },
      "physicalPreflight": {
        "widthMm": 180,
        "heightMm": 166.38655462184875,
        "minTextPt": 8.575398663402368,
        "nodeLabelPt": 11.14801826242308,
        "minMainLinePt": 1.2863097995103552,
        "suggestedWidthFor7Pt": 147,
        "suggestedHeightFor7Pt": 135.88235294117646,
        "exampleTargetPt": 7,
        "claim": "Physical-size measurement only; 7 pt is an adjustable starting recommendation, not a universal journal rule."
      }
    },
    {
      "caseId": "mlp-level0-paper-85",
      "variantId": "mlp-level0-paper-85",
      "state": "baseline",
      "fixture": "mlp",
      "fileConsistency": "verified",
      "visualReview": "pending-human-review",
      "documentBinding": {
        "documentId": "canvas-architecture-model.MLP-3654a3534b85-ab8e9edc",
        "revision": 4,
        "sourceDigest": "3654a3534b85af66c27e0a5ae154ac8cbe461bfe80d2786efb413e54a7365f17",
        "irDigest": "ab8e9edcf92df51583e5de7682b85072c483831855408f6509b0a4ddf304b72f"
      },
      "pageSpec": {
        "widthMm": 85,
        "preset": "paper"
      },
      "expandedIds": [
        "call:instance:model.MLP"
      ],
      "changedVisualFields": [],
      "canvasCanonicalDigest": "90bc700426e1b143fa7909946432652bb9702ad3a57f749f1e506ff04174f9d9",
      "browserSceneDigest": "bf452d85db2709d0364e02c99d27f2250c388431412d2587daea958df91b9631",
      "files": {
        "canvas": {
          "path": "captures/mlp-level0-paper-85/canvas.json",
          "sha256": "3aea09c2323d02c700388c3903d0f9aa0b6e72e57ae3348a429c90396875bfb9",
          "bytes": 11012
        },
        "svg": {
          "path": "captures/mlp-level0-paper-85/figure.svg",
          "sha256": "879b8a72d13330554b25e62c6ff9a189a908fea2deeb59f6afe80574436de076",
          "bytes": 11497
        },
        "exportReceipt": {
          "path": "captures/mlp-level0-paper-85/export-receipt.json",
          "sha256": "f8a5eac5b70285449f14d7bae7b8c0f5fde3533a8618bd7a242d9b402a4ede4a",
          "bytes": 2289
        },
        "screenshot": {
          "path": "captures/mlp-level0-paper-85/screenshot.jpg",
          "sha256": "af5b9fbd86f59413174ee38f6c693d9c08faa5493b5f221f24aeab7771be17e3",
          "bytes": 57719
        },
        "browserScene": {
          "path": "captures/mlp-level0-paper-85/browser-scene.svg",
          "sha256": "be6ddb02fd578851b74fe6197954332f5ec2b004a24203eabecfd1d70be039ac",
          "bytes": 12653
        },
        "screenReceipt": {
          "path": "captures/mlp-level0-paper-85/screen-receipt.json",
          "sha256": "78a7d6f1aad0a360a4810968fbb14f622354102c27d840fcf99d527b0aa07bf3",
          "bytes": 6460
        }
      },
      "environment": {
        "userAgent": "Mozilla/5.0 (X11; Linux x86_64) AppleWebKit/537.36 (KHTML, like Gecko) Chrome/154.0.0.0 Safari/537.36",
        "devicePixelRatio": 1,
        "viewport": {
          "height": 720,
          "width": 1280
        },
        "browserVersion": null,
        "hardware": null,
        "fontEvidence": [],
        "provenance": {
          "kind": "historical-same-browser-environment-observation",
          "source": {
            "path": "docs/evidence/input-observation/stress300-final-observer-raw.json",
            "bytes": 864153,
            "sha256": "0a47d0f209ee70eb16c714407c39255d461cab271d2445f7d3f2b034673ee5d4"
          },
          "userAgentJsonPointer": "/environment/userAgent",
          "devicePixelRatioJsonPointer": "/environment/viewport/devicePixelRatio",
          "historicalObserverUrl": "http://127.0.0.1:8773/",
          "historicalObserverLabel": "final-build-stress300-frozen-observer",
          "historicalTimeOriginEpochMs": 1791133659286,
          "historicalTimeOriginUtc": "2026-10-04T17:07:39.286000+00:00",
          "historicalStartedAtPerformanceMs": 153481.10000002384,
          "historicalStoppedAtPerformanceMs": 320478.60000002384,
          "browserAssociation": "Root identifies historical receipt and current CUA as same IAB browser2; not independently native-certified.",
          "currentNavigatorObserved": false,
          "currentNavigatorLimitation": "Root reported CUA navigator read unavailable (TypeError/undefined). UA/DPR values are historical, not read from this case.",
          "currentViewportSource": "This case public-observation.json /viewport",
          "scope": "No current browser-version, hardware, resolved-font or physical-pixel calibration certification."
        }
      },
      "camera": {
        "sceneScreenBounds": {
          "height": 434,
          "width": 469.5090637207031,
          "x": 386.7454528808594,
          "y": 161
        },
        "transform": "matrix(0.789091, 0, 0, 0.789091, 156.745, 46)"
      },
      "physicalPreflight": {
        "widthMm": 85,
        "heightMm": 78.57142857142857,
        "minTextPt": 4.04949381327334,
        "nodeLabelPt": 5.2643419572553425,
        "minMainLinePt": 0.6074240719910011,
        "suggestedWidthFor7Pt": 147,
        "suggestedHeightFor7Pt": 135.88235294117646,
        "exampleTargetPt": 7,
        "claim": "Physical-size measurement only; 7 pt is an adjustable starting recommendation, not a universal journal rule."
      }
    },
    {
      "caseId": "mlp-level1-monochrome-180",
      "variantId": "mlp-level1-monochrome-180",
      "state": "baseline",
      "fixture": "mlp",
      "fileConsistency": "verified",
      "visualReview": "pending-human-review",
      "documentBinding": {
        "documentId": "canvas-architecture-model.MLP-3654a3534b85-ab8e9edc",
        "revision": 17,
        "sourceDigest": "3654a3534b85af66c27e0a5ae154ac8cbe461bfe80d2786efb413e54a7365f17",
        "irDigest": "ab8e9edcf92df51583e5de7682b85072c483831855408f6509b0a4ddf304b72f"
      },
      "pageSpec": {
        "widthMm": 180,
        "preset": "monochrome"
      },
      "expandedIds": [
        "call:instance:model.MLP",
        "call:instance:model.MLP.network"
      ],
      "changedVisualFields": [],
      "canvasCanonicalDigest": "b1980d4a1d6ed34e2d95cd0df7466839b5126bacdead9821a7d5729f5065a8cb",
      "browserSceneDigest": "b51cba227c85efe49f059792ba7d103e34fc07c8a536120e05e021057ab5316e",
      "files": {
        "canvas": {
          "path": "captures/mlp-level1-monochrome-180/canvas.json",
          "sha256": "53c49795ddaf7b53457cecc5b9d1e04e7a17986d20638108f222257e64ef0adc",
          "bytes": 11506
        },
        "svg": {
          "path": "captures/mlp-level1-monochrome-180/figure.svg",
          "sha256": "b04aa81b779ea879524d2c59e77ba92d7382832b6541900965b898a39a1ed224",
          "bytes": 18942
        },
        "exportReceipt": {
          "path": "captures/mlp-level1-monochrome-180/export-receipt.json",
          "sha256": "b6906e26ba25a4b653676188d2942c16e72541eea3ec72055fd4cc2700458222",
          "bytes": 2295
        },
        "screenshot": {
          "path": "captures/mlp-level1-monochrome-180/screenshot.jpg",
          "sha256": "b1692b2041e0ed28479a294cae50f4eeb8e8fe7f41e74931fe9245cdef1de0a6",
          "bytes": 57858
        },
        "browserScene": {
          "path": "captures/mlp-level1-monochrome-180/browser-scene.svg",
          "sha256": "13e3018b32a2bb1b427d488da4fb32f1214b4990e609aac8e1c1ca38e84c349d",
          "bytes": 20935
        },
        "screenReceipt": {
          "path": "captures/mlp-level1-monochrome-180/screen-receipt.json",
          "sha256": "ab893b9917bab990e7771caa2d1f611875af7b56d78e60ad089bbe166c3346d8",
          "bytes": 6524
        }
      },
      "environment": {
        "userAgent": "Mozilla/5.0 (X11; Linux x86_64) AppleWebKit/537.36 (KHTML, like Gecko) Chrome/154.0.0.0 Safari/537.36",
        "devicePixelRatio": 1,
        "viewport": {
          "height": 720,
          "width": 1280
        },
        "browserVersion": null,
        "hardware": null,
        "fontEvidence": [],
        "provenance": {
          "kind": "historical-same-browser-environment-observation",
          "source": {
            "path": "docs/evidence/input-observation/stress300-final-observer-raw.json",
            "bytes": 864153,
            "sha256": "0a47d0f209ee70eb16c714407c39255d461cab271d2445f7d3f2b034673ee5d4"
          },
          "userAgentJsonPointer": "/environment/userAgent",
          "devicePixelRatioJsonPointer": "/environment/viewport/devicePixelRatio",
          "historicalObserverUrl": "http://127.0.0.1:8773/",
          "historicalObserverLabel": "final-build-stress300-frozen-observer",
          "historicalTimeOriginEpochMs": 1791133659286,
          "historicalTimeOriginUtc": "2026-10-04T17:07:39.286000+00:00",
          "historicalStartedAtPerformanceMs": 153481.10000002384,
          "historicalStoppedAtPerformanceMs": 320478.60000002384,
          "browserAssociation": "Root identifies historical receipt and current CUA as same IAB browser2; not independently native-certified.",
          "currentNavigatorObserved": false,
          "currentNavigatorLimitation": "Root reported CUA navigator read unavailable (TypeError/undefined). UA/DPR values are historical, not read from this case.",
          "currentViewportSource": "This case public-observation.json /viewport",
          "scope": "No current browser-version, hardware, resolved-font or physical-pixel calibration certification."
        }
      },
      "camera": {
        "sceneScreenBounds": {
          "height": 434,
          "width": 274.1295166015625,
          "x": 484.4352416992187,
          "y": 161
        },
        "transform": "matrix(0.460722, 0, 0, 0.460722, 254.435, 46)"
      },
      "physicalPreflight": {
        "widthMm": 180,
        "heightMm": 284.97478991596637,
        "minTextPt": 8.575398663402368,
        "nodeLabelPt": 11.14801826242308,
        "minMainLinePt": 1.2863097995103552,
        "suggestedWidthFor7Pt": 147,
        "suggestedHeightFor7Pt": 232.72941176470587,
        "exampleTargetPt": 7,
        "claim": "Physical-size measurement only; 7 pt is an adjustable starting recommendation, not a universal journal rule."
      }
    },
    {
      "caseId": "mlp-level1-monochrome-85",
      "variantId": "mlp-level1-monochrome-85",
      "state": "baseline",
      "fixture": "mlp",
      "fileConsistency": "verified",
      "visualReview": "pending-human-review",
      "documentBinding": {
        "documentId": "canvas-architecture-model.MLP-3654a3534b85-ab8e9edc",
        "revision": 15,
        "sourceDigest": "3654a3534b85af66c27e0a5ae154ac8cbe461bfe80d2786efb413e54a7365f17",
        "irDigest": "ab8e9edcf92df51583e5de7682b85072c483831855408f6509b0a4ddf304b72f"
      },
      "pageSpec": {
        "widthMm": 85,
        "preset": "monochrome"
      },
      "expandedIds": [
        "call:instance:model.MLP",
        "call:instance:model.MLP.network"
      ],
      "changedVisualFields": [],
      "canvasCanonicalDigest": "5b7ea3a0464843e8c2ae3e75b565f841116d4201c1652a16c27657088456c514",
      "browserSceneDigest": "d73bd2fb3389296f5e97b605e3af09b29fe96e70bc77b5e6a31a8444a0099c08",
      "files": {
        "canvas": {
          "path": "captures/mlp-level1-monochrome-85/canvas.json",
          "sha256": "e0f51e1acf81d5b87c3e14323eb7e1ae29091deca2ea20a219c6d0f10360fcb5",
          "bytes": 11505
        },
        "svg": {
          "path": "captures/mlp-level1-monochrome-85/figure.svg",
          "sha256": "88264b73e11c719b8d9b70ae9afb82a16042516ba308cca9458cf3bafeb7376e",
          "bytes": 18940
        },
        "exportReceipt": {
          "path": "captures/mlp-level1-monochrome-85/export-receipt.json",
          "sha256": "2599ebb30b60c2903b655cd67364f3d229cb72bf42052d10c3eace727f02494f",
          "bytes": 2293
        },
        "screenshot": {
          "path": "captures/mlp-level1-monochrome-85/screenshot.jpg",
          "sha256": "1a15ecb13777e0b7ecf3875f70f52ac77dcc2541ec61d5a380ed6814cca6de80",
          "bytes": 57820
        },
        "browserScene": {
          "path": "captures/mlp-level1-monochrome-85/browser-scene.svg",
          "sha256": "ca674b3497490e98fd3370e11ba9a34c5c67ab27185fcd1ae3d2db03ba7674e5",
          "bytes": 20933
        },
        "screenReceipt": {
          "path": "captures/mlp-level1-monochrome-85/screen-receipt.json",
          "sha256": "da1613b9cdf48943662dd0ee30a131872a1f00e51d667dc101016df5fda6ed2c",
          "bytes": 6520
        }
      },
      "environment": {
        "userAgent": "Mozilla/5.0 (X11; Linux x86_64) AppleWebKit/537.36 (KHTML, like Gecko) Chrome/154.0.0.0 Safari/537.36",
        "devicePixelRatio": 1,
        "viewport": {
          "height": 720,
          "width": 1280
        },
        "browserVersion": null,
        "hardware": null,
        "fontEvidence": [],
        "provenance": {
          "kind": "historical-same-browser-environment-observation",
          "source": {
            "path": "docs/evidence/input-observation/stress300-final-observer-raw.json",
            "bytes": 864153,
            "sha256": "0a47d0f209ee70eb16c714407c39255d461cab271d2445f7d3f2b034673ee5d4"
          },
          "userAgentJsonPointer": "/environment/userAgent",
          "devicePixelRatioJsonPointer": "/environment/viewport/devicePixelRatio",
          "historicalObserverUrl": "http://127.0.0.1:8773/",
          "historicalObserverLabel": "final-build-stress300-frozen-observer",
          "historicalTimeOriginEpochMs": 1791133659286,
          "historicalTimeOriginUtc": "2026-10-04T17:07:39.286000+00:00",
          "historicalStartedAtPerformanceMs": 153481.10000002384,
          "historicalStoppedAtPerformanceMs": 320478.60000002384,
          "browserAssociation": "Root identifies historical receipt and current CUA as same IAB browser2; not independently native-certified.",
          "currentNavigatorObserved": false,
          "currentNavigatorLimitation": "Root reported CUA navigator read unavailable (TypeError/undefined). UA/DPR values are historical, not read from this case.",
          "currentViewportSource": "This case public-observation.json /viewport",
          "scope": "No current browser-version, hardware, resolved-font or physical-pixel calibration certification."
        }
      },
      "camera": {
        "sceneScreenBounds": {
          "height": 434,
          "width": 274.1295166015625,
          "x": 484.4352416992187,
          "y": 161
        },
        "transform": "matrix(0.460722, 0, 0, 0.460722, 254.435, 46)"
      },
      "physicalPreflight": {
        "widthMm": 85,
        "heightMm": 134.57142857142858,
        "minTextPt": 4.04949381327334,
        "nodeLabelPt": 5.2643419572553425,
        "minMainLinePt": 0.6074240719910011,
        "suggestedWidthFor7Pt": 147,
        "suggestedHeightFor7Pt": 232.72941176470587,
        "exampleTargetPt": 7,
        "claim": "Physical-size measurement only; 7 pt is an adjustable starting recommendation, not a universal journal rule."
      }
    },
    {
      "caseId": "mlp-level1-paper-180",
      "variantId": "mlp-level1-paper-180",
      "state": "baseline",
      "fixture": "mlp",
      "fileConsistency": "verified",
      "visualReview": "pending-human-review",
      "documentBinding": {
        "documentId": "canvas-architecture-model.MLP-3654a3534b85-ab8e9edc",
        "revision": 11,
        "sourceDigest": "3654a3534b85af66c27e0a5ae154ac8cbe461bfe80d2786efb413e54a7365f17",
        "irDigest": "ab8e9edcf92df51583e5de7682b85072c483831855408f6509b0a4ddf304b72f"
      },
      "pageSpec": {
        "widthMm": 180,
        "preset": "paper"
      },
      "expandedIds": [
        "call:instance:model.MLP",
        "call:instance:model.MLP.network"
      ],
      "changedVisualFields": [],
      "canvasCanonicalDigest": "b526975a0d0a6932ad7cc9bb4f40853620ae6cb94410095515e2130cfc49d45b",
      "browserSceneDigest": "8db9c41d00eee0734884b5c01fdcc75dc14a818375df7eba3bf0f3ea230573aa",
      "files": {
        "canvas": {
          "path": "captures/mlp-level1-paper-180/canvas.json",
          "sha256": "bd287cfa1137755c6505234b923c4abc62db983ed5847c0cf1f596a2f885359f",
          "bytes": 11501
        },
        "svg": {
          "path": "captures/mlp-level1-paper-180/figure.svg",
          "sha256": "93e9559aa128ee638f02feedbb103a8601b533637bef17dca0a4feaafd6b42d7",
          "bytes": 18942
        },
        "exportReceipt": {
          "path": "captures/mlp-level1-paper-180/export-receipt.json",
          "sha256": "ea9dbcfffdfa680d6756939e166550d728bdcb223df064824ced1d6e61bc6489",
          "bytes": 2295
        },
        "screenshot": {
          "path": "captures/mlp-level1-paper-180/screenshot.jpg",
          "sha256": "7130d88ba665e83095c7a33b3a81b4641cce3f98b609419e8fd7728d83719e2a",
          "bytes": 56921
        },
        "browserScene": {
          "path": "captures/mlp-level1-paper-180/browser-scene.svg",
          "sha256": "be7b0681d32bffbcf05b191462d81c41006aaaeacc522778249902f10c14bd8b",
          "bytes": 20935
        },
        "screenReceipt": {
          "path": "captures/mlp-level1-paper-180/screen-receipt.json",
          "sha256": "8348f0e84855a993b361d138217888990c7e79e62a692d5f3c4a209db64e4187",
          "bytes": 6504
        }
      },
      "environment": {
        "userAgent": "Mozilla/5.0 (X11; Linux x86_64) AppleWebKit/537.36 (KHTML, like Gecko) Chrome/154.0.0.0 Safari/537.36",
        "devicePixelRatio": 1,
        "viewport": {
          "height": 720,
          "width": 1280
        },
        "browserVersion": null,
        "hardware": null,
        "fontEvidence": [],
        "provenance": {
          "kind": "historical-same-browser-environment-observation",
          "source": {
            "path": "docs/evidence/input-observation/stress300-final-observer-raw.json",
            "bytes": 864153,
            "sha256": "0a47d0f209ee70eb16c714407c39255d461cab271d2445f7d3f2b034673ee5d4"
          },
          "userAgentJsonPointer": "/environment/userAgent",
          "devicePixelRatioJsonPointer": "/environment/viewport/devicePixelRatio",
          "historicalObserverUrl": "http://127.0.0.1:8773/",
          "historicalObserverLabel": "final-build-stress300-frozen-observer",
          "historicalTimeOriginEpochMs": 1791133659286,
          "historicalTimeOriginUtc": "2026-10-04T17:07:39.286000+00:00",
          "historicalStartedAtPerformanceMs": 153481.10000002384,
          "historicalStoppedAtPerformanceMs": 320478.60000002384,
          "browserAssociation": "Root identifies historical receipt and current CUA as same IAB browser2; not independently native-certified.",
          "currentNavigatorObserved": false,
          "currentNavigatorLimitation": "Root reported CUA navigator read unavailable (TypeError/undefined). UA/DPR values are historical, not read from this case.",
          "currentViewportSource": "This case public-observation.json /viewport",
          "scope": "No current browser-version, hardware, resolved-font or physical-pixel calibration certification."
        }
      },
      "camera": {
        "sceneScreenBounds": {
          "height": 434,
          "width": 274.1295166015625,
          "x": 484.4352416992187,
          "y": 161
        },
        "transform": "matrix(0.460722, 0, 0, 0.460722, 254.435, 46)"
      },
      "physicalPreflight": {
        "widthMm": 180,
        "heightMm": 284.97478991596637,
        "minTextPt": 8.575398663402368,
        "nodeLabelPt": 11.14801826242308,
        "minMainLinePt": 1.2863097995103552,
        "suggestedWidthFor7Pt": 147,
        "suggestedHeightFor7Pt": 232.72941176470587,
        "exampleTargetPt": 7,
        "claim": "Physical-size measurement only; 7 pt is an adjustable starting recommendation, not a universal journal rule."
      }
    },
    {
      "caseId": "mlp-level1-paper-180-edited",
      "variantId": "mlp-level1-paper-180",
      "state": "edited",
      "fixture": "mlp",
      "fileConsistency": "verified",
      "visualReview": "pending-human-review",
      "documentBinding": {
        "documentId": "canvas-architecture-model.MLP-3654a3534b85-ab8e9edc",
        "revision": 35,
        "sourceDigest": "3654a3534b85af66c27e0a5ae154ac8cbe461bfe80d2786efb413e54a7365f17",
        "irDigest": "ab8e9edcf92df51583e5de7682b85072c483831855408f6509b0a4ddf304b72f"
      },
      "pageSpec": {
        "widthMm": 180,
        "preset": "paper"
      },
      "expandedIds": [
        "call:instance:model.MLP",
        "call:instance:model.MLP.network"
      ],
      "changedVisualFields": [
        "layout"
      ],
      "canvasCanonicalDigest": "3517517c842ab84c8cc14b6de661434ec88c8f5ba8abc4491fb032dc7e7e59fa",
      "browserSceneDigest": "edb4ff1d458a80028db488443b151923cebfd4713c8c3b3206099d0bcecf166e",
      "files": {
        "canvas": {
          "path": "captures/mlp-level1-paper-180-edited/canvas.json",
          "sha256": "d058b5c40d475675d0a4c31a878b2a4939589953150ca0ee69d42221ae5c56b9",
          "bytes": 11501
        },
        "svg": {
          "path": "captures/mlp-level1-paper-180-edited/figure.svg",
          "sha256": "03a5811c4910cda678afbad0d46b44b3664ad0313358c78e55de6140f1686366",
          "bytes": 18942
        },
        "exportReceipt": {
          "path": "captures/mlp-level1-paper-180-edited/export-receipt.json",
          "sha256": "8b9f8ab5cb2dd5070e151258b3d6dda856ba29cb171405ecfdb26215578c2e1a",
          "bytes": 2295
        },
        "screenshot": {
          "path": "captures/mlp-level1-paper-180-edited/screenshot.jpg",
          "sha256": "2b7af5c31a42170d6af5c744d63ac5cb268937e12148f53cfdeb01bf1fd5ad23",
          "bytes": 56651
        },
        "browserScene": {
          "path": "captures/mlp-level1-paper-180-edited/browser-scene.svg",
          "sha256": "15b92e4d04d7e71d723aebcde334e76ac6fae5ddafd55623e39e785c8f6f608c",
          "bytes": 20935
        },
        "screenReceipt": {
          "path": "captures/mlp-level1-paper-180-edited/screen-receipt.json",
          "sha256": "6cdfcad385bdfdc41940fe95bcbad435fc5b6a95f994f343da7a8e12cea52bd4",
          "bytes": 6516
        }
      },
      "environment": {
        "userAgent": "Mozilla/5.0 (X11; Linux x86_64) AppleWebKit/537.36 (KHTML, like Gecko) Chrome/154.0.0.0 Safari/537.36",
        "devicePixelRatio": 1,
        "viewport": {
          "height": 720,
          "width": 1280
        },
        "browserVersion": null,
        "hardware": null,
        "fontEvidence": [],
        "provenance": {
          "kind": "historical-same-browser-environment-observation",
          "source": {
            "path": "docs/evidence/input-observation/stress300-final-observer-raw.json",
            "bytes": 864153,
            "sha256": "0a47d0f209ee70eb16c714407c39255d461cab271d2445f7d3f2b034673ee5d4"
          },
          "userAgentJsonPointer": "/environment/userAgent",
          "devicePixelRatioJsonPointer": "/environment/viewport/devicePixelRatio",
          "historicalObserverUrl": "http://127.0.0.1:8773/",
          "historicalObserverLabel": "final-build-stress300-frozen-observer",
          "historicalTimeOriginEpochMs": 1791133659286,
          "historicalTimeOriginUtc": "2026-10-04T17:07:39.286000+00:00",
          "historicalStartedAtPerformanceMs": 153481.10000002384,
          "historicalStoppedAtPerformanceMs": 320478.60000002384,
          "browserAssociation": "Root identifies historical receipt and current CUA as same IAB browser2; not independently native-certified.",
          "currentNavigatorObserved": false,
          "currentNavigatorLimitation": "Root reported CUA navigator read unavailable (TypeError/undefined). UA/DPR values are historical, not read from this case.",
          "currentViewportSource": "This case public-observation.json /viewport",
          "scope": "No current browser-version, hardware, resolved-font or physical-pixel calibration certification."
        }
      },
      "camera": {
        "sceneScreenBounds": {
          "height": 434,
          "width": 274.1295166015625,
          "x": 484.4352416992187,
          "y": 161
        },
        "transform": "matrix(0.460722, 0, 0, 0.460722, 254.435, 46)"
      },
      "physicalPreflight": {
        "widthMm": 180,
        "heightMm": 284.97478991596637,
        "minTextPt": 8.575398663402368,
        "nodeLabelPt": 11.14801826242308,
        "minMainLinePt": 1.2863097995103552,
        "suggestedWidthFor7Pt": 147,
        "suggestedHeightFor7Pt": 232.72941176470587,
        "exampleTargetPt": 7,
        "claim": "Physical-size measurement only; 7 pt is an adjustable starting recommendation, not a universal journal rule."
      }
    },
    {
      "caseId": "mlp-level1-paper-85",
      "variantId": "mlp-level1-paper-85",
      "state": "baseline",
      "fixture": "mlp",
      "fileConsistency": "verified",
      "visualReview": "pending-human-review",
      "documentBinding": {
        "documentId": "canvas-architecture-model.MLP-3654a3534b85-ab8e9edc",
        "revision": 13,
        "sourceDigest": "3654a3534b85af66c27e0a5ae154ac8cbe461bfe80d2786efb413e54a7365f17",
        "irDigest": "ab8e9edcf92df51583e5de7682b85072c483831855408f6509b0a4ddf304b72f"
      },
      "pageSpec": {
        "widthMm": 85,
        "preset": "paper"
      },
      "expandedIds": [
        "call:instance:model.MLP",
        "call:instance:model.MLP.network"
      ],
      "changedVisualFields": [],
      "canvasCanonicalDigest": "c3f90822ba400fbf4f2877d9673e13bfb6b6b8a9219f223e93db0403732893d8",
      "browserSceneDigest": "3d426e179f43a226eaa9227401106692101ec8a5eb567feb6d37f784d9c267b7",
      "files": {
        "canvas": {
          "path": "captures/mlp-level1-paper-85/canvas.json",
          "sha256": "d44971d643addef7ea5d0d1948fccefc56b1a08d3891369839f581e8dc8a4625",
          "bytes": 11500
        },
        "svg": {
          "path": "captures/mlp-level1-paper-85/figure.svg",
          "sha256": "96da7c12ca2d839c8fa08429e80ec6d2d63f782081ca992de71e4d52682df690",
          "bytes": 18940
        },
        "exportReceipt": {
          "path": "captures/mlp-level1-paper-85/export-receipt.json",
          "sha256": "19ede40d9671ac3a25a6ecb663712ab6b5c96a729669fe322ab19bf52d4babb9",
          "bytes": 2293
        },
        "screenshot": {
          "path": "captures/mlp-level1-paper-85/screenshot.jpg",
          "sha256": "398a12d4de8f81fd3edcb1cad121a4dee047a4b351483aff24c34655f70175d3",
          "bytes": 56854
        },
        "browserScene": {
          "path": "captures/mlp-level1-paper-85/browser-scene.svg",
          "sha256": "00e8530caeb011684d2245fe3c98f2deb83b68afe0877c0c9ff7679c02f07f0f",
          "bytes": 20933
        },
        "screenReceipt": {
          "path": "captures/mlp-level1-paper-85/screen-receipt.json",
          "sha256": "220135994582e5a05de36b08a9e0f52860fa99fb3ab6d70c2036650e8007894b",
          "bytes": 6500
        }
      },
      "environment": {
        "userAgent": "Mozilla/5.0 (X11; Linux x86_64) AppleWebKit/537.36 (KHTML, like Gecko) Chrome/154.0.0.0 Safari/537.36",
        "devicePixelRatio": 1,
        "viewport": {
          "height": 720,
          "width": 1280
        },
        "browserVersion": null,
        "hardware": null,
        "fontEvidence": [],
        "provenance": {
          "kind": "historical-same-browser-environment-observation",
          "source": {
            "path": "docs/evidence/input-observation/stress300-final-observer-raw.json",
            "bytes": 864153,
            "sha256": "0a47d0f209ee70eb16c714407c39255d461cab271d2445f7d3f2b034673ee5d4"
          },
          "userAgentJsonPointer": "/environment/userAgent",
          "devicePixelRatioJsonPointer": "/environment/viewport/devicePixelRatio",
          "historicalObserverUrl": "http://127.0.0.1:8773/",
          "historicalObserverLabel": "final-build-stress300-frozen-observer",
          "historicalTimeOriginEpochMs": 1791133659286,
          "historicalTimeOriginUtc": "2026-10-04T17:07:39.286000+00:00",
          "historicalStartedAtPerformanceMs": 153481.10000002384,
          "historicalStoppedAtPerformanceMs": 320478.60000002384,
          "browserAssociation": "Root identifies historical receipt and current CUA as same IAB browser2; not independently native-certified.",
          "currentNavigatorObserved": false,
          "currentNavigatorLimitation": "Root reported CUA navigator read unavailable (TypeError/undefined). UA/DPR values are historical, not read from this case.",
          "currentViewportSource": "This case public-observation.json /viewport",
          "scope": "No current browser-version, hardware, resolved-font or physical-pixel calibration certification."
        }
      },
      "camera": {
        "sceneScreenBounds": {
          "height": 434,
          "width": 274.1295166015625,
          "x": 484.4352416992187,
          "y": 161
        },
        "transform": "matrix(0.460722, 0, 0, 0.460722, 254.435, 46)"
      },
      "physicalPreflight": {
        "widthMm": 85,
        "heightMm": 134.57142857142858,
        "minTextPt": 4.04949381327334,
        "nodeLabelPt": 5.2643419572553425,
        "minMainLinePt": 0.6074240719910011,
        "suggestedWidthFor7Pt": 147,
        "suggestedHeightFor7Pt": 232.72941176470587,
        "exampleTargetPt": 7,
        "claim": "Physical-size measurement only; 7 pt is an adjustable starting recommendation, not a universal journal rule."
      }
    },
    {
      "caseId": "residual_cnn-level0-monochrome-180",
      "variantId": "residual_cnn-level0-monochrome-180",
      "state": "baseline",
      "fixture": "residual_cnn",
      "fileConsistency": "verified",
      "visualReview": "pending-human-review",
      "documentBinding": {
        "documentId": "canvas-architecture-model.ResidualCNN-321c9de228e6-15e673da",
        "revision": 8,
        "sourceDigest": "321c9de228e64557a14c2f6e53e659daa6c4c88f45594b97632940a730e96624",
        "irDigest": "15e673daa52db933a56ffa707b88f3260e72ea211928da4b533bbed46884c137"
      },
      "pageSpec": {
        "widthMm": 180,
        "preset": "monochrome"
      },
      "expandedIds": [
        "call:instance:model.ResidualCNN"
      ],
      "changedVisualFields": [],
      "canvasCanonicalDigest": "5fc4d2834caca1620c3d2cffa36e0f062eea27c8e5a640c85bcd2dfb28256dd4",
      "browserSceneDigest": "e3fc268d9f7673e31ceebe99130d4eef37e6f5255dcf0931ead376bf2d35da81",
      "files": {
        "canvas": {
          "path": "captures/residual_cnn-level0-monochrome-180/canvas.json",
          "sha256": "7b679ea3c73f00ba69e4714d4a33362a469f6b9b263ca261c31454fb9c238861",
          "bytes": 36002
        },
        "svg": {
          "path": "captures/residual_cnn-level0-monochrome-180/figure.svg",
          "sha256": "ab5234218f9382ac10c21fc02c20b4f512aaac341f9301d937c550d821a9cc25",
          "bytes": 27781
        },
        "exportReceipt": {
          "path": "captures/residual_cnn-level0-monochrome-180/export-receipt.json",
          "sha256": "41924c0dd15af6e85aff6f9f2b6f09d910f968e89a5c157aca5ea81d06dc769d",
          "bytes": 2301
        },
        "screenshot": {
          "path": "captures/residual_cnn-level0-monochrome-180/screenshot.jpg",
          "sha256": "bf3f6390c66dfc1adb1245511c15cdcd6b2854a70bdb5f270de575b266456f16",
          "bytes": 57791
        },
        "browserScene": {
          "path": "captures/residual_cnn-level0-monochrome-180/browser-scene.svg",
          "sha256": "1eff494abd4c7f3ba571f7848355657efc08bc247951fa608c78f2693c964bc0",
          "bytes": 29996
        },
        "screenReceipt": {
          "path": "captures/residual_cnn-level0-monochrome-180/screen-receipt.json",
          "sha256": "fdac2b383a91ff537f016310a3e9121629046ee3dad75a74a1eaff2bd628f089",
          "bytes": 6534
        }
      },
      "environment": {
        "userAgent": "Mozilla/5.0 (X11; Linux x86_64) AppleWebKit/537.36 (KHTML, like Gecko) Chrome/154.0.0.0 Safari/537.36",
        "devicePixelRatio": 1,
        "viewport": {
          "height": 720,
          "width": 1280
        },
        "browserVersion": null,
        "hardware": null,
        "fontEvidence": [],
        "provenance": {
          "kind": "historical-same-browser-environment-observation",
          "source": {
            "path": "docs/evidence/input-observation/stress300-final-observer-raw.json",
            "bytes": 864153,
            "sha256": "0a47d0f209ee70eb16c714407c39255d461cab271d2445f7d3f2b034673ee5d4"
          },
          "userAgentJsonPointer": "/environment/userAgent",
          "devicePixelRatioJsonPointer": "/environment/viewport/devicePixelRatio",
          "historicalObserverUrl": "http://127.0.0.1:8773/",
          "historicalObserverLabel": "final-build-stress300-frozen-observer",
          "historicalTimeOriginEpochMs": 1791133659286,
          "historicalTimeOriginUtc": "2026-10-04T17:07:39.286000+00:00",
          "historicalStartedAtPerformanceMs": 153481.10000002384,
          "historicalStoppedAtPerformanceMs": 320478.60000002384,
          "browserAssociation": "Root identifies historical receipt and current CUA as same IAB browser2; not independently native-certified.",
          "currentNavigatorObserved": false,
          "currentNavigatorLimitation": "Root reported CUA navigator read unavailable (TypeError/undefined). UA/DPR values are historical, not read from this case.",
          "currentViewportSource": "This case public-observation.json /viewport",
          "scope": "No current browser-version, hardware, resolved-font or physical-pixel calibration certification."
        }
      },
      "camera": {
        "sceneScreenBounds": {
          "height": 434,
          "width": 271.821044921875,
          "x": 485.5894775390625,
          "y": 161
        },
        "transform": "matrix(0.456842, 0, 0, 0.456842, 255.589, 46)"
      },
      "physicalPreflight": {
        "widthMm": 180,
        "heightMm": 287.39495798319325,
        "minTextPt": 8.575398663402368,
        "nodeLabelPt": 11.14801826242308,
        "minMainLinePt": 1.2863097995103552,
        "suggestedWidthFor7Pt": 147,
        "suggestedHeightFor7Pt": 234.7058823529412,
        "exampleTargetPt": 7,
        "claim": "Physical-size measurement only; 7 pt is an adjustable starting recommendation, not a universal journal rule."
      }
    },
    {
      "caseId": "residual_cnn-level0-monochrome-85",
      "variantId": "residual_cnn-level0-monochrome-85",
      "state": "baseline",
      "fixture": "residual_cnn",
      "fileConsistency": "verified",
      "visualReview": "pending-human-review",
      "documentBinding": {
        "documentId": "canvas-architecture-model.ResidualCNN-321c9de228e6-15e673da",
        "revision": 6,
        "sourceDigest": "321c9de228e64557a14c2f6e53e659daa6c4c88f45594b97632940a730e96624",
        "irDigest": "15e673daa52db933a56ffa707b88f3260e72ea211928da4b533bbed46884c137"
      },
      "pageSpec": {
        "widthMm": 85,
        "preset": "monochrome"
      },
      "expandedIds": [
        "call:instance:model.ResidualCNN"
      ],
      "changedVisualFields": [],
      "canvasCanonicalDigest": "794def9a587cc730f5b48f73b634fe2560d3c2fb0e12b06983c90bbf5399f0c7",
      "browserSceneDigest": "132073b1f571e349efa3d9d432957493986afa22f9bc7db876fb055f8cb83daa",
      "files": {
        "canvas": {
          "path": "captures/residual_cnn-level0-monochrome-85/canvas.json",
          "sha256": "6648090212fc6f6f8f409b145dc24a542be829a04a9abf721cfb99995952db10",
          "bytes": 36001
        },
        "svg": {
          "path": "captures/residual_cnn-level0-monochrome-85/figure.svg",
          "sha256": "f16dd39e090109e885a4bf8a6478d2d87f15104fb9a0297ba80ab4d2e74d8f22",
          "bytes": 27779
        },
        "exportReceipt": {
          "path": "captures/residual_cnn-level0-monochrome-85/export-receipt.json",
          "sha256": "52440cdb94b935db81664876c5290d8d9c64322db24555ebf3c689b1d79d3dfd",
          "bytes": 2299
        },
        "screenshot": {
          "path": "captures/residual_cnn-level0-monochrome-85/screenshot.jpg",
          "sha256": "bde640edbc470de112c2fcb6c74d34e91473d85c9f79630da6dfced40cabe882",
          "bytes": 57763
        },
        "browserScene": {
          "path": "captures/residual_cnn-level0-monochrome-85/browser-scene.svg",
          "sha256": "402d94c94e49741d8458f56aea70ed2b6051ce2a1f32ef3c6a3f011277ac5a2c",
          "bytes": 29994
        },
        "screenReceipt": {
          "path": "captures/residual_cnn-level0-monochrome-85/screen-receipt.json",
          "sha256": "1ea4ea68365ccce6a98ff559d300828a401bd5d018174c737f14c6ceda585609",
          "bytes": 6530
        }
      },
      "environment": {
        "userAgent": "Mozilla/5.0 (X11; Linux x86_64) AppleWebKit/537.36 (KHTML, like Gecko) Chrome/154.0.0.0 Safari/537.36",
        "devicePixelRatio": 1,
        "viewport": {
          "height": 720,
          "width": 1280
        },
        "browserVersion": null,
        "hardware": null,
        "fontEvidence": [],
        "provenance": {
          "kind": "historical-same-browser-environment-observation",
          "source": {
            "path": "docs/evidence/input-observation/stress300-final-observer-raw.json",
            "bytes": 864153,
            "sha256": "0a47d0f209ee70eb16c714407c39255d461cab271d2445f7d3f2b034673ee5d4"
          },
          "userAgentJsonPointer": "/environment/userAgent",
          "devicePixelRatioJsonPointer": "/environment/viewport/devicePixelRatio",
          "historicalObserverUrl": "http://127.0.0.1:8773/",
          "historicalObserverLabel": "final-build-stress300-frozen-observer",
          "historicalTimeOriginEpochMs": 1791133659286,
          "historicalTimeOriginUtc": "2026-10-04T17:07:39.286000+00:00",
          "historicalStartedAtPerformanceMs": 153481.10000002384,
          "historicalStoppedAtPerformanceMs": 320478.60000002384,
          "browserAssociation": "Root identifies historical receipt and current CUA as same IAB browser2; not independently native-certified.",
          "currentNavigatorObserved": false,
          "currentNavigatorLimitation": "Root reported CUA navigator read unavailable (TypeError/undefined). UA/DPR values are historical, not read from this case.",
          "currentViewportSource": "This case public-observation.json /viewport",
          "scope": "No current browser-version, hardware, resolved-font or physical-pixel calibration certification."
        }
      },
      "camera": {
        "sceneScreenBounds": {
          "height": 434,
          "width": 271.821044921875,
          "x": 485.5894775390625,
          "y": 161
        },
        "transform": "matrix(0.456842, 0, 0, 0.456842, 255.589, 46)"
      },
      "physicalPreflight": {
        "widthMm": 85,
        "heightMm": 135.71428571428572,
        "minTextPt": 4.04949381327334,
        "nodeLabelPt": 5.2643419572553425,
        "minMainLinePt": 0.6074240719910011,
        "suggestedWidthFor7Pt": 147,
        "suggestedHeightFor7Pt": 234.7058823529412,
        "exampleTargetPt": 7,
        "claim": "Physical-size measurement only; 7 pt is an adjustable starting recommendation, not a universal journal rule."
      }
    },
    {
      "caseId": "residual_cnn-level0-paper-180",
      "variantId": "residual_cnn-level0-paper-180",
      "state": "baseline",
      "fixture": "residual_cnn",
      "fileConsistency": "verified",
      "visualReview": "pending-human-review",
      "documentBinding": {
        "documentId": "canvas-architecture-model.ResidualCNN-321c9de228e6-15e673da",
        "revision": 2,
        "sourceDigest": "321c9de228e64557a14c2f6e53e659daa6c4c88f45594b97632940a730e96624",
        "irDigest": "15e673daa52db933a56ffa707b88f3260e72ea211928da4b533bbed46884c137"
      },
      "pageSpec": {
        "widthMm": 180,
        "preset": "paper"
      },
      "expandedIds": [
        "call:instance:model.ResidualCNN"
      ],
      "changedVisualFields": [],
      "canvasCanonicalDigest": "832eb6f19587c6f53c937932a1a0d1aef946f5276add3faa0b420a547a578c8e",
      "browserSceneDigest": "3919101e5720c8c4ed7ec51ff0c4a4fccd3c24de71b0c0ec40e36898bd2e5fbd",
      "files": {
        "canvas": {
          "path": "captures/residual_cnn-level0-paper-180/canvas.json",
          "sha256": "104089434da89344277b71de96472990ecc87b18dfac1eb41a69f8ad6a594a56",
          "bytes": 35997
        },
        "svg": {
          "path": "captures/residual_cnn-level0-paper-180/figure.svg",
          "sha256": "8bdfb106ccb114c93cfff7d28f3208a26334c8526194542c468976a65846c624",
          "bytes": 27974
        },
        "exportReceipt": {
          "path": "captures/residual_cnn-level0-paper-180/export-receipt.json",
          "sha256": "a9d4dca1828ba725f0a2bd591451bf2d4fe169f34fba595ec49c2073ecd065fb",
          "bytes": 2301
        },
        "screenshot": {
          "path": "captures/residual_cnn-level0-paper-180/screenshot.jpg",
          "sha256": "1d2efbe2601458e4919696cb1b03d2ba61390ea5ae0f3af23a9340c55f9e4d7b",
          "bytes": 57059
        },
        "browserScene": {
          "path": "captures/residual_cnn-level0-paper-180/browser-scene.svg",
          "sha256": "ec33f9cce4d0852472ec7d5b6623d788cc8f4c4ca464a40f54718196ac2ffffc",
          "bytes": 30194
        },
        "screenReceipt": {
          "path": "captures/residual_cnn-level0-paper-180/screen-receipt.json",
          "sha256": "4d746c09af774410ae6d7069172384dc43893e23e099dc9b67906e6f351d628f",
          "bytes": 6514
        }
      },
      "environment": {
        "userAgent": "Mozilla/5.0 (X11; Linux x86_64) AppleWebKit/537.36 (KHTML, like Gecko) Chrome/154.0.0.0 Safari/537.36",
        "devicePixelRatio": 1,
        "viewport": {
          "height": 720,
          "width": 1280
        },
        "browserVersion": null,
        "hardware": null,
        "fontEvidence": [],
        "provenance": {
          "kind": "historical-same-browser-environment-observation",
          "source": {
            "path": "docs/evidence/input-observation/stress300-final-observer-raw.json",
            "bytes": 864153,
            "sha256": "0a47d0f209ee70eb16c714407c39255d461cab271d2445f7d3f2b034673ee5d4"
          },
          "userAgentJsonPointer": "/environment/userAgent",
          "devicePixelRatioJsonPointer": "/environment/viewport/devicePixelRatio",
          "historicalObserverUrl": "http://127.0.0.1:8773/",
          "historicalObserverLabel": "final-build-stress300-frozen-observer",
          "historicalTimeOriginEpochMs": 1791133659286,
          "historicalTimeOriginUtc": "2026-10-04T17:07:39.286000+00:00",
          "historicalStartedAtPerformanceMs": 153481.10000002384,
          "historicalStoppedAtPerformanceMs": 320478.60000002384,
          "browserAssociation": "Root identifies historical receipt and current CUA as same IAB browser2; not independently native-certified.",
          "currentNavigatorObserved": false,
          "currentNavigatorLimitation": "Root reported CUA navigator read unavailable (TypeError/undefined). UA/DPR values are historical, not read from this case.",
          "currentViewportSource": "This case public-observation.json /viewport",
          "scope": "No current browser-version, hardware, resolved-font or physical-pixel calibration certification."
        }
      },
      "camera": {
        "sceneScreenBounds": {
          "height": 434,
          "width": 271.821044921875,
          "x": 485.5894775390625,
          "y": 161
        },
        "transform": "matrix(0.456842, 0, 0, 0.456842, 255.589, 46)"
      },
      "physicalPreflight": {
        "widthMm": 180,
        "heightMm": 287.39495798319325,
        "minTextPt": 8.575398663402368,
        "nodeLabelPt": 11.14801826242308,
        "minMainLinePt": 1.2863097995103552,
        "suggestedWidthFor7Pt": 147,
        "suggestedHeightFor7Pt": 234.7058823529412,
        "exampleTargetPt": 7,
        "claim": "Physical-size measurement only; 7 pt is an adjustable starting recommendation, not a universal journal rule."
      }
    },
    {
      "caseId": "residual_cnn-level0-paper-85",
      "variantId": "residual_cnn-level0-paper-85",
      "state": "baseline",
      "fixture": "residual_cnn",
      "fileConsistency": "verified",
      "visualReview": "pending-human-review",
      "documentBinding": {
        "documentId": "canvas-architecture-model.ResidualCNN-321c9de228e6-15e673da",
        "revision": 4,
        "sourceDigest": "321c9de228e64557a14c2f6e53e659daa6c4c88f45594b97632940a730e96624",
        "irDigest": "15e673daa52db933a56ffa707b88f3260e72ea211928da4b533bbed46884c137"
      },
      "pageSpec": {
        "widthMm": 85,
        "preset": "paper"
      },
      "expandedIds": [
        "call:instance:model.ResidualCNN"
      ],
      "changedVisualFields": [],
      "canvasCanonicalDigest": "2e673da0efa6210e825c476f7759ecf81bb599a98d4ef0c63faa590c32112870",
      "browserSceneDigest": "d37c5c39d2a996a1915a675a10858875dc51f3e401e14ea4a6d56caec24f0099",
      "files": {
        "canvas": {
          "path": "captures/residual_cnn-level0-paper-85/canvas.json",
          "sha256": "114f01dfd3755730ec7f2be76665626db57259f00614e179a1a202818ef2a76b",
          "bytes": 35996
        },
        "svg": {
          "path": "captures/residual_cnn-level0-paper-85/figure.svg",
          "sha256": "a2e6dc61cf4ada25588c6d58e36bb407f823de17d5ae66aea968d1d80236bf1c",
          "bytes": 27972
        },
        "exportReceipt": {
          "path": "captures/residual_cnn-level0-paper-85/export-receipt.json",
          "sha256": "5f650337a8fae59d7147f28e2726556c7a0c969b7d2ef6187b0ef2324b60d37d",
          "bytes": 2299
        },
        "screenshot": {
          "path": "captures/residual_cnn-level0-paper-85/screenshot.jpg",
          "sha256": "7f0477e1dba485536d077cd492114e130146bac16c7d1e2a872625701df2bd37",
          "bytes": 57021
        },
        "browserScene": {
          "path": "captures/residual_cnn-level0-paper-85/browser-scene.svg",
          "sha256": "c2eb03539108aa2c5f62758906adde842d715ce5f53aa17e8157da0a5c407399",
          "bytes": 30192
        },
        "screenReceipt": {
          "path": "captures/residual_cnn-level0-paper-85/screen-receipt.json",
          "sha256": "f86b5ceba4ce9cf96afcaffb5d12578db69d8b8d8ec375e0f3e0a3902c1287d2",
          "bytes": 6510
        }
      },
      "environment": {
        "userAgent": "Mozilla/5.0 (X11; Linux x86_64) AppleWebKit/537.36 (KHTML, like Gecko) Chrome/154.0.0.0 Safari/537.36",
        "devicePixelRatio": 1,
        "viewport": {
          "height": 720,
          "width": 1280
        },
        "browserVersion": null,
        "hardware": null,
        "fontEvidence": [],
        "provenance": {
          "kind": "historical-same-browser-environment-observation",
          "source": {
            "path": "docs/evidence/input-observation/stress300-final-observer-raw.json",
            "bytes": 864153,
            "sha256": "0a47d0f209ee70eb16c714407c39255d461cab271d2445f7d3f2b034673ee5d4"
          },
          "userAgentJsonPointer": "/environment/userAgent",
          "devicePixelRatioJsonPointer": "/environment/viewport/devicePixelRatio",
          "historicalObserverUrl": "http://127.0.0.1:8773/",
          "historicalObserverLabel": "final-build-stress300-frozen-observer",
          "historicalTimeOriginEpochMs": 1791133659286,
          "historicalTimeOriginUtc": "2026-10-04T17:07:39.286000+00:00",
          "historicalStartedAtPerformanceMs": 153481.10000002384,
          "historicalStoppedAtPerformanceMs": 320478.60000002384,
          "browserAssociation": "Root identifies historical receipt and current CUA as same IAB browser2; not independently native-certified.",
          "currentNavigatorObserved": false,
          "currentNavigatorLimitation": "Root reported CUA navigator read unavailable (TypeError/undefined). UA/DPR values are historical, not read from this case.",
          "currentViewportSource": "This case public-observation.json /viewport",
          "scope": "No current browser-version, hardware, resolved-font or physical-pixel calibration certification."
        }
      },
      "camera": {
        "sceneScreenBounds": {
          "height": 434,
          "width": 271.821044921875,
          "x": 485.5894775390625,
          "y": 161
        },
        "transform": "matrix(0.456842, 0, 0, 0.456842, 255.589, 46)"
      },
      "physicalPreflight": {
        "widthMm": 85,
        "heightMm": 135.71428571428572,
        "minTextPt": 4.04949381327334,
        "nodeLabelPt": 5.2643419572553425,
        "minMainLinePt": 0.6074240719910011,
        "suggestedWidthFor7Pt": 147,
        "suggestedHeightFor7Pt": 234.7058823529412,
        "exampleTargetPt": 7,
        "claim": "Physical-size measurement only; 7 pt is an adjustable starting recommendation, not a universal journal rule."
      }
    },
    {
      "caseId": "residual_cnn-level1-monochrome-180",
      "variantId": "residual_cnn-level1-monochrome-180",
      "state": "baseline",
      "fixture": "residual_cnn",
      "fileConsistency": "verified",
      "visualReview": "pending-human-review",
      "documentBinding": {
        "documentId": "canvas-architecture-model.ResidualCNN-321c9de228e6-15e673da",
        "revision": 17,
        "sourceDigest": "321c9de228e64557a14c2f6e53e659daa6c4c88f45594b97632940a730e96624",
        "irDigest": "15e673daa52db933a56ffa707b88f3260e72ea211928da4b533bbed46884c137"
      },
      "pageSpec": {
        "widthMm": 180,
        "preset": "monochrome"
      },
      "expandedIds": [
        "call:instance:model.ResidualCNN",
        "repeat:instance:model.ResidualCNN.blocks"
      ],
      "changedVisualFields": [],
      "canvasCanonicalDigest": "0bdff07cbf797be6a3b8b888c07b38358147a2a0eeaae9f06455537bca648c9b",
      "browserSceneDigest": "1f1e4dfdc816fcec824c2961061dc59033c00d208da5cc6c0317ed11b1fff72e",
      "files": {
        "canvas": {
          "path": "captures/residual_cnn-level1-monochrome-180/canvas.json",
          "sha256": "ece716a6c1edfb6efcc6d2dda50b19451ab4c4313b230a6fb9ecaa3157fdffa0",
          "bytes": 36688
        },
        "svg": {
          "path": "captures/residual_cnn-level1-monochrome-180/figure.svg",
          "sha256": "d8ee893e6ae6043aee4b54086c137114025b5f8accfd2cb2293a5cdc2fae03bb",
          "bytes": 32299
        },
        "exportReceipt": {
          "path": "captures/residual_cnn-level1-monochrome-180/export-receipt.json",
          "sha256": "97dbff49a4fccb2f2e2eba3abe7cb9637db01d18056ce5971f91864f5d19580e",
          "bytes": 2303
        },
        "screenshot": {
          "path": "captures/residual_cnn-level1-monochrome-180/screenshot.jpg",
          "sha256": "bbbf3bd2d30ee9a9bcb4c456ad691aed48828e3fd80f6de2944e7fcf4e5628b6",
          "bytes": 59151
        },
        "browserScene": {
          "path": "captures/residual_cnn-level1-monochrome-180/browser-scene.svg",
          "sha256": "48e7f10605a3e72a8751ff011bdd86b439672830b27d977f25058aa72108fbb6",
          "bytes": 35543
        },
        "screenReceipt": {
          "path": "captures/residual_cnn-level1-monochrome-180/screen-receipt.json",
          "sha256": "dece1a73aa639ea8516244713b9b248ec9e523604a12695bca8411684faaf754",
          "bytes": 6582
        }
      },
      "environment": {
        "userAgent": "Mozilla/5.0 (X11; Linux x86_64) AppleWebKit/537.36 (KHTML, like Gecko) Chrome/154.0.0.0 Safari/537.36",
        "devicePixelRatio": 1,
        "viewport": {
          "height": 720,
          "width": 1280
        },
        "browserVersion": null,
        "hardware": null,
        "fontEvidence": [],
        "provenance": {
          "kind": "historical-same-browser-environment-observation",
          "source": {
            "path": "docs/evidence/input-observation/stress300-final-observer-raw.json",
            "bytes": 864153,
            "sha256": "0a47d0f209ee70eb16c714407c39255d461cab271d2445f7d3f2b034673ee5d4"
          },
          "userAgentJsonPointer": "/environment/userAgent",
          "devicePixelRatioJsonPointer": "/environment/viewport/devicePixelRatio",
          "historicalObserverUrl": "http://127.0.0.1:8773/",
          "historicalObserverLabel": "final-build-stress300-frozen-observer",
          "historicalTimeOriginEpochMs": 1791133659286,
          "historicalTimeOriginUtc": "2026-10-04T17:07:39.286000+00:00",
          "historicalStartedAtPerformanceMs": 153481.10000002384,
          "historicalStoppedAtPerformanceMs": 320478.60000002384,
          "browserAssociation": "Root identifies historical receipt and current CUA as same IAB browser2; not independently native-certified.",
          "currentNavigatorObserved": false,
          "currentNavigatorLimitation": "Root reported CUA navigator read unavailable (TypeError/undefined). UA/DPR values are historical, not read from this case.",
          "currentViewportSource": "This case public-observation.json /viewport",
          "scope": "No current browser-version, hardware, resolved-font or physical-pixel calibration certification."
        }
      },
      "camera": {
        "sceneScreenBounds": {
          "height": 434,
          "width": 226.120849609375,
          "x": 508.4395751953125,
          "y": 161
        },
        "transform": "matrix(0.380035, 0, 0, 0.380035, 278.44, 46)"
      },
      "physicalPreflight": {
        "widthMm": 180,
        "heightMm": 345.47899159663865,
        "minTextPt": 8.575398663402368,
        "nodeLabelPt": 11.14801826242308,
        "minMainLinePt": 1.2863097995103552,
        "suggestedWidthFor7Pt": 147,
        "suggestedHeightFor7Pt": 282.1411764705882,
        "exampleTargetPt": 7,
        "claim": "Physical-size measurement only; 7 pt is an adjustable starting recommendation, not a universal journal rule."
      }
    },
    {
      "caseId": "residual_cnn-level1-monochrome-85",
      "variantId": "residual_cnn-level1-monochrome-85",
      "state": "baseline",
      "fixture": "residual_cnn",
      "fileConsistency": "verified",
      "visualReview": "pending-human-review",
      "documentBinding": {
        "documentId": "canvas-architecture-model.ResidualCNN-321c9de228e6-15e673da",
        "revision": 15,
        "sourceDigest": "321c9de228e64557a14c2f6e53e659daa6c4c88f45594b97632940a730e96624",
        "irDigest": "15e673daa52db933a56ffa707b88f3260e72ea211928da4b533bbed46884c137"
      },
      "pageSpec": {
        "widthMm": 85,
        "preset": "monochrome"
      },
      "expandedIds": [
        "call:instance:model.ResidualCNN",
        "repeat:instance:model.ResidualCNN.blocks"
      ],
      "changedVisualFields": [],
      "canvasCanonicalDigest": "fcddb475c08c8aca09801c2033e7fad7420bd7a0d2563ddad1033240a317905e",
      "browserSceneDigest": "5c67b5695bee15897b1f68099fa6434c4adc81f8dd1089dd263adec7672d4638",
      "files": {
        "canvas": {
          "path": "captures/residual_cnn-level1-monochrome-85/canvas.json",
          "sha256": "54d8ad865ce6a57709d68fd644ed437ca1c859d9e725db171958bd2174fc5f50",
          "bytes": 36687
        },
        "svg": {
          "path": "captures/residual_cnn-level1-monochrome-85/figure.svg",
          "sha256": "028a5bb88caac69a896bc6018b2fa84dc03ac32b382245dbfbd8e7a273fdb8f9",
          "bytes": 32297
        },
        "exportReceipt": {
          "path": "captures/residual_cnn-level1-monochrome-85/export-receipt.json",
          "sha256": "eb54f28de9e7b1ab70aa9b967045cdc15fff87216c0c2b6b5cde9fa9d8cdb930",
          "bytes": 2301
        },
        "screenshot": {
          "path": "captures/residual_cnn-level1-monochrome-85/screenshot.jpg",
          "sha256": "21add3defd318d582d6a10110f38c584bee54f044f13a9a08ffc7e90c0083fa6",
          "bytes": 59096
        },
        "browserScene": {
          "path": "captures/residual_cnn-level1-monochrome-85/browser-scene.svg",
          "sha256": "f371039041459def191dc54cb5c0d4d8f5c1d6da24548fad100faa2f0395c146",
          "bytes": 35541
        },
        "screenReceipt": {
          "path": "captures/residual_cnn-level1-monochrome-85/screen-receipt.json",
          "sha256": "8da04e930a10d19135cdaa8575da3f326a17f85397b2e7cebf5293e39e8eb7c6",
          "bytes": 6578
        }
      },
      "environment": {
        "userAgent": "Mozilla/5.0 (X11; Linux x86_64) AppleWebKit/537.36 (KHTML, like Gecko) Chrome/154.0.0.0 Safari/537.36",
        "devicePixelRatio": 1,
        "viewport": {
          "height": 720,
          "width": 1280
        },
        "browserVersion": null,
        "hardware": null,
        "fontEvidence": [],
        "provenance": {
          "kind": "historical-same-browser-environment-observation",
          "source": {
            "path": "docs/evidence/input-observation/stress300-final-observer-raw.json",
            "bytes": 864153,
            "sha256": "0a47d0f209ee70eb16c714407c39255d461cab271d2445f7d3f2b034673ee5d4"
          },
          "userAgentJsonPointer": "/environment/userAgent",
          "devicePixelRatioJsonPointer": "/environment/viewport/devicePixelRatio",
          "historicalObserverUrl": "http://127.0.0.1:8773/",
          "historicalObserverLabel": "final-build-stress300-frozen-observer",
          "historicalTimeOriginEpochMs": 1791133659286,
          "historicalTimeOriginUtc": "2026-10-04T17:07:39.286000+00:00",
          "historicalStartedAtPerformanceMs": 153481.10000002384,
          "historicalStoppedAtPerformanceMs": 320478.60000002384,
          "browserAssociation": "Root identifies historical receipt and current CUA as same IAB browser2; not independently native-certified.",
          "currentNavigatorObserved": false,
          "currentNavigatorLimitation": "Root reported CUA navigator read unavailable (TypeError/undefined). UA/DPR values are historical, not read from this case.",
          "currentViewportSource": "This case public-observation.json /viewport",
          "scope": "No current browser-version, hardware, resolved-font or physical-pixel calibration certification."
        }
      },
      "camera": {
        "sceneScreenBounds": {
          "height": 434,
          "width": 226.120849609375,
          "x": 508.4395751953125,
          "y": 161
        },
        "transform": "matrix(0.380035, 0, 0, 0.380035, 278.44, 46)"
      },
      "physicalPreflight": {
        "widthMm": 85,
        "heightMm": 163.14285714285714,
        "minTextPt": 4.04949381327334,
        "nodeLabelPt": 5.2643419572553425,
        "minMainLinePt": 0.6074240719910011,
        "suggestedWidthFor7Pt": 147,
        "suggestedHeightFor7Pt": 282.1411764705882,
        "exampleTargetPt": 7,
        "claim": "Physical-size measurement only; 7 pt is an adjustable starting recommendation, not a universal journal rule."
      }
    },
    {
      "caseId": "residual_cnn-level1-paper-180",
      "variantId": "residual_cnn-level1-paper-180",
      "state": "baseline",
      "fixture": "residual_cnn",
      "fileConsistency": "verified",
      "visualReview": "pending-human-review",
      "documentBinding": {
        "documentId": "canvas-architecture-model.ResidualCNN-321c9de228e6-15e673da",
        "revision": 11,
        "sourceDigest": "321c9de228e64557a14c2f6e53e659daa6c4c88f45594b97632940a730e96624",
        "irDigest": "15e673daa52db933a56ffa707b88f3260e72ea211928da4b533bbed46884c137"
      },
      "pageSpec": {
        "widthMm": 180,
        "preset": "paper"
      },
      "expandedIds": [
        "call:instance:model.ResidualCNN",
        "repeat:instance:model.ResidualCNN.blocks"
      ],
      "changedVisualFields": [],
      "canvasCanonicalDigest": "c7f8df6615439228a4c72174b8aa7931455516a5a30e3ba5ac0a4e44b1bdcb53",
      "browserSceneDigest": "5ec63f25cec22e65062b9cd00108b87bc7e88a0e1bd67facc30ff6c6b46c3db1",
      "files": {
        "canvas": {
          "path": "captures/residual_cnn-level1-paper-180/canvas.json",
          "sha256": "eeed7f691dba7c840c312d14f03c00c8319e548fbe23c55e60c9e6f346f6182d",
          "bytes": 36683
        },
        "svg": {
          "path": "captures/residual_cnn-level1-paper-180/figure.svg",
          "sha256": "9057844ad2d315969976999adcb9e309b060391a25429a025e7dea503534eeeb",
          "bytes": 32492
        },
        "exportReceipt": {
          "path": "captures/residual_cnn-level1-paper-180/export-receipt.json",
          "sha256": "a51bb3dc1be1a40cf39acd6341ffaee70e65060c904414564b9c112ac39a1a48",
          "bytes": 2303
        },
        "screenshot": {
          "path": "captures/residual_cnn-level1-paper-180/screenshot.jpg",
          "sha256": "bdab5c84b15ea66780eb0511c4172f02c83e6706d6d8f3784d85cfef6c6e051e",
          "bytes": 58192
        },
        "browserScene": {
          "path": "captures/residual_cnn-level1-paper-180/browser-scene.svg",
          "sha256": "a2c601b85314f38142c09482e293522ffd9c90783cf2d0bd512022a445d382f3",
          "bytes": 35741
        },
        "screenReceipt": {
          "path": "captures/residual_cnn-level1-paper-180/screen-receipt.json",
          "sha256": "78586a3297ceb9e4a085d24d260ae5ab47e43a6081214810d6cd52347e277f19",
          "bytes": 6562
        }
      },
      "environment": {
        "userAgent": "Mozilla/5.0 (X11; Linux x86_64) AppleWebKit/537.36 (KHTML, like Gecko) Chrome/154.0.0.0 Safari/537.36",
        "devicePixelRatio": 1,
        "viewport": {
          "height": 720,
          "width": 1280
        },
        "browserVersion": null,
        "hardware": null,
        "fontEvidence": [],
        "provenance": {
          "kind": "historical-same-browser-environment-observation",
          "source": {
            "path": "docs/evidence/input-observation/stress300-final-observer-raw.json",
            "bytes": 864153,
            "sha256": "0a47d0f209ee70eb16c714407c39255d461cab271d2445f7d3f2b034673ee5d4"
          },
          "userAgentJsonPointer": "/environment/userAgent",
          "devicePixelRatioJsonPointer": "/environment/viewport/devicePixelRatio",
          "historicalObserverUrl": "http://127.0.0.1:8773/",
          "historicalObserverLabel": "final-build-stress300-frozen-observer",
          "historicalTimeOriginEpochMs": 1791133659286,
          "historicalTimeOriginUtc": "2026-10-04T17:07:39.286000+00:00",
          "historicalStartedAtPerformanceMs": 153481.10000002384,
          "historicalStoppedAtPerformanceMs": 320478.60000002384,
          "browserAssociation": "Root identifies historical receipt and current CUA as same IAB browser2; not independently native-certified.",
          "currentNavigatorObserved": false,
          "currentNavigatorLimitation": "Root reported CUA navigator read unavailable (TypeError/undefined). UA/DPR values are historical, not read from this case.",
          "currentViewportSource": "This case public-observation.json /viewport",
          "scope": "No current browser-version, hardware, resolved-font or physical-pixel calibration certification."
        }
      },
      "camera": {
        "sceneScreenBounds": {
          "height": 434,
          "width": 226.120849609375,
          "x": 508.4395751953125,
          "y": 161
        },
        "transform": "matrix(0.380035, 0, 0, 0.380035, 278.44, 46)"
      },
      "physicalPreflight": {
        "widthMm": 180,
        "heightMm": 345.47899159663865,
        "minTextPt": 8.575398663402368,
        "nodeLabelPt": 11.14801826242308,
        "minMainLinePt": 1.2863097995103552,
        "suggestedWidthFor7Pt": 147,
        "suggestedHeightFor7Pt": 282.1411764705882,
        "exampleTargetPt": 7,
        "claim": "Physical-size measurement only; 7 pt is an adjustable starting recommendation, not a universal journal rule."
      }
    },
    {
      "caseId": "residual_cnn-level1-paper-85",
      "variantId": "residual_cnn-level1-paper-85",
      "state": "baseline",
      "fixture": "residual_cnn",
      "fileConsistency": "verified",
      "visualReview": "pending-human-review",
      "documentBinding": {
        "documentId": "canvas-architecture-model.ResidualCNN-321c9de228e6-15e673da",
        "revision": 13,
        "sourceDigest": "321c9de228e64557a14c2f6e53e659daa6c4c88f45594b97632940a730e96624",
        "irDigest": "15e673daa52db933a56ffa707b88f3260e72ea211928da4b533bbed46884c137"
      },
      "pageSpec": {
        "widthMm": 85,
        "preset": "paper"
      },
      "expandedIds": [
        "call:instance:model.ResidualCNN",
        "repeat:instance:model.ResidualCNN.blocks"
      ],
      "changedVisualFields": [],
      "canvasCanonicalDigest": "2da2b8f023d914d26949ab0d591361e19388dc18c2336af2e1fd3ba642f37211",
      "browserSceneDigest": "1901aae106f4ed65526e6bc4835fc76d6b02c7fa2445071b6b714f06c88f403a",
      "files": {
        "canvas": {
          "path": "captures/residual_cnn-level1-paper-85/canvas.json",
          "sha256": "0482add2abdb0873c930c27aa20171a039274c2e2617ed3a1c558c8cac7ec965",
          "bytes": 36682
        },
        "svg": {
          "path": "captures/residual_cnn-level1-paper-85/figure.svg",
          "sha256": "5e00462db6af63849831a420ce5547f49a6b864a3225619fa8b7b539e59c647f",
          "bytes": 32490
        },
        "exportReceipt": {
          "path": "captures/residual_cnn-level1-paper-85/export-receipt.json",
          "sha256": "b4ac215a00e246ac4a1a1729401fcb17f35747c6431a58dcf8aaab7f1cfbfefa",
          "bytes": 2301
        },
        "screenshot": {
          "path": "captures/residual_cnn-level1-paper-85/screenshot.jpg",
          "sha256": "a7864f3b6ec83262d864a4ed0efcc6f6df8523e79e22c112971b7feb3c315811",
          "bytes": 58154
        },
        "browserScene": {
          "path": "captures/residual_cnn-level1-paper-85/browser-scene.svg",
          "sha256": "090fa3d8251ddd3fab0f065986686e410b14c8355dbe513518392362bfbdf1d3",
          "bytes": 35739
        },
        "screenReceipt": {
          "path": "captures/residual_cnn-level1-paper-85/screen-receipt.json",
          "sha256": "b34eb9b2bcdf3552f6df63b7c0e91b5988ef832e8f77ed92f5a319f9a178141b",
          "bytes": 6558
        }
      },
      "environment": {
        "userAgent": "Mozilla/5.0 (X11; Linux x86_64) AppleWebKit/537.36 (KHTML, like Gecko) Chrome/154.0.0.0 Safari/537.36",
        "devicePixelRatio": 1,
        "viewport": {
          "height": 720,
          "width": 1280
        },
        "browserVersion": null,
        "hardware": null,
        "fontEvidence": [],
        "provenance": {
          "kind": "historical-same-browser-environment-observation",
          "source": {
            "path": "docs/evidence/input-observation/stress300-final-observer-raw.json",
            "bytes": 864153,
            "sha256": "0a47d0f209ee70eb16c714407c39255d461cab271d2445f7d3f2b034673ee5d4"
          },
          "userAgentJsonPointer": "/environment/userAgent",
          "devicePixelRatioJsonPointer": "/environment/viewport/devicePixelRatio",
          "historicalObserverUrl": "http://127.0.0.1:8773/",
          "historicalObserverLabel": "final-build-stress300-frozen-observer",
          "historicalTimeOriginEpochMs": 1791133659286,
          "historicalTimeOriginUtc": "2026-10-04T17:07:39.286000+00:00",
          "historicalStartedAtPerformanceMs": 153481.10000002384,
          "historicalStoppedAtPerformanceMs": 320478.60000002384,
          "browserAssociation": "Root identifies historical receipt and current CUA as same IAB browser2; not independently native-certified.",
          "currentNavigatorObserved": false,
          "currentNavigatorLimitation": "Root reported CUA navigator read unavailable (TypeError/undefined). UA/DPR values are historical, not read from this case.",
          "currentViewportSource": "This case public-observation.json /viewport",
          "scope": "No current browser-version, hardware, resolved-font or physical-pixel calibration certification."
        }
      },
      "camera": {
        "sceneScreenBounds": {
          "height": 434,
          "width": 226.120849609375,
          "x": 508.4395751953125,
          "y": 161
        },
        "transform": "matrix(0.380035, 0, 0, 0.380035, 278.44, 46)"
      },
      "physicalPreflight": {
        "widthMm": 85,
        "heightMm": 163.14285714285714,
        "minTextPt": 4.04949381327334,
        "nodeLabelPt": 5.2643419572553425,
        "minMainLinePt": 0.6074240719910011,
        "suggestedWidthFor7Pt": 147,
        "suggestedHeightFor7Pt": 282.1411764705882,
        "exampleTargetPt": 7,
        "claim": "Physical-size measurement only; 7 pt is an adjustable starting recommendation, not a universal journal rule."
      }
    },
    {
      "caseId": "residual_cnn-level2-monochrome-180",
      "variantId": "residual_cnn-level2-monochrome-180",
      "state": "baseline",
      "fixture": "residual_cnn",
      "fileConsistency": "verified",
      "visualReview": "pending-human-review",
      "documentBinding": {
        "documentId": "canvas-architecture-model.ResidualCNN-321c9de228e6-15e673da",
        "revision": 27,
        "sourceDigest": "321c9de228e64557a14c2f6e53e659daa6c4c88f45594b97632940a730e96624",
        "irDigest": "15e673daa52db933a56ffa707b88f3260e72ea211928da4b533bbed46884c137"
      },
      "pageSpec": {
        "widthMm": 180,
        "preset": "monochrome"
      },
      "expandedIds": [
        "call:instance:model.ResidualCNN",
        "repeat:instance:model.ResidualCNN.blocks",
        "call:instance:model.ResidualCNN.blocks.0",
        "call:instance:model.ResidualCNN.blocks.1"
      ],
      "changedVisualFields": [],
      "canvasCanonicalDigest": "ea4d239d5cd875e568a613c7b02e8f0fb0aa2cc835e8035f4c30d2fda717bdcf",
      "browserSceneDigest": "5587bbc04dd967c0093a454b7bbcbfccab2bcf5def1117090553d2f057c7fcf1",
      "files": {
        "canvas": {
          "path": "captures/residual_cnn-level2-monochrome-180/canvas.json",
          "sha256": "5ecceff1d2309ba1d48e133869181203d52c046d5b6e1fed87801b9aab5cd33e",
          "bytes": 39753
        },
        "svg": {
          "path": "captures/residual_cnn-level2-monochrome-180/figure.svg",
          "sha256": "8995031b88f5a6459b8121db4659e8545e31c5e65629a85b4c2b6306a32dae2d",
          "bytes": 63172
        },
        "exportReceipt": {
          "path": "captures/residual_cnn-level2-monochrome-180/export-receipt.json",
          "sha256": "ebda356116c124396f6729d4d6183aa741f1d7d519f3ace10d18f9869b63fa00",
          "bytes": 2300
        },
        "screenshot": {
          "path": "captures/residual_cnn-level2-monochrome-180/screenshot.jpg",
          "sha256": "fe05efc96fb0c71be33b45366894ecaeada23279575cc397babf5951f68baf9d",
          "bytes": 56949
        },
        "browserScene": {
          "path": "captures/residual_cnn-level2-monochrome-180/browser-scene.svg",
          "sha256": "6e5736124089b7beb17f9a39db7b5ac28278bed33ed8ef472f1c189698cb964d",
          "bytes": 69599
        },
        "screenReceipt": {
          "path": "captures/residual_cnn-level2-monochrome-180/screen-receipt.json",
          "sha256": "72086a4f3680b7fade95dd1c69b0a736c0b677597060c061a461006d89497357",
          "bytes": 6679
        }
      },
      "environment": {
        "userAgent": "Mozilla/5.0 (X11; Linux x86_64) AppleWebKit/537.36 (KHTML, like Gecko) Chrome/154.0.0.0 Safari/537.36",
        "devicePixelRatio": 1,
        "viewport": {
          "height": 720,
          "width": 1280
        },
        "browserVersion": null,
        "hardware": null,
        "fontEvidence": [],
        "provenance": {
          "kind": "historical-same-browser-environment-observation",
          "source": {
            "path": "docs/evidence/input-observation/stress300-final-observer-raw.json",
            "bytes": 864153,
            "sha256": "0a47d0f209ee70eb16c714407c39255d461cab271d2445f7d3f2b034673ee5d4"
          },
          "userAgentJsonPointer": "/environment/userAgent",
          "devicePixelRatioJsonPointer": "/environment/viewport/devicePixelRatio",
          "historicalObserverUrl": "http://127.0.0.1:8773/",
          "historicalObserverLabel": "final-build-stress300-frozen-observer",
          "historicalTimeOriginEpochMs": 1791133659286,
          "historicalTimeOriginUtc": "2026-10-04T17:07:39.286000+00:00",
          "historicalStartedAtPerformanceMs": 153481.10000002384,
          "historicalStoppedAtPerformanceMs": 320478.60000002384,
          "browserAssociation": "Root identifies historical receipt and current CUA as same IAB browser2; not independently native-certified.",
          "currentNavigatorObserved": false,
          "currentNavigatorLimitation": "Root reported CUA navigator read unavailable (TypeError/undefined). UA/DPR values are historical, not read from this case.",
          "currentViewportSource": "This case public-observation.json /viewport",
          "scope": "No current browser-version, hardware, resolved-font or physical-pixel calibration certification."
        }
      },
      "camera": {
        "sceneScreenBounds": {
          "height": 434,
          "width": 102.228759765625,
          "x": 570.3856201171875,
          "y": 161
        },
        "transform": "matrix(0.171813, 0, 0, 0.171813, 340.386, 46)"
      },
      "physicalPreflight": {
        "widthMm": 180,
        "heightMm": 764.1680672268908,
        "minTextPt": 8.575398663402368,
        "nodeLabelPt": 11.14801826242308,
        "minMainLinePt": 1.2863097995103552,
        "suggestedWidthFor7Pt": 147,
        "suggestedHeightFor7Pt": 624.0705882352942,
        "exampleTargetPt": 7,
        "claim": "Physical-size measurement only; 7 pt is an adjustable starting recommendation, not a universal journal rule."
      }
    },
    {
      "caseId": "residual_cnn-level2-monochrome-85",
      "variantId": "residual_cnn-level2-monochrome-85",
      "state": "baseline",
      "fixture": "residual_cnn",
      "fileConsistency": "verified",
      "visualReview": "pending-human-review",
      "documentBinding": {
        "documentId": "canvas-architecture-model.ResidualCNN-321c9de228e6-15e673da",
        "revision": 25,
        "sourceDigest": "321c9de228e64557a14c2f6e53e659daa6c4c88f45594b97632940a730e96624",
        "irDigest": "15e673daa52db933a56ffa707b88f3260e72ea211928da4b533bbed46884c137"
      },
      "pageSpec": {
        "widthMm": 85,
        "preset": "monochrome"
      },
      "expandedIds": [
        "call:instance:model.ResidualCNN",
        "repeat:instance:model.ResidualCNN.blocks",
        "call:instance:model.ResidualCNN.blocks.0",
        "call:instance:model.ResidualCNN.blocks.1"
      ],
      "changedVisualFields": [],
      "canvasCanonicalDigest": "2c5e620d910e9641abeaa82c6101fdbb87e1cc077f1d12b878e1ac8912f79a81",
      "browserSceneDigest": "4941b337155ad981190084ee0bd15b8c3e67e78fd26979da0b41bdf3bc6bd5ea",
      "files": {
        "canvas": {
          "path": "captures/residual_cnn-level2-monochrome-85/canvas.json",
          "sha256": "d81930930e17c11108a0c406e89d34d7142b10cb23ca4f45e87764f841262feb",
          "bytes": 39752
        },
        "svg": {
          "path": "captures/residual_cnn-level2-monochrome-85/figure.svg",
          "sha256": "87149157f27ef62f7eccfdb98b017a10b311627ba6ea9dc6a09226068d789a21",
          "bytes": 63171
        },
        "exportReceipt": {
          "path": "captures/residual_cnn-level2-monochrome-85/export-receipt.json",
          "sha256": "49d8b88d19759c64b1c14a4980a44eb30bbc6ad71daddf53fa66053e390cb38e",
          "bytes": 2301
        },
        "screenshot": {
          "path": "captures/residual_cnn-level2-monochrome-85/screenshot.jpg",
          "sha256": "9bb6cc2b0c03f681a70bc4787776c06082ee8b1d9e89a234477508a0e2a50ae0",
          "bytes": 56904
        },
        "browserScene": {
          "path": "captures/residual_cnn-level2-monochrome-85/browser-scene.svg",
          "sha256": "951b4b44d701de54a5f0930161b672bdbd94ed7e502cea98034590034cc18c47",
          "bytes": 69598
        },
        "screenReceipt": {
          "path": "captures/residual_cnn-level2-monochrome-85/screen-receipt.json",
          "sha256": "e33e44b4b6b8eb30aec9097f258c92ad6f822821ef15ee09d7c143d4be67b51c",
          "bytes": 7050
        }
      },
      "environment": {
        "userAgent": "Mozilla/5.0 (X11; Linux x86_64) AppleWebKit/537.36 (KHTML, like Gecko) Chrome/154.0.0.0 Safari/537.36",
        "devicePixelRatio": 1,
        "viewport": {
          "height": 720,
          "width": 1280
        },
        "browserVersion": null,
        "hardware": null,
        "fontEvidence": [],
        "provenance": {
          "kind": "historical-same-browser-environment-observation",
          "source": {
            "path": "docs/evidence/input-observation/stress300-final-observer-raw.json",
            "bytes": 864153,
            "sha256": "0a47d0f209ee70eb16c714407c39255d461cab271d2445f7d3f2b034673ee5d4"
          },
          "userAgentJsonPointer": "/environment/userAgent",
          "devicePixelRatioJsonPointer": "/environment/viewport/devicePixelRatio",
          "historicalObserverUrl": "http://127.0.0.1:8773/",
          "historicalObserverLabel": "final-build-stress300-frozen-observer",
          "historicalTimeOriginEpochMs": 1791133659286,
          "historicalTimeOriginUtc": "2026-10-04T17:07:39.286000+00:00",
          "historicalStartedAtPerformanceMs": 153481.10000002384,
          "historicalStoppedAtPerformanceMs": 320478.60000002384,
          "browserAssociation": "Root identifies historical receipt and current CUA as same IAB browser2; not independently native-certified.",
          "currentNavigatorObserved": false,
          "currentNavigatorLimitation": "Root reported CUA navigator read unavailable (TypeError/undefined). UA/DPR values are historical, not read from this case.",
          "currentViewportSource": "This case public-observation.json /viewport",
          "scope": "No current browser-version, hardware, resolved-font or physical-pixel calibration certification."
        }
      },
      "camera": {
        "sceneScreenBounds": {
          "height": 434,
          "width": 102.228759765625,
          "x": 570.3856201171875,
          "y": 161
        },
        "transform": "matrix(0.171813, 0, 0, 0.171813, 340.386, 46)"
      },
      "physicalPreflight": {
        "widthMm": 85,
        "heightMm": 360.85714285714283,
        "minTextPt": 4.04949381327334,
        "nodeLabelPt": 5.2643419572553425,
        "minMainLinePt": 0.6074240719910011,
        "suggestedWidthFor7Pt": 147,
        "suggestedHeightFor7Pt": 624.0705882352942,
        "exampleTargetPt": 7,
        "claim": "Physical-size measurement only; 7 pt is an adjustable starting recommendation, not a universal journal rule."
      }
    },
    {
      "caseId": "residual_cnn-level2-paper-180",
      "variantId": "residual_cnn-level2-paper-180",
      "state": "baseline",
      "fixture": "residual_cnn",
      "fileConsistency": "verified",
      "visualReview": "pending-human-review",
      "documentBinding": {
        "documentId": "canvas-architecture-model.ResidualCNN-321c9de228e6-15e673da",
        "revision": 21,
        "sourceDigest": "321c9de228e64557a14c2f6e53e659daa6c4c88f45594b97632940a730e96624",
        "irDigest": "15e673daa52db933a56ffa707b88f3260e72ea211928da4b533bbed46884c137"
      },
      "pageSpec": {
        "widthMm": 180,
        "preset": "paper"
      },
      "expandedIds": [
        "call:instance:model.ResidualCNN",
        "repeat:instance:model.ResidualCNN.blocks",
        "call:instance:model.ResidualCNN.blocks.0",
        "call:instance:model.ResidualCNN.blocks.1"
      ],
      "changedVisualFields": [],
      "canvasCanonicalDigest": "a6fcca1967e17329291236a33e9ec5f7b0d94148b9d598e716ca5089f29f5a0c",
      "browserSceneDigest": "b461277b7c96abce766c6dbf7cab9ef2a07736a36a9dd9ebbeb0022d682e4f3c",
      "files": {
        "canvas": {
          "path": "captures/residual_cnn-level2-paper-180/canvas.json",
          "sha256": "78dc50239541e05af5e1c87d771d4d2e04e73ab5af4d8f2182411f1a3a351573",
          "bytes": 39748
        },
        "svg": {
          "path": "captures/residual_cnn-level2-paper-180/figure.svg",
          "sha256": "649392c63a7702b642d94fb88582f6d3218a79dcab8008ab5259b72b86fffa35",
          "bytes": 63365
        },
        "exportReceipt": {
          "path": "captures/residual_cnn-level2-paper-180/export-receipt.json",
          "sha256": "c99d857d27661dbc907b52a12e5b8b5df0d2c9a2c1bdca83ead4cf3ac810461e",
          "bytes": 2300
        },
        "screenshot": {
          "path": "captures/residual_cnn-level2-paper-180/screenshot.jpg",
          "sha256": "c5da529166a62c28b0223bdc235e404884a45969a62fc5c166546dc7c34869e7",
          "bytes": 56344
        },
        "browserScene": {
          "path": "captures/residual_cnn-level2-paper-180/browser-scene.svg",
          "sha256": "b0ec1f76a438952b5714ce30fed3797ddf3e14a0205c77a31de3dcf679263480",
          "bytes": 69797
        },
        "screenReceipt": {
          "path": "captures/residual_cnn-level2-paper-180/screen-receipt.json",
          "sha256": "ae2aebb1f2eabe7f5a0fd4a8a7db2a6cf992d51be3e3d8c53b69c1a579d7af9d",
          "bytes": 6659
        }
      },
      "environment": {
        "userAgent": "Mozilla/5.0 (X11; Linux x86_64) AppleWebKit/537.36 (KHTML, like Gecko) Chrome/154.0.0.0 Safari/537.36",
        "devicePixelRatio": 1,
        "viewport": {
          "height": 720,
          "width": 1280
        },
        "browserVersion": null,
        "hardware": null,
        "fontEvidence": [],
        "provenance": {
          "kind": "historical-same-browser-environment-observation",
          "source": {
            "path": "docs/evidence/input-observation/stress300-final-observer-raw.json",
            "bytes": 864153,
            "sha256": "0a47d0f209ee70eb16c714407c39255d461cab271d2445f7d3f2b034673ee5d4"
          },
          "userAgentJsonPointer": "/environment/userAgent",
          "devicePixelRatioJsonPointer": "/environment/viewport/devicePixelRatio",
          "historicalObserverUrl": "http://127.0.0.1:8773/",
          "historicalObserverLabel": "final-build-stress300-frozen-observer",
          "historicalTimeOriginEpochMs": 1791133659286,
          "historicalTimeOriginUtc": "2026-10-04T17:07:39.286000+00:00",
          "historicalStartedAtPerformanceMs": 153481.10000002384,
          "historicalStoppedAtPerformanceMs": 320478.60000002384,
          "browserAssociation": "Root identifies historical receipt and current CUA as same IAB browser2; not independently native-certified.",
          "currentNavigatorObserved": false,
          "currentNavigatorLimitation": "Root reported CUA navigator read unavailable (TypeError/undefined). UA/DPR values are historical, not read from this case.",
          "currentViewportSource": "This case public-observation.json /viewport",
          "scope": "No current browser-version, hardware, resolved-font or physical-pixel calibration certification."
        }
      },
      "camera": {
        "sceneScreenBounds": {
          "height": 434,
          "width": 102.228759765625,
          "x": 570.3856201171875,
          "y": 161
        },
        "transform": "matrix(0.171813, 0, 0, 0.171813, 340.386, 46)"
      },
      "physicalPreflight": {
        "widthMm": 180,
        "heightMm": 764.1680672268908,
        "minTextPt": 8.575398663402368,
        "nodeLabelPt": 11.14801826242308,
        "minMainLinePt": 1.2863097995103552,
        "suggestedWidthFor7Pt": 147,
        "suggestedHeightFor7Pt": 624.0705882352942,
        "exampleTargetPt": 7,
        "claim": "Physical-size measurement only; 7 pt is an adjustable starting recommendation, not a universal journal rule."
      }
    },
    {
      "caseId": "residual_cnn-level2-paper-180-edited",
      "variantId": "residual_cnn-level2-paper-180",
      "state": "edited",
      "fixture": "residual_cnn",
      "fileConsistency": "verified",
      "visualReview": "pending-human-review",
      "documentBinding": {
        "documentId": "canvas-architecture-model.ResidualCNN-321c9de228e6-15e673da",
        "revision": 45,
        "sourceDigest": "321c9de228e64557a14c2f6e53e659daa6c4c88f45594b97632940a730e96624",
        "irDigest": "15e673daa52db933a56ffa707b88f3260e72ea211928da4b533bbed46884c137"
      },
      "pageSpec": {
        "widthMm": 180,
        "preset": "paper"
      },
      "expandedIds": [
        "call:instance:model.ResidualCNN",
        "repeat:instance:model.ResidualCNN.blocks",
        "call:instance:model.ResidualCNN.blocks.0",
        "call:instance:model.ResidualCNN.blocks.1"
      ],
      "changedVisualFields": [
        "layout"
      ],
      "canvasCanonicalDigest": "209acff08f70312785f105de0594309256ec7c93fde806ecf15f6ba289cf0c1e",
      "browserSceneDigest": "f38da21a0b1c9fa6d7f620eada25e22cc0ba2d52365c9dfe6b7b363be1a002a5",
      "files": {
        "canvas": {
          "path": "captures/residual_cnn-level2-paper-180-edited/canvas.json",
          "sha256": "96996e400addfacb81bd53e331455775e4912fb0e81791f9f70b585cf06ff378",
          "bytes": 39748
        },
        "svg": {
          "path": "captures/residual_cnn-level2-paper-180-edited/figure.svg",
          "sha256": "78d043a8e54c9dc860bc67520df8c99092bbab5791c88cac7173722499f69509",
          "bytes": 63365
        },
        "exportReceipt": {
          "path": "captures/residual_cnn-level2-paper-180-edited/export-receipt.json",
          "sha256": "3d938d2a9d20b54ceffe7929694d1a2f5da3f4977fa0a36f2c78644ffc23b91d",
          "bytes": 2300
        },
        "screenshot": {
          "path": "captures/residual_cnn-level2-paper-180-edited/screenshot.jpg",
          "sha256": "0a1652fdd8f2e4c7b5a64f21e33850091185778b8e261d22fe0e2b07ec5f5144",
          "bytes": 55539
        },
        "browserScene": {
          "path": "captures/residual_cnn-level2-paper-180-edited/browser-scene.svg",
          "sha256": "6ecc53d060bc0f50735cf0e1c210f3bb00ab2dd75dfdad96decf301d5de478a8",
          "bytes": 69797
        },
        "screenReceipt": {
          "path": "captures/residual_cnn-level2-paper-180-edited/screen-receipt.json",
          "sha256": "b8e31dd843b6061cef14f6fcd62a57cc97f81ffce44ed18e846dd3c3b51ac693",
          "bytes": 6671
        }
      },
      "environment": {
        "userAgent": "Mozilla/5.0 (X11; Linux x86_64) AppleWebKit/537.36 (KHTML, like Gecko) Chrome/154.0.0.0 Safari/537.36",
        "devicePixelRatio": 1,
        "viewport": {
          "height": 720,
          "width": 1280
        },
        "browserVersion": null,
        "hardware": null,
        "fontEvidence": [],
        "provenance": {
          "kind": "historical-same-browser-environment-observation",
          "source": {
            "path": "docs/evidence/input-observation/stress300-final-observer-raw.json",
            "bytes": 864153,
            "sha256": "0a47d0f209ee70eb16c714407c39255d461cab271d2445f7d3f2b034673ee5d4"
          },
          "userAgentJsonPointer": "/environment/userAgent",
          "devicePixelRatioJsonPointer": "/environment/viewport/devicePixelRatio",
          "historicalObserverUrl": "http://127.0.0.1:8773/",
          "historicalObserverLabel": "final-build-stress300-frozen-observer",
          "historicalTimeOriginEpochMs": 1791133659286,
          "historicalTimeOriginUtc": "2026-10-04T17:07:39.286000+00:00",
          "historicalStartedAtPerformanceMs": 153481.10000002384,
          "historicalStoppedAtPerformanceMs": 320478.60000002384,
          "browserAssociation": "Root identifies historical receipt and current CUA as same IAB browser2; not independently native-certified.",
          "currentNavigatorObserved": false,
          "currentNavigatorLimitation": "Root reported CUA navigator read unavailable (TypeError/undefined). UA/DPR values are historical, not read from this case.",
          "currentViewportSource": "This case public-observation.json /viewport",
          "scope": "No current browser-version, hardware, resolved-font or physical-pixel calibration certification."
        }
      },
      "camera": {
        "sceneScreenBounds": {
          "height": 434,
          "width": 102.228759765625,
          "x": 570.3856201171875,
          "y": 161
        },
        "transform": "matrix(0.171813, 0, 0, 0.171813, 340.386, 46)"
      },
      "physicalPreflight": {
        "widthMm": 180,
        "heightMm": 764.1680672268908,
        "minTextPt": 8.575398663402368,
        "nodeLabelPt": 11.14801826242308,
        "minMainLinePt": 1.2863097995103552,
        "suggestedWidthFor7Pt": 147,
        "suggestedHeightFor7Pt": 624.0705882352942,
        "exampleTargetPt": 7,
        "claim": "Physical-size measurement only; 7 pt is an adjustable starting recommendation, not a universal journal rule."
      }
    },
    {
      "caseId": "residual_cnn-level2-paper-85",
      "variantId": "residual_cnn-level2-paper-85",
      "state": "baseline",
      "fixture": "residual_cnn",
      "fileConsistency": "verified",
      "visualReview": "pending-human-review",
      "documentBinding": {
        "documentId": "canvas-architecture-model.ResidualCNN-321c9de228e6-15e673da",
        "revision": 23,
        "sourceDigest": "321c9de228e64557a14c2f6e53e659daa6c4c88f45594b97632940a730e96624",
        "irDigest": "15e673daa52db933a56ffa707b88f3260e72ea211928da4b533bbed46884c137"
      },
      "pageSpec": {
        "widthMm": 85,
        "preset": "paper"
      },
      "expandedIds": [
        "call:instance:model.ResidualCNN",
        "repeat:instance:model.ResidualCNN.blocks",
        "call:instance:model.ResidualCNN.blocks.0",
        "call:instance:model.ResidualCNN.blocks.1"
      ],
      "changedVisualFields": [],
      "canvasCanonicalDigest": "d87146d4044f59ee753692f57fc822ba88c8b79ee526167a553e53bebb345032",
      "browserSceneDigest": "3e2fbf5c367ec38845a37ff2877db5ab5c6b7f32081df348ec5971db23917d89",
      "files": {
        "canvas": {
          "path": "captures/residual_cnn-level2-paper-85/canvas.json",
          "sha256": "267a4b9dc8209eeeff0da6bd2192caf86efab53366eaf28f7f181d8d11f5673f",
          "bytes": 39747
        },
        "svg": {
          "path": "captures/residual_cnn-level2-paper-85/figure.svg",
          "sha256": "cfdae571def2398e7610c0a8a41c693cdf582ab7f6a07934548bad8be4a419f0",
          "bytes": 63364
        },
        "exportReceipt": {
          "path": "captures/residual_cnn-level2-paper-85/export-receipt.json",
          "sha256": "58f646f26f4b95d4eee77731bba91c670f3c0f8e005f89802e1bceee06098fdf",
          "bytes": 2301
        },
        "screenshot": {
          "path": "captures/residual_cnn-level2-paper-85/screenshot.jpg",
          "sha256": "0efc6c02d956546f2d00d6a12a9b57be2153b7a66ff729f471e240e7127607d4",
          "bytes": 56246
        },
        "browserScene": {
          "path": "captures/residual_cnn-level2-paper-85/browser-scene.svg",
          "sha256": "b702cf97bde3f91c2c8a9421eebf5b5908a22473c1c04e043e3a1def0852c2c1",
          "bytes": 69796
        },
        "screenReceipt": {
          "path": "captures/residual_cnn-level2-paper-85/screen-receipt.json",
          "sha256": "800becba70599835ee0fb59859d9052cacab77274cd2c7e2175d1f5af2f46ac5",
          "bytes": 7030
        }
      },
      "environment": {
        "userAgent": "Mozilla/5.0 (X11; Linux x86_64) AppleWebKit/537.36 (KHTML, like Gecko) Chrome/154.0.0.0 Safari/537.36",
        "devicePixelRatio": 1,
        "viewport": {
          "height": 720,
          "width": 1280
        },
        "browserVersion": null,
        "hardware": null,
        "fontEvidence": [],
        "provenance": {
          "kind": "historical-same-browser-environment-observation",
          "source": {
            "path": "docs/evidence/input-observation/stress300-final-observer-raw.json",
            "bytes": 864153,
            "sha256": "0a47d0f209ee70eb16c714407c39255d461cab271d2445f7d3f2b034673ee5d4"
          },
          "userAgentJsonPointer": "/environment/userAgent",
          "devicePixelRatioJsonPointer": "/environment/viewport/devicePixelRatio",
          "historicalObserverUrl": "http://127.0.0.1:8773/",
          "historicalObserverLabel": "final-build-stress300-frozen-observer",
          "historicalTimeOriginEpochMs": 1791133659286,
          "historicalTimeOriginUtc": "2026-10-04T17:07:39.286000+00:00",
          "historicalStartedAtPerformanceMs": 153481.10000002384,
          "historicalStoppedAtPerformanceMs": 320478.60000002384,
          "browserAssociation": "Root identifies historical receipt and current CUA as same IAB browser2; not independently native-certified.",
          "currentNavigatorObserved": false,
          "currentNavigatorLimitation": "Root reported CUA navigator read unavailable (TypeError/undefined). UA/DPR values are historical, not read from this case.",
          "currentViewportSource": "This case public-observation.json /viewport",
          "scope": "No current browser-version, hardware, resolved-font or physical-pixel calibration certification."
        }
      },
      "camera": {
        "sceneScreenBounds": {
          "height": 434,
          "width": 102.228759765625,
          "x": 570.3856201171875,
          "y": 161
        },
        "transform": "matrix(0.171813, 0, 0, 0.171813, 340.386, 46)"
      },
      "physicalPreflight": {
        "widthMm": 85,
        "heightMm": 360.85714285714283,
        "minTextPt": 4.04949381327334,
        "nodeLabelPt": 5.2643419572553425,
        "minMainLinePt": 0.6074240719910011,
        "suggestedWidthFor7Pt": 147,
        "suggestedHeightFor7Pt": 624.0705882352942,
        "exampleTargetPt": 7,
        "claim": "Physical-size measurement only; 7 pt is an adjustable starting recommendation, not a universal journal rule."
      }
    },
    {
      "caseId": "transformer-level0-monochrome-180",
      "variantId": "transformer-level0-monochrome-180",
      "state": "baseline",
      "fixture": "transformer",
      "fileConsistency": "verified",
      "visualReview": "pending-human-review",
      "documentBinding": {
        "documentId": "canvas-architecture-model.Transformer-01ac6cd61f05-b0bd5bf0",
        "revision": 6,
        "sourceDigest": "01ac6cd61f058e9de5230b0c371527a1fa2b4f73842019e0e5785d5f0deb0916",
        "irDigest": "b0bd5bf01fa364bf415f6aba9707f5d74d9b7bb058534c0dac54fc48fd3729e6"
      },
      "pageSpec": {
        "widthMm": 180,
        "preset": "monochrome"
      },
      "expandedIds": [
        "call:instance:model.Transformer"
      ],
      "changedVisualFields": [],
      "canvasCanonicalDigest": "26b81e2d4b8b8660945a8c10896e89b922ef728a8bcb057e63fbcc445fcbfb2e",
      "browserSceneDigest": "25d2eec8c66a3b9c5af26d693e1736e656f39d751a9fa2876473f3316ba42e5b",
      "files": {
        "canvas": {
          "path": "captures/transformer-level0-monochrome-180/canvas.json",
          "sha256": "951c443d099612df7da1efbbabd934b56f0010b596315dcb050234e0877214a4",
          "bytes": 90535
        },
        "svg": {
          "path": "captures/transformer-level0-monochrome-180/figure.svg",
          "sha256": "ead574d04e17d7b8c2bb5c1d949676bc50c11310e2ae959e808a31e8e37c44a8",
          "bytes": 50803
        },
        "exportReceipt": {
          "path": "captures/transformer-level0-monochrome-180/export-receipt.json",
          "sha256": "6ad8ac6dd650e5b22d9364a9f85b960c9753f7475edb3126f7f881ac7fc7077f",
          "bytes": 2300
        },
        "screenshot": {
          "path": "captures/transformer-level0-monochrome-180/screenshot.jpg",
          "sha256": "e2f2e18b96a5b71ba4fc7d2b41e19ad2598eed34f54d1e97d4bf0f68a431583c",
          "bytes": 70827
        },
        "browserScene": {
          "path": "captures/transformer-level0-monochrome-180/browser-scene.svg",
          "sha256": "10d24b6795545e4bd98fcc861ff0eb78e858ced145aa2be09290a43b3218da2d",
          "bytes": 54320
        },
        "screenReceipt": {
          "path": "captures/transformer-level0-monochrome-180/screen-receipt.json",
          "sha256": "cf54fa9b50a14ecbad6c4a9de01ce79472396c6f8eb6eeed053dac39e0ec9e26",
          "bytes": 6477
        }
      },
      "environment": {
        "userAgent": "Mozilla/5.0 (X11; Linux x86_64) AppleWebKit/537.36 (KHTML, like Gecko) Chrome/154.0.0.0 Safari/537.36",
        "devicePixelRatio": 1,
        "viewport": {
          "height": 720,
          "width": 1280
        },
        "browserVersion": null,
        "hardware": null,
        "fontEvidence": [],
        "provenance": {
          "kind": "historical-same-browser-environment-observation",
          "source": {
            "path": "docs/evidence/input-observation/stress300-final-observer-raw.json",
            "bytes": 864153,
            "sha256": "0a47d0f209ee70eb16c714407c39255d461cab271d2445f7d3f2b034673ee5d4"
          },
          "userAgentJsonPointer": "/environment/userAgent",
          "devicePixelRatioJsonPointer": "/environment/viewport/devicePixelRatio",
          "historicalObserverUrl": "http://127.0.0.1:8773/",
          "historicalObserverLabel": "final-build-stress300-frozen-observer",
          "historicalTimeOriginEpochMs": 1791133659286,
          "historicalTimeOriginUtc": "2026-10-04T17:07:39.286000+00:00",
          "historicalStartedAtPerformanceMs": 153481.10000002384,
          "historicalStoppedAtPerformanceMs": 320478.60000002384,
          "browserAssociation": "Root identifies historical receipt and current CUA as same IAB browser2; not independently native-certified.",
          "currentNavigatorObserved": false,
          "currentNavigatorLimitation": "Root reported CUA navigator read unavailable (TypeError/undefined). UA/DPR values are historical, not read from this case.",
          "currentViewportSource": "This case public-observation.json /viewport",
          "scope": "No current browser-version, hardware, resolved-font or physical-pixel calibration certification."
        }
      },
      "camera": {
        "sceneScreenBounds": {
          "height": 434,
          "width": 374.7692565917969,
          "x": 434.1153869628906,
          "y": 161
        },
        "transform": "matrix(0.538462, 0, 0, 0.538462, 204.115, 46)"
      },
      "physicalPreflight": {
        "widthMm": 180,
        "heightMm": 208.44827586206895,
        "minTextPt": 6.597882161281565,
        "nodeLabelPt": 9.530274232962261,
        "minMainLinePt": 1.099647026880261,
        "suggestedWidthFor7Pt": 191,
        "suggestedHeightFor7Pt": 221.1867816091954,
        "exampleTargetPt": 7,
        "claim": "Physical-size measurement only; 7 pt is an adjustable starting recommendation, not a universal journal rule."
      }
    },
    {
      "caseId": "transformer-level0-monochrome-85",
      "variantId": "transformer-level0-monochrome-85",
      "state": "baseline",
      "fixture": "transformer",
      "fileConsistency": "verified",
      "visualReview": "pending-human-review",
      "documentBinding": {
        "documentId": "canvas-architecture-model.Transformer-01ac6cd61f05-b0bd5bf0",
        "revision": 4,
        "sourceDigest": "01ac6cd61f058e9de5230b0c371527a1fa2b4f73842019e0e5785d5f0deb0916",
        "irDigest": "b0bd5bf01fa364bf415f6aba9707f5d74d9b7bb058534c0dac54fc48fd3729e6"
      },
      "pageSpec": {
        "widthMm": 85,
        "preset": "monochrome"
      },
      "expandedIds": [
        "call:instance:model.Transformer"
      ],
      "changedVisualFields": [],
      "canvasCanonicalDigest": "bf578721cf6d38368e6b2fbd31ccfd16efdc12ebb842c526971a6d1b8360a8d3",
      "browserSceneDigest": "7352e1a37348e0f66c89d0e45ea7bac303c09dc61fcf69cefe99afeb61e74ce6",
      "files": {
        "canvas": {
          "path": "captures/transformer-level0-monochrome-85/canvas.json",
          "sha256": "6f7873aa50f7138d9d3ffff6859d8311189761ceffc99fb1e4b3e97cb1e09123",
          "bytes": 90534
        },
        "svg": {
          "path": "captures/transformer-level0-monochrome-85/figure.svg",
          "sha256": "50b74bad89e3865eaeaf9adb57005b9ae932b281f37d34d66cd8e8a6b5fa5eb4",
          "bytes": 50798
        },
        "exportReceipt": {
          "path": "captures/transformer-level0-monochrome-85/export-receipt.json",
          "sha256": "31a42a9a8144e2c26b1a34345ecdee69c7ddd9bc47ca7273456c41ffa4fc13b6",
          "bytes": 2290
        },
        "screenshot": {
          "path": "captures/transformer-level0-monochrome-85/screenshot.jpg",
          "sha256": "49d0fd13badc8e2c39bec33cfd23df1592f45580918d0ab08a1cce9b7bdff0e6",
          "bytes": 70761
        },
        "browserScene": {
          "path": "captures/transformer-level0-monochrome-85/browser-scene.svg",
          "sha256": "1314c2fe68609ed224e4aeba39e15ea413936f7c03f401da0e3897392cde4107",
          "bytes": 54314
        },
        "screenReceipt": {
          "path": "captures/transformer-level0-monochrome-85/screen-receipt.json",
          "sha256": "3add829b729ab2104299e38808f2b6bd607552929b0bfdafeb60ae31f9cd0526",
          "bytes": 6473
        }
      },
      "environment": {
        "userAgent": "Mozilla/5.0 (X11; Linux x86_64) AppleWebKit/537.36 (KHTML, like Gecko) Chrome/154.0.0.0 Safari/537.36",
        "devicePixelRatio": 1,
        "viewport": {
          "height": 720,
          "width": 1280
        },
        "browserVersion": null,
        "hardware": null,
        "fontEvidence": [],
        "provenance": {
          "kind": "historical-same-browser-environment-observation",
          "source": {
            "path": "docs/evidence/input-observation/stress300-final-observer-raw.json",
            "bytes": 864153,
            "sha256": "0a47d0f209ee70eb16c714407c39255d461cab271d2445f7d3f2b034673ee5d4"
          },
          "userAgentJsonPointer": "/environment/userAgent",
          "devicePixelRatioJsonPointer": "/environment/viewport/devicePixelRatio",
          "historicalObserverUrl": "http://127.0.0.1:8773/",
          "historicalObserverLabel": "final-build-stress300-frozen-observer",
          "historicalTimeOriginEpochMs": 1791133659286,
          "historicalTimeOriginUtc": "2026-10-04T17:07:39.286000+00:00",
          "historicalStartedAtPerformanceMs": 153481.10000002384,
          "historicalStoppedAtPerformanceMs": 320478.60000002384,
          "browserAssociation": "Root identifies historical receipt and current CUA as same IAB browser2; not independently native-certified.",
          "currentNavigatorObserved": false,
          "currentNavigatorLimitation": "Root reported CUA navigator read unavailable (TypeError/undefined). UA/DPR values are historical, not read from this case.",
          "currentViewportSource": "This case public-observation.json /viewport",
          "scope": "No current browser-version, hardware, resolved-font or physical-pixel calibration certification."
        }
      },
      "camera": {
        "sceneScreenBounds": {
          "height": 434,
          "width": 374.7692565917969,
          "x": 434.1153869628906,
          "y": 161
        },
        "transform": "matrix(0.538462, 0, 0, 0.538462, 204.115, 46)"
      },
      "physicalPreflight": {
        "widthMm": 85,
        "heightMm": 98.433908045977,
        "minTextPt": 3.115666576160739,
        "nodeLabelPt": 4.500407276676623,
        "minMainLinePt": 0.5192777626934565,
        "suggestedWidthFor7Pt": 191,
        "suggestedHeightFor7Pt": 221.1867816091954,
        "exampleTargetPt": 7,
        "claim": "Physical-size measurement only; 7 pt is an adjustable starting recommendation, not a universal journal rule."
      }
    },
    {
      "caseId": "transformer-level0-paper-180",
      "variantId": "transformer-level0-paper-180",
      "state": "baseline",
      "fixture": "transformer",
      "fileConsistency": "verified",
      "visualReview": "pending-human-review",
      "documentBinding": {
        "documentId": "canvas-architecture-model.Transformer-01ac6cd61f05-b0bd5bf0",
        "revision": 0,
        "sourceDigest": "01ac6cd61f058e9de5230b0c371527a1fa2b4f73842019e0e5785d5f0deb0916",
        "irDigest": "b0bd5bf01fa364bf415f6aba9707f5d74d9b7bb058534c0dac54fc48fd3729e6"
      },
      "pageSpec": {
        "widthMm": 180,
        "preset": "paper"
      },
      "expandedIds": [
        "call:instance:model.Transformer"
      ],
      "changedVisualFields": [],
      "canvasCanonicalDigest": "97f7f546f6a7329fb83a58c7ba4520ca9a3b1fbe8e87ce4e7b5500de9af034fa",
      "browserSceneDigest": "09e19a932e983d9ec74fb93caaf3f052908b42e6b834ce18dae61cd4a5e9e7ab",
      "files": {
        "canvas": {
          "path": "captures/transformer-level0-paper-180/canvas.json",
          "sha256": "38e2171d8459c736f7b932108e6479af5dbf9d9d0f1bfddc9331e6e2887887cb",
          "bytes": 90530
        },
        "svg": {
          "path": "captures/transformer-level0-paper-180/figure.svg",
          "sha256": "b486218d32f007969a95ba9eb95cd1aa78c7bb252e546bf67b12f823ec405d91",
          "bytes": 51382
        },
        "exportReceipt": {
          "path": "captures/transformer-level0-paper-180/export-receipt.json",
          "sha256": "10cb31ad774007a4a5e94b2ad7468a38745d6820dd4cfb066d669c3c3ac00bf4",
          "bytes": 2300
        },
        "screenshot": {
          "path": "captures/transformer-level0-paper-180/screenshot.jpg",
          "sha256": "7dea804ecfa2dbc0d530ad705745d0da4dd6210f02a38ff21e896db0ff3ddf09",
          "bytes": 69305
        },
        "browserScene": {
          "path": "captures/transformer-level0-paper-180/browser-scene.svg",
          "sha256": "e28f3d6b5b80bf932df8356912e6598c17f0683102f33f2b850d5339adba4421",
          "bytes": 54914
        },
        "screenReceipt": {
          "path": "captures/transformer-level0-paper-180/screen-receipt.json",
          "sha256": "a337fc20ee2810ac05c28b52c38cc59640ebb4db3e439b815e48f6330b470ca0",
          "bytes": 5722
        }
      },
      "environment": {
        "userAgent": "Mozilla/5.0 (X11; Linux x86_64) AppleWebKit/537.36 (KHTML, like Gecko) Chrome/154.0.0.0 Safari/537.36",
        "devicePixelRatio": 1,
        "viewport": {
          "height": 720,
          "width": 1280
        },
        "browserVersion": null,
        "hardware": null,
        "fontEvidence": [],
        "provenance": {
          "kind": "historical-same-browser-environment-observation",
          "source": {
            "path": "docs/evidence/input-observation/stress300-final-observer-raw.json",
            "bytes": 864153,
            "sha256": "0a47d0f209ee70eb16c714407c39255d461cab271d2445f7d3f2b034673ee5d4"
          },
          "userAgentJsonPointer": "/environment/userAgent",
          "devicePixelRatioJsonPointer": "/environment/viewport/devicePixelRatio",
          "historicalObserverUrl": "http://127.0.0.1:8773/",
          "historicalObserverLabel": "final-build-stress300-frozen-observer",
          "historicalTimeOriginEpochMs": 1791133659286,
          "historicalTimeOriginUtc": "2026-10-04T17:07:39.286000+00:00",
          "historicalStartedAtPerformanceMs": 153481.10000002384,
          "historicalStoppedAtPerformanceMs": 320478.60000002384,
          "browserAssociation": "Root identifies historical receipt and current CUA as same IAB browser2; not independently native-certified.",
          "currentNavigatorObserved": false,
          "currentNavigatorLimitation": "Root reported CUA navigator read unavailable (TypeError/undefined). UA/DPR values are historical, not read from this case.",
          "currentViewportSource": "This case public-observation.json /viewport",
          "scope": "No current browser-version, hardware, resolved-font or physical-pixel calibration certification."
        }
      },
      "camera": {
        "sceneScreenBounds": {
          "height": 434,
          "width": 374.7692565917969,
          "x": 434.1153869628906,
          "y": 161
        },
        "transform": "matrix(0.538462, 0, 0, 0.538462, 204.115, 46)"
      },
      "physicalPreflight": {
        "widthMm": 180,
        "heightMm": 208.44827586206895,
        "minTextPt": 6.597882161281565,
        "nodeLabelPt": 9.530274232962261,
        "minMainLinePt": 1.099647026880261,
        "suggestedWidthFor7Pt": 191,
        "suggestedHeightFor7Pt": 221.1867816091954,
        "exampleTargetPt": 7,
        "claim": "Physical-size measurement only; 7 pt is an adjustable starting recommendation, not a universal journal rule."
      }
    },
    {
      "caseId": "transformer-level0-paper-85",
      "variantId": "transformer-level0-paper-85",
      "state": "baseline",
      "fixture": "transformer",
      "fileConsistency": "verified",
      "visualReview": "pending-human-review",
      "documentBinding": {
        "documentId": "canvas-architecture-model.Transformer-01ac6cd61f05-b0bd5bf0",
        "revision": 2,
        "sourceDigest": "01ac6cd61f058e9de5230b0c371527a1fa2b4f73842019e0e5785d5f0deb0916",
        "irDigest": "b0bd5bf01fa364bf415f6aba9707f5d74d9b7bb058534c0dac54fc48fd3729e6"
      },
      "pageSpec": {
        "widthMm": 85,
        "preset": "paper"
      },
      "expandedIds": [
        "call:instance:model.Transformer"
      ],
      "changedVisualFields": [],
      "canvasCanonicalDigest": "4a251ba6e0ddeb62cc03927ea37c4eaecab2bd11266d4b6e5f023aed37568a0d",
      "browserSceneDigest": "8316f4540bdbf000152bd42201356c0b67cdee242093ef2ab370ee4f67084dc4",
      "files": {
        "canvas": {
          "path": "captures/transformer-level0-paper-85/canvas.json",
          "sha256": "22d70900c7fbc9cfbfe118c5529c84e0090a6c8b4fd08f8fbbfbc4d291ac67ad",
          "bytes": 90529
        },
        "svg": {
          "path": "captures/transformer-level0-paper-85/figure.svg",
          "sha256": "b03eebdb88df832400fc882ba65edeadd35644bf2bd12c01876e824d4fd9febf",
          "bytes": 51377
        },
        "exportReceipt": {
          "path": "captures/transformer-level0-paper-85/export-receipt.json",
          "sha256": "5b99941f40682fc846a845f67d85af2f967be3ff4bd1d23f8dc46345d3615469",
          "bytes": 2290
        },
        "screenshot": {
          "path": "captures/transformer-level0-paper-85/screenshot.jpg",
          "sha256": "46f53fbe1daa127961bd892bce05db0eb53688691bd0d5ccad75a0b96b779bcd",
          "bytes": 68559
        },
        "browserScene": {
          "path": "captures/transformer-level0-paper-85/browser-scene.svg",
          "sha256": "406800445b97ddd790de47d0820890e87bc33fc98fa75c57f25bcb71ae42f0bf",
          "bytes": 54908
        },
        "screenReceipt": {
          "path": "captures/transformer-level0-paper-85/screen-receipt.json",
          "sha256": "267c7130b35c1c0ea60d78c797480d29ed74690f2f6d1ab1cb7bb9c242c9a8f2",
          "bytes": 6453
        }
      },
      "environment": {
        "userAgent": "Mozilla/5.0 (X11; Linux x86_64) AppleWebKit/537.36 (KHTML, like Gecko) Chrome/154.0.0.0 Safari/537.36",
        "devicePixelRatio": 1,
        "viewport": {
          "height": 720,
          "width": 1280
        },
        "browserVersion": null,
        "hardware": null,
        "fontEvidence": [],
        "provenance": {
          "kind": "historical-same-browser-environment-observation",
          "source": {
            "path": "docs/evidence/input-observation/stress300-final-observer-raw.json",
            "bytes": 864153,
            "sha256": "0a47d0f209ee70eb16c714407c39255d461cab271d2445f7d3f2b034673ee5d4"
          },
          "userAgentJsonPointer": "/environment/userAgent",
          "devicePixelRatioJsonPointer": "/environment/viewport/devicePixelRatio",
          "historicalObserverUrl": "http://127.0.0.1:8773/",
          "historicalObserverLabel": "final-build-stress300-frozen-observer",
          "historicalTimeOriginEpochMs": 1791133659286,
          "historicalTimeOriginUtc": "2026-10-04T17:07:39.286000+00:00",
          "historicalStartedAtPerformanceMs": 153481.10000002384,
          "historicalStoppedAtPerformanceMs": 320478.60000002384,
          "browserAssociation": "Root identifies historical receipt and current CUA as same IAB browser2; not independently native-certified.",
          "currentNavigatorObserved": false,
          "currentNavigatorLimitation": "Root reported CUA navigator read unavailable (TypeError/undefined). UA/DPR values are historical, not read from this case.",
          "currentViewportSource": "This case public-observation.json /viewport",
          "scope": "No current browser-version, hardware, resolved-font or physical-pixel calibration certification."
        }
      },
      "camera": {
        "sceneScreenBounds": {
          "height": 434,
          "width": 374.7692565917969,
          "x": 434.1153869628906,
          "y": 161
        },
        "transform": "matrix(0.538462, 0, 0, 0.538462, 204.115, 46)"
      },
      "physicalPreflight": {
        "widthMm": 85,
        "heightMm": 98.433908045977,
        "minTextPt": 3.115666576160739,
        "nodeLabelPt": 4.500407276676623,
        "minMainLinePt": 0.5192777626934565,
        "suggestedWidthFor7Pt": 191,
        "suggestedHeightFor7Pt": 221.1867816091954,
        "exampleTargetPt": 7,
        "claim": "Physical-size measurement only; 7 pt is an adjustable starting recommendation, not a universal journal rule."
      }
    },
    {
      "caseId": "transformer-level1-monochrome-180",
      "variantId": "transformer-level1-monochrome-180",
      "state": "baseline",
      "fixture": "transformer",
      "fileConsistency": "verified",
      "visualReview": "pending-human-review",
      "documentBinding": {
        "documentId": "canvas-architecture-model.Transformer-01ac6cd61f05-b0bd5bf0",
        "revision": 16,
        "sourceDigest": "01ac6cd61f058e9de5230b0c371527a1fa2b4f73842019e0e5785d5f0deb0916",
        "irDigest": "b0bd5bf01fa364bf415f6aba9707f5d74d9b7bb058534c0dac54fc48fd3729e6"
      },
      "pageSpec": {
        "widthMm": 180,
        "preset": "monochrome"
      },
      "expandedIds": [
        "call:instance:model.Transformer",
        "repeat:instance:model.Transformer.encoder",
        "call:instance:model.Transformer.decoder"
      ],
      "changedVisualFields": [],
      "canvasCanonicalDigest": "0b30af4402ae0afb45181a5150051ef9ac10ea79b1a8e5a82e51dbe324d126e0",
      "browserSceneDigest": "cd714e51708bf7750be0c854cc3de8a98aa14b42daef9aab8dc3cc1c9011f050",
      "files": {
        "canvas": {
          "path": "captures/transformer-level1-monochrome-180/canvas.json",
          "sha256": "f5cba12404cae573faefeabbc88e36c4620b5c3b69a30a8425666216fd3a3c9c",
          "bytes": 93242
        },
        "svg": {
          "path": "captures/transformer-level1-monochrome-180/figure.svg",
          "sha256": "cd0f98e5b39c33293dfbe91aa1ab4cd925801fbcc83f61b92522fa59669a6b23",
          "bytes": 82826
        },
        "exportReceipt": {
          "path": "captures/transformer-level1-monochrome-180/export-receipt.json",
          "sha256": "1ec5a92cebbcf4c36de9824769d0d1a21d590f7d79d88d8d1a97429fe8578e66",
          "bytes": 2304
        },
        "screenshot": {
          "path": "captures/transformer-level1-monochrome-180/screenshot.jpg",
          "sha256": "d28561296104fb0f46117cd05c0e0b23fa14ba5a0e391e627b61102107ec1424",
          "bytes": 64306
        },
        "browserScene": {
          "path": "captures/transformer-level1-monochrome-180/browser-scene.svg",
          "sha256": "d93c3c2165660bc5fb9921d3c1179164bc824e8c35117fb1a9f2e5de9162e687",
          "bytes": 90649
        },
        "screenReceipt": {
          "path": "captures/transformer-level1-monochrome-180/screen-receipt.json",
          "sha256": "59ef73cdb23c97e8df6ccd38e424e303a9073de58c375891b9e8f0643ccac9c3",
          "bytes": 6398
        }
      },
      "environment": {
        "userAgent": "Mozilla/5.0 (X11; Linux x86_64) AppleWebKit/537.36 (KHTML, like Gecko) Chrome/154.0.0.0 Safari/537.36",
        "devicePixelRatio": 1,
        "viewport": {
          "height": 720,
          "width": 1280
        },
        "browserVersion": null,
        "hardware": null,
        "fontEvidence": [],
        "provenance": {
          "kind": "historical-same-browser-environment-observation",
          "source": {
            "path": "docs/evidence/input-observation/stress300-final-observer-raw.json",
            "bytes": 864153,
            "sha256": "0a47d0f209ee70eb16c714407c39255d461cab271d2445f7d3f2b034673ee5d4"
          },
          "userAgentJsonPointer": "/environment/userAgent",
          "devicePixelRatioJsonPointer": "/environment/viewport/devicePixelRatio",
          "historicalObserverUrl": "http://127.0.0.1:8773/",
          "historicalObserverLabel": "final-build-stress300-frozen-observer",
          "historicalTimeOriginEpochMs": 1791133659286,
          "historicalTimeOriginUtc": "2026-10-04T17:07:39.286000+00:00",
          "historicalStartedAtPerformanceMs": 153481.10000002384,
          "historicalStoppedAtPerformanceMs": 320478.60000002384,
          "browserAssociation": "Root identifies historical receipt and current CUA as same IAB browser2; not independently native-certified.",
          "currentNavigatorObserved": false,
          "currentNavigatorLimitation": "Root reported CUA navigator read unavailable (TypeError/undefined). UA/DPR values are historical, not read from this case.",
          "currentViewportSource": "This case public-observation.json /viewport",
          "scope": "No current browser-version, hardware, resolved-font or physical-pixel calibration certification."
        }
      },
      "camera": {
        "sceneScreenBounds": {
          "height": 434,
          "width": 189.6513671875,
          "x": 526.67431640625,
          "y": 161
        },
        "transform": "matrix(0.255595, 0, 0, 0.255595, 296.674, 46)"
      },
      "physicalPreflight": {
        "widthMm": 180,
        "heightMm": 411.91374663072776,
        "minTextPt": 6.8764989282000135,
        "nodeLabelPt": 8.939448606660017,
        "minMainLinePt": 1.031474839230002,
        "suggestedWidthFor7Pt": 184,
        "suggestedHeightFor7Pt": 421.06738544474393,
        "exampleTargetPt": 7,
        "claim": "Physical-size measurement only; 7 pt is an adjustable starting recommendation, not a universal journal rule."
      }
    },
    {
      "caseId": "transformer-level1-monochrome-85",
      "variantId": "transformer-level1-monochrome-85",
      "state": "baseline",
      "fixture": "transformer",
      "fileConsistency": "verified",
      "visualReview": "pending-human-review",
      "documentBinding": {
        "documentId": "canvas-architecture-model.Transformer-01ac6cd61f05-b0bd5bf0",
        "revision": 14,
        "sourceDigest": "01ac6cd61f058e9de5230b0c371527a1fa2b4f73842019e0e5785d5f0deb0916",
        "irDigest": "b0bd5bf01fa364bf415f6aba9707f5d74d9b7bb058534c0dac54fc48fd3729e6"
      },
      "pageSpec": {
        "widthMm": 85,
        "preset": "monochrome"
      },
      "expandedIds": [
        "call:instance:model.Transformer",
        "repeat:instance:model.Transformer.encoder",
        "call:instance:model.Transformer.decoder"
      ],
      "changedVisualFields": [],
      "canvasCanonicalDigest": "5440060f969f353f6c68de2f4d7e173c66c3fc2fd9b62c03a81bbf3cd1b722ac",
      "browserSceneDigest": "5f533563fad78c410e8afd2c4585d88071a37f24d4e8861aba28e04f92bf7eae",
      "files": {
        "canvas": {
          "path": "captures/transformer-level1-monochrome-85/canvas.json",
          "sha256": "99c5e83f29fb8eea270ad635d20a790e1d7dcccb86cbdbabe25e4a4137f0644f",
          "bytes": 93241
        },
        "svg": {
          "path": "captures/transformer-level1-monochrome-85/figure.svg",
          "sha256": "247541b227d9e9290a7d92eb0768a2a65f525a8a0e2f5aae526e5b36aa397f4c",
          "bytes": 82824
        },
        "exportReceipt": {
          "path": "captures/transformer-level1-monochrome-85/export-receipt.json",
          "sha256": "5648ead1fdfded949ea7b8deb320f91360ab540a4e3f2b56269dc99e2ac1e717",
          "bytes": 2305
        },
        "screenshot": {
          "path": "captures/transformer-level1-monochrome-85/screenshot.jpg",
          "sha256": "4dbe53e37c7ecde0d256c25164b60d6c458463ef3e5cc3d2c49a7f1fa49b49ee",
          "bytes": 64310
        },
        "browserScene": {
          "path": "captures/transformer-level1-monochrome-85/browser-scene.svg",
          "sha256": "de5eadde1a2b98b61e353add5ad27eb4c11aa39365912e2f65a1d593b90c75e2",
          "bytes": 90647
        },
        "screenReceipt": {
          "path": "captures/transformer-level1-monochrome-85/screen-receipt.json",
          "sha256": "2b1362a36a6c3bd42f42fb3e310d69c8de686ec87e8d0caeb4afdac1d1687a82",
          "bytes": 6768
        }
      },
      "environment": {
        "userAgent": "Mozilla/5.0 (X11; Linux x86_64) AppleWebKit/537.36 (KHTML, like Gecko) Chrome/154.0.0.0 Safari/537.36",
        "devicePixelRatio": 1,
        "viewport": {
          "height": 720,
          "width": 1280
        },
        "browserVersion": null,
        "hardware": null,
        "fontEvidence": [],
        "provenance": {
          "kind": "historical-same-browser-environment-observation",
          "source": {
            "path": "docs/evidence/input-observation/stress300-final-observer-raw.json",
            "bytes": 864153,
            "sha256": "0a47d0f209ee70eb16c714407c39255d461cab271d2445f7d3f2b034673ee5d4"
          },
          "userAgentJsonPointer": "/environment/userAgent",
          "devicePixelRatioJsonPointer": "/environment/viewport/devicePixelRatio",
          "historicalObserverUrl": "http://127.0.0.1:8773/",
          "historicalObserverLabel": "final-build-stress300-frozen-observer",
          "historicalTimeOriginEpochMs": 1791133659286,
          "historicalTimeOriginUtc": "2026-10-04T17:07:39.286000+00:00",
          "historicalStartedAtPerformanceMs": 153481.10000002384,
          "historicalStoppedAtPerformanceMs": 320478.60000002384,
          "browserAssociation": "Root identifies historical receipt and current CUA as same IAB browser2; not independently native-certified.",
          "currentNavigatorObserved": false,
          "currentNavigatorLimitation": "Root reported CUA navigator read unavailable (TypeError/undefined). UA/DPR values are historical, not read from this case.",
          "currentViewportSource": "This case public-observation.json /viewport",
          "scope": "No current browser-version, hardware, resolved-font or physical-pixel calibration certification."
        }
      },
      "camera": {
        "sceneScreenBounds": {
          "height": 434,
          "width": 189.6513671875,
          "x": 526.67431640625,
          "y": 161
        },
        "transform": "matrix(0.255595, 0, 0, 0.255595, 296.674, 46)"
      },
      "physicalPreflight": {
        "widthMm": 85,
        "heightMm": 194.51482479784366,
        "minTextPt": 3.2472356049833397,
        "nodeLabelPt": 4.2214062864783415,
        "minMainLinePt": 0.48708534074750093,
        "suggestedWidthFor7Pt": 184,
        "suggestedHeightFor7Pt": 421.06738544474393,
        "exampleTargetPt": 7,
        "claim": "Physical-size measurement only; 7 pt is an adjustable starting recommendation, not a universal journal rule."
      }
    },
    {
      "caseId": "transformer-level1-paper-180",
      "variantId": "transformer-level1-paper-180",
      "state": "baseline",
      "fixture": "transformer",
      "fileConsistency": "verified",
      "visualReview": "pending-human-review",
      "documentBinding": {
        "documentId": "canvas-architecture-model.Transformer-01ac6cd61f05-b0bd5bf0",
        "revision": 10,
        "sourceDigest": "01ac6cd61f058e9de5230b0c371527a1fa2b4f73842019e0e5785d5f0deb0916",
        "irDigest": "b0bd5bf01fa364bf415f6aba9707f5d74d9b7bb058534c0dac54fc48fd3729e6"
      },
      "pageSpec": {
        "widthMm": 180,
        "preset": "paper"
      },
      "expandedIds": [
        "call:instance:model.Transformer",
        "repeat:instance:model.Transformer.encoder",
        "call:instance:model.Transformer.decoder"
      ],
      "changedVisualFields": [],
      "canvasCanonicalDigest": "05d95926d53f717d48878cfcc0dc1e6a4a2cbbec0e8774594500fdcb6f9762c0",
      "browserSceneDigest": "c00bd922d177558bfeb53430fd90715212d97d89d780c609015b08165a37c67b",
      "files": {
        "canvas": {
          "path": "captures/transformer-level1-paper-180/canvas.json",
          "sha256": "d6f4fe9edf6f29bcfda86cb1878fff4229e8b13329a4077464c8b975017d17c2",
          "bytes": 93237
        },
        "svg": {
          "path": "captures/transformer-level1-paper-180/figure.svg",
          "sha256": "8c2bd4d052980bc030e439ec899dc64bc11cc675446417a194ed045ee6a13953",
          "bytes": 83405
        },
        "exportReceipt": {
          "path": "captures/transformer-level1-paper-180/export-receipt.json",
          "sha256": "737da9ad7af6c5e2547774e1dfd43b3472709c060bc90f627b5d2a9309f8b0b5",
          "bytes": 2304
        },
        "screenshot": {
          "path": "captures/transformer-level1-paper-180/screenshot.jpg",
          "sha256": "6a45b2bf3723793b9c2a6fd8b35e212a1d5b01b74b4ecfd56868f0b0e334c4ff",
          "bytes": 62634
        },
        "browserScene": {
          "path": "captures/transformer-level1-paper-180/browser-scene.svg",
          "sha256": "3c2aa09739f31f214531dabe733365533ead75d39d30be019d04f8c6d195eb2d",
          "bytes": 91243
        },
        "screenReceipt": {
          "path": "captures/transformer-level1-paper-180/screen-receipt.json",
          "sha256": "341aac15abc349e99a7073138c6602f69d137f70e381c3d1d83c40913ccf8752",
          "bytes": 6549
        }
      },
      "environment": {
        "userAgent": "Mozilla/5.0 (X11; Linux x86_64) AppleWebKit/537.36 (KHTML, like Gecko) Chrome/154.0.0.0 Safari/537.36",
        "devicePixelRatio": 1,
        "viewport": {
          "height": 720,
          "width": 1280
        },
        "browserVersion": null,
        "hardware": null,
        "fontEvidence": [],
        "provenance": {
          "kind": "historical-same-browser-environment-observation",
          "source": {
            "path": "docs/evidence/input-observation/stress300-final-observer-raw.json",
            "bytes": 864153,
            "sha256": "0a47d0f209ee70eb16c714407c39255d461cab271d2445f7d3f2b034673ee5d4"
          },
          "userAgentJsonPointer": "/environment/userAgent",
          "devicePixelRatioJsonPointer": "/environment/viewport/devicePixelRatio",
          "historicalObserverUrl": "http://127.0.0.1:8773/",
          "historicalObserverLabel": "final-build-stress300-frozen-observer",
          "historicalTimeOriginEpochMs": 1791133659286,
          "historicalTimeOriginUtc": "2026-10-04T17:07:39.286000+00:00",
          "historicalStartedAtPerformanceMs": 153481.10000002384,
          "historicalStoppedAtPerformanceMs": 320478.60000002384,
          "browserAssociation": "Root identifies historical receipt and current CUA as same IAB browser2; not independently native-certified.",
          "currentNavigatorObserved": false,
          "currentNavigatorLimitation": "Root reported CUA navigator read unavailable (TypeError/undefined). UA/DPR values are historical, not read from this case.",
          "currentViewportSource": "This case public-observation.json /viewport",
          "scope": "No current browser-version, hardware, resolved-font or physical-pixel calibration certification."
        }
      },
      "camera": {
        "sceneScreenBounds": {
          "height": 434,
          "width": 189.6513671875,
          "x": 526.67431640625,
          "y": 161
        },
        "transform": "matrix(0.255595, 0, 0, 0.255595, 296.674, 46)"
      },
      "physicalPreflight": {
        "widthMm": 180,
        "heightMm": 411.91374663072776,
        "minTextPt": 6.8764989282000135,
        "nodeLabelPt": 8.939448606660017,
        "minMainLinePt": 1.031474839230002,
        "suggestedWidthFor7Pt": 184,
        "suggestedHeightFor7Pt": 421.06738544474393,
        "exampleTargetPt": 7,
        "claim": "Physical-size measurement only; 7 pt is an adjustable starting recommendation, not a universal journal rule."
      }
    },
    {
      "caseId": "transformer-level1-paper-85",
      "variantId": "transformer-level1-paper-85",
      "state": "baseline",
      "fixture": "transformer",
      "fileConsistency": "verified",
      "visualReview": "pending-human-review",
      "documentBinding": {
        "documentId": "canvas-architecture-model.Transformer-01ac6cd61f05-b0bd5bf0",
        "revision": 12,
        "sourceDigest": "01ac6cd61f058e9de5230b0c371527a1fa2b4f73842019e0e5785d5f0deb0916",
        "irDigest": "b0bd5bf01fa364bf415f6aba9707f5d74d9b7bb058534c0dac54fc48fd3729e6"
      },
      "pageSpec": {
        "widthMm": 85,
        "preset": "paper"
      },
      "expandedIds": [
        "call:instance:model.Transformer",
        "repeat:instance:model.Transformer.encoder",
        "call:instance:model.Transformer.decoder"
      ],
      "changedVisualFields": [],
      "canvasCanonicalDigest": "f4a41442113ef46082a92475b0992526f3d75f74a9966fe2c64313f32a55ed24",
      "browserSceneDigest": "05fe199001bffd19f43ae813429591791fa76ee0ee6d0ec8ec66d7432e268108",
      "files": {
        "canvas": {
          "path": "captures/transformer-level1-paper-85/canvas.json",
          "sha256": "8a0beb99916b5b257c287566d99f67f9aa0dd66e1aa644efd883c8378479a53d",
          "bytes": 93236
        },
        "svg": {
          "path": "captures/transformer-level1-paper-85/figure.svg",
          "sha256": "b5084bc73321ab21562041c847e9815354771d276bf356d1e3b1acc72331c862",
          "bytes": 83403
        },
        "exportReceipt": {
          "path": "captures/transformer-level1-paper-85/export-receipt.json",
          "sha256": "de5dba00e599313de6206cccede61a370fabb6326fe865e612356b14dc5e8e8b",
          "bytes": 2305
        },
        "screenshot": {
          "path": "captures/transformer-level1-paper-85/screenshot.jpg",
          "sha256": "461ed33f659a09544b042bc17d3726f719d8a811bb345175368a7c29ae3818d5",
          "bytes": 62595
        },
        "browserScene": {
          "path": "captures/transformer-level1-paper-85/browser-scene.svg",
          "sha256": "e9619344ab905983f03cb2d260a6d0fd1df44f465ab6d6815d309cb15fac2bbb",
          "bytes": 91241
        },
        "screenReceipt": {
          "path": "captures/transformer-level1-paper-85/screen-receipt.json",
          "sha256": "82f9170bcb2a8559e56d1ac9dd74d6e0a4ee9624da98b13dc1a49096f69bec19",
          "bytes": 6748
        }
      },
      "environment": {
        "userAgent": "Mozilla/5.0 (X11; Linux x86_64) AppleWebKit/537.36 (KHTML, like Gecko) Chrome/154.0.0.0 Safari/537.36",
        "devicePixelRatio": 1,
        "viewport": {
          "height": 720,
          "width": 1280
        },
        "browserVersion": null,
        "hardware": null,
        "fontEvidence": [],
        "provenance": {
          "kind": "historical-same-browser-environment-observation",
          "source": {
            "path": "docs/evidence/input-observation/stress300-final-observer-raw.json",
            "bytes": 864153,
            "sha256": "0a47d0f209ee70eb16c714407c39255d461cab271d2445f7d3f2b034673ee5d4"
          },
          "userAgentJsonPointer": "/environment/userAgent",
          "devicePixelRatioJsonPointer": "/environment/viewport/devicePixelRatio",
          "historicalObserverUrl": "http://127.0.0.1:8773/",
          "historicalObserverLabel": "final-build-stress300-frozen-observer",
          "historicalTimeOriginEpochMs": 1791133659286,
          "historicalTimeOriginUtc": "2026-10-04T17:07:39.286000+00:00",
          "historicalStartedAtPerformanceMs": 153481.10000002384,
          "historicalStoppedAtPerformanceMs": 320478.60000002384,
          "browserAssociation": "Root identifies historical receipt and current CUA as same IAB browser2; not independently native-certified.",
          "currentNavigatorObserved": false,
          "currentNavigatorLimitation": "Root reported CUA navigator read unavailable (TypeError/undefined). UA/DPR values are historical, not read from this case.",
          "currentViewportSource": "This case public-observation.json /viewport",
          "scope": "No current browser-version, hardware, resolved-font or physical-pixel calibration certification."
        }
      },
      "camera": {
        "sceneScreenBounds": {
          "height": 434,
          "width": 189.6513671875,
          "x": 526.67431640625,
          "y": 161
        },
        "transform": "matrix(0.255595, 0, 0, 0.255595, 296.674, 46)"
      },
      "physicalPreflight": {
        "widthMm": 85,
        "heightMm": 194.51482479784366,
        "minTextPt": 3.2472356049833397,
        "nodeLabelPt": 4.2214062864783415,
        "minMainLinePt": 0.48708534074750093,
        "suggestedWidthFor7Pt": 184,
        "suggestedHeightFor7Pt": 421.06738544474393,
        "exampleTargetPt": 7,
        "claim": "Physical-size measurement only; 7 pt is an adjustable starting recommendation, not a universal journal rule."
      }
    },
    {
      "caseId": "transformer-level2-monochrome-180",
      "variantId": "transformer-level2-monochrome-180",
      "state": "baseline",
      "fixture": "transformer",
      "fileConsistency": "verified",
      "visualReview": "pending-human-review",
      "documentBinding": {
        "documentId": "canvas-architecture-model.Transformer-01ac6cd61f05-b0bd5bf0",
        "revision": 27,
        "sourceDigest": "01ac6cd61f058e9de5230b0c371527a1fa2b4f73842019e0e5785d5f0deb0916",
        "irDigest": "b0bd5bf01fa364bf415f6aba9707f5d74d9b7bb058534c0dac54fc48fd3729e6"
      },
      "pageSpec": {
        "widthMm": 180,
        "preset": "monochrome"
      },
      "expandedIds": [
        "call:instance:model.Transformer",
        "repeat:instance:model.Transformer.encoder",
        "call:instance:model.Transformer.decoder",
        "call:instance:model.Transformer.encoder.0",
        "call:instance:model.Transformer.encoder.1",
        "call:instance:model.Transformer.decoder.feedforward"
      ],
      "changedVisualFields": [],
      "canvasCanonicalDigest": "7c75c61e7f24bfd6111f5570d7446f76c31cee276562ce607b27125fad21db27",
      "browserSceneDigest": "9afe48ae3001e0443839b6c90198a540df001e511ddd126351b7569ec91a4d03",
      "files": {
        "canvas": {
          "path": "captures/transformer-level2-monochrome-180/canvas.json",
          "sha256": "c4983c5b9bb4cdc28a15a64fd1c425809cbc92a0c4991290f32b0bb7b4a736e1",
          "bytes": 101906
        },
        "svg": {
          "path": "captures/transformer-level2-monochrome-180/figure.svg",
          "sha256": "466a70b220b71fb5710520977e40e0f62c966cc9c7c1c1b62eeec03ac743ae98",
          "bytes": 130347
        },
        "exportReceipt": {
          "path": "captures/transformer-level2-monochrome-180/export-receipt.json",
          "sha256": "d44263c9996454c6cdfa9c33b78975b8f94feeefa90b23993ba24a3bb1e82ec8",
          "bytes": 2301
        },
        "screenshot": {
          "path": "captures/transformer-level2-monochrome-180/screenshot.jpg",
          "sha256": "46d42dcac7115727eed1aef6cfc7c04829c1ccea5a7ccd49ae57454f1ea6a5ce",
          "bytes": 62807
        },
        "browserScene": {
          "path": "captures/transformer-level2-monochrome-180/browser-scene.svg",
          "sha256": "09e7b1de7f138f2ba3082e6f3742d76b8d3879d3d2761becfa94c8a03cf4852b",
          "bytes": 143463
        },
        "screenReceipt": {
          "path": "captures/transformer-level2-monochrome-180/screen-receipt.json",
          "sha256": "268c881fd8710a4aef2be31c44426d05212a4fa19381b1a3dd7e313f86351530",
          "bytes": 6555
        }
      },
      "environment": {
        "userAgent": "Mozilla/5.0 (X11; Linux x86_64) AppleWebKit/537.36 (KHTML, like Gecko) Chrome/154.0.0.0 Safari/537.36",
        "devicePixelRatio": 1,
        "viewport": {
          "height": 720,
          "width": 1280
        },
        "browserVersion": null,
        "hardware": null,
        "fontEvidence": [],
        "provenance": {
          "kind": "historical-same-browser-environment-observation",
          "source": {
            "path": "docs/evidence/input-observation/stress300-final-observer-raw.json",
            "bytes": 864153,
            "sha256": "0a47d0f209ee70eb16c714407c39255d461cab271d2445f7d3f2b034673ee5d4"
          },
          "userAgentJsonPointer": "/environment/userAgent",
          "devicePixelRatioJsonPointer": "/environment/viewport/devicePixelRatio",
          "historicalObserverUrl": "http://127.0.0.1:8773/",
          "historicalObserverLabel": "final-build-stress300-frozen-observer",
          "historicalTimeOriginEpochMs": 1791133659286,
          "historicalTimeOriginUtc": "2026-10-04T17:07:39.286000+00:00",
          "historicalStartedAtPerformanceMs": 153481.10000002384,
          "historicalStoppedAtPerformanceMs": 320478.60000002384,
          "browserAssociation": "Root identifies historical receipt and current CUA as same IAB browser2; not independently native-certified.",
          "currentNavigatorObserved": false,
          "currentNavigatorLimitation": "Root reported CUA navigator read unavailable (TypeError/undefined). UA/DPR values are historical, not read from this case.",
          "currentViewportSource": "This case public-observation.json /viewport",
          "scope": "No current browser-version, hardware, resolved-font or physical-pixel calibration certification."
        }
      },
      "camera": {
        "sceneScreenBounds": {
          "height": 434,
          "width": 162.522216796875,
          "x": 540.2388916015625,
          "y": 161
        },
        "transform": "matrix(0.1822, 0, 0, 0.1822, 310.239, 46)"
      },
      "physicalPreflight": {
        "widthMm": 180,
        "heightMm": 480.6726457399103,
        "minTextPt": 5.720137000812118,
        "nodeLabelPt": 7.436178101055753,
        "minMainLinePt": 0.8580205501218177,
        "suggestedWidthFor7Pt": 221,
        "suggestedHeightFor7Pt": 590.1591928251121,
        "exampleTargetPt": 7,
        "claim": "Physical-size measurement only; 7 pt is an adjustable starting recommendation, not a universal journal rule."
      }
    },
    {
      "caseId": "transformer-level2-monochrome-85",
      "variantId": "transformer-level2-monochrome-85",
      "state": "baseline",
      "fixture": "transformer",
      "fileConsistency": "verified",
      "visualReview": "pending-human-review",
      "documentBinding": {
        "documentId": "canvas-architecture-model.Transformer-01ac6cd61f05-b0bd5bf0",
        "revision": 25,
        "sourceDigest": "01ac6cd61f058e9de5230b0c371527a1fa2b4f73842019e0e5785d5f0deb0916",
        "irDigest": "b0bd5bf01fa364bf415f6aba9707f5d74d9b7bb058534c0dac54fc48fd3729e6"
      },
      "pageSpec": {
        "widthMm": 85,
        "preset": "monochrome"
      },
      "expandedIds": [
        "call:instance:model.Transformer",
        "repeat:instance:model.Transformer.encoder",
        "call:instance:model.Transformer.decoder",
        "call:instance:model.Transformer.encoder.0",
        "call:instance:model.Transformer.encoder.1",
        "call:instance:model.Transformer.decoder.feedforward"
      ],
      "changedVisualFields": [],
      "canvasCanonicalDigest": "249e30a207f6c9c244944365eea0fde1299ac63c179de6ebfaf7443ebe187ac8",
      "browserSceneDigest": "5ff4bf9f2b81d97cb5f94801d5ee7b0f315f2e6e34660679f0a2d500c8cbedec",
      "files": {
        "canvas": {
          "path": "captures/transformer-level2-monochrome-85/canvas.json",
          "sha256": "3db3a46a2f40310e4348374a766ce98b46b6a7bf94257e1b4b0e7cda7c2ae5b9",
          "bytes": 101905
        },
        "svg": {
          "path": "captures/transformer-level2-monochrome-85/figure.svg",
          "sha256": "1eee4e205519fbab0a9c1977d2c9eeca2a73700958a31ce42a70e137cad398cf",
          "bytes": 130345
        },
        "exportReceipt": {
          "path": "captures/transformer-level2-monochrome-85/export-receipt.json",
          "sha256": "9488a51f9bbbdff267caf73992108ca202af57ae65aaac8be8c13bc00815321b",
          "bytes": 2303
        },
        "screenshot": {
          "path": "captures/transformer-level2-monochrome-85/screenshot.jpg",
          "sha256": "9a3aaaf21cf1d24f8a840f864694a5dee1f4de95f7e5cea603170f404c4e3954",
          "bytes": 62763
        },
        "browserScene": {
          "path": "captures/transformer-level2-monochrome-85/browser-scene.svg",
          "sha256": "4c61d8b8f4d43acb8c58fc0836ffaf9287ee788eb953034e450a78204ee7a9c7",
          "bytes": 143462
        },
        "screenReceipt": {
          "path": "captures/transformer-level2-monochrome-85/screen-receipt.json",
          "sha256": "4d246489b5b6f5e005b30036d7ff996b358984be5d9f37acbe9cbe45f5325a1b",
          "bytes": 6551
        }
      },
      "environment": {
        "userAgent": "Mozilla/5.0 (X11; Linux x86_64) AppleWebKit/537.36 (KHTML, like Gecko) Chrome/154.0.0.0 Safari/537.36",
        "devicePixelRatio": 1,
        "viewport": {
          "height": 720,
          "width": 1280
        },
        "browserVersion": null,
        "hardware": null,
        "fontEvidence": [],
        "provenance": {
          "kind": "historical-same-browser-environment-observation",
          "source": {
            "path": "docs/evidence/input-observation/stress300-final-observer-raw.json",
            "bytes": 864153,
            "sha256": "0a47d0f209ee70eb16c714407c39255d461cab271d2445f7d3f2b034673ee5d4"
          },
          "userAgentJsonPointer": "/environment/userAgent",
          "devicePixelRatioJsonPointer": "/environment/viewport/devicePixelRatio",
          "historicalObserverUrl": "http://127.0.0.1:8773/",
          "historicalObserverLabel": "final-build-stress300-frozen-observer",
          "historicalTimeOriginEpochMs": 1791133659286,
          "historicalTimeOriginUtc": "2026-10-04T17:07:39.286000+00:00",
          "historicalStartedAtPerformanceMs": 153481.10000002384,
          "historicalStoppedAtPerformanceMs": 320478.60000002384,
          "browserAssociation": "Root identifies historical receipt and current CUA as same IAB browser2; not independently native-certified.",
          "currentNavigatorObserved": false,
          "currentNavigatorLimitation": "Root reported CUA navigator read unavailable (TypeError/undefined). UA/DPR values are historical, not read from this case.",
          "currentViewportSource": "This case public-observation.json /viewport",
          "scope": "No current browser-version, hardware, resolved-font or physical-pixel calibration certification."
        }
      },
      "camera": {
        "sceneScreenBounds": {
          "height": 434,
          "width": 162.522216796875,
          "x": 540.2388916015625,
          "y": 161
        },
        "transform": "matrix(0.1822, 0, 0, 0.1822, 310.239, 46)"
      },
      "physicalPreflight": {
        "widthMm": 85,
        "heightMm": 226.98430493273543,
        "minTextPt": 2.701175805939056,
        "nodeLabelPt": 3.511528547720773,
        "minMainLinePt": 0.40517637089085845,
        "suggestedWidthFor7Pt": 221,
        "suggestedHeightFor7Pt": 590.1591928251121,
        "exampleTargetPt": 7,
        "claim": "Physical-size measurement only; 7 pt is an adjustable starting recommendation, not a universal journal rule."
      }
    },
    {
      "caseId": "transformer-level2-paper-180",
      "variantId": "transformer-level2-paper-180",
      "state": "baseline",
      "fixture": "transformer",
      "fileConsistency": "verified",
      "visualReview": "pending-human-review",
      "documentBinding": {
        "documentId": "canvas-architecture-model.Transformer-01ac6cd61f05-b0bd5bf0",
        "revision": 21,
        "sourceDigest": "01ac6cd61f058e9de5230b0c371527a1fa2b4f73842019e0e5785d5f0deb0916",
        "irDigest": "b0bd5bf01fa364bf415f6aba9707f5d74d9b7bb058534c0dac54fc48fd3729e6"
      },
      "pageSpec": {
        "widthMm": 180,
        "preset": "paper"
      },
      "expandedIds": [
        "call:instance:model.Transformer",
        "repeat:instance:model.Transformer.encoder",
        "call:instance:model.Transformer.decoder",
        "call:instance:model.Transformer.encoder.0",
        "call:instance:model.Transformer.encoder.1",
        "call:instance:model.Transformer.decoder.feedforward"
      ],
      "changedVisualFields": [],
      "canvasCanonicalDigest": "76c753a60742bc0a3302c11b929b0a471624cec1c277af33ceb3795b5ab5646f",
      "browserSceneDigest": "f110c58a6a36a055aff149d78ce742526a6ab6e1cf45046531634232f81bdac3",
      "files": {
        "canvas": {
          "path": "captures/transformer-level2-paper-180/canvas.json",
          "sha256": "111258ce94548d0b8f8130c385e6055d01e2fa7a9021962389882ebb98cda133",
          "bytes": 101901
        },
        "svg": {
          "path": "captures/transformer-level2-paper-180/figure.svg",
          "sha256": "f60135ce956898724a5422f33587e34700a6c617d617965af4806e74761cb861",
          "bytes": 130926
        },
        "exportReceipt": {
          "path": "captures/transformer-level2-paper-180/export-receipt.json",
          "sha256": "c9a22b59abdb7f611aa256e82e63fa800b37bac21e7bf4f8ca60fcdb492ab235",
          "bytes": 2301
        },
        "screenshot": {
          "path": "captures/transformer-level2-paper-180/screenshot.jpg",
          "sha256": "ed674f8f83449dbd79ad87f19176749ad9d49406c5f1c255477f073757367bc2",
          "bytes": 61285
        },
        "browserScene": {
          "path": "captures/transformer-level2-paper-180/browser-scene.svg",
          "sha256": "c4ea331b083fe8682df108d6ce6355881c132b58c325b5f601c9ccf98bdc4938",
          "bytes": 144057
        },
        "screenReceipt": {
          "path": "captures/transformer-level2-paper-180/screen-receipt.json",
          "sha256": "94dc4ff7cbe5f6feeefabc44ce2800f7c28daa555b446f534fe75c0a91f16ee9",
          "bytes": 6535
        }
      },
      "environment": {
        "userAgent": "Mozilla/5.0 (X11; Linux x86_64) AppleWebKit/537.36 (KHTML, like Gecko) Chrome/154.0.0.0 Safari/537.36",
        "devicePixelRatio": 1,
        "viewport": {
          "height": 720,
          "width": 1280
        },
        "browserVersion": null,
        "hardware": null,
        "fontEvidence": [],
        "provenance": {
          "kind": "historical-same-browser-environment-observation",
          "source": {
            "path": "docs/evidence/input-observation/stress300-final-observer-raw.json",
            "bytes": 864153,
            "sha256": "0a47d0f209ee70eb16c714407c39255d461cab271d2445f7d3f2b034673ee5d4"
          },
          "userAgentJsonPointer": "/environment/userAgent",
          "devicePixelRatioJsonPointer": "/environment/viewport/devicePixelRatio",
          "historicalObserverUrl": "http://127.0.0.1:8773/",
          "historicalObserverLabel": "final-build-stress300-frozen-observer",
          "historicalTimeOriginEpochMs": 1791133659286,
          "historicalTimeOriginUtc": "2026-10-04T17:07:39.286000+00:00",
          "historicalStartedAtPerformanceMs": 153481.10000002384,
          "historicalStoppedAtPerformanceMs": 320478.60000002384,
          "browserAssociation": "Root identifies historical receipt and current CUA as same IAB browser2; not independently native-certified.",
          "currentNavigatorObserved": false,
          "currentNavigatorLimitation": "Root reported CUA navigator read unavailable (TypeError/undefined). UA/DPR values are historical, not read from this case.",
          "currentViewportSource": "This case public-observation.json /viewport",
          "scope": "No current browser-version, hardware, resolved-font or physical-pixel calibration certification."
        }
      },
      "camera": {
        "sceneScreenBounds": {
          "height": 434,
          "width": 162.522216796875,
          "x": 540.2388916015625,
          "y": 161
        },
        "transform": "matrix(0.1822, 0, 0, 0.1822, 310.239, 46)"
      },
      "physicalPreflight": {
        "widthMm": 180,
        "heightMm": 480.6726457399103,
        "minTextPt": 5.720137000812118,
        "nodeLabelPt": 7.436178101055753,
        "minMainLinePt": 0.8580205501218177,
        "suggestedWidthFor7Pt": 221,
        "suggestedHeightFor7Pt": 590.1591928251121,
        "exampleTargetPt": 7,
        "claim": "Physical-size measurement only; 7 pt is an adjustable starting recommendation, not a universal journal rule."
      }
    },
    {
      "caseId": "transformer-level2-paper-85",
      "variantId": "transformer-level2-paper-85",
      "state": "baseline",
      "fixture": "transformer",
      "fileConsistency": "verified",
      "visualReview": "pending-human-review",
      "documentBinding": {
        "documentId": "canvas-architecture-model.Transformer-01ac6cd61f05-b0bd5bf0",
        "revision": 23,
        "sourceDigest": "01ac6cd61f058e9de5230b0c371527a1fa2b4f73842019e0e5785d5f0deb0916",
        "irDigest": "b0bd5bf01fa364bf415f6aba9707f5d74d9b7bb058534c0dac54fc48fd3729e6"
      },
      "pageSpec": {
        "widthMm": 85,
        "preset": "paper"
      },
      "expandedIds": [
        "call:instance:model.Transformer",
        "repeat:instance:model.Transformer.encoder",
        "call:instance:model.Transformer.decoder",
        "call:instance:model.Transformer.encoder.0",
        "call:instance:model.Transformer.encoder.1",
        "call:instance:model.Transformer.decoder.feedforward"
      ],
      "changedVisualFields": [],
      "canvasCanonicalDigest": "dc4e66e0855f2225d1f9b8fa758c864366eab6f974600e5d38b6e9f537d27064",
      "browserSceneDigest": "d7c272486be5f058d444dd3e1efc0a05f6d8f7c1820130031dcdd474f4627954",
      "files": {
        "canvas": {
          "path": "captures/transformer-level2-paper-85/canvas.json",
          "sha256": "b01a09e70c6692e86c79a91f21572822d8e9ac4ecf2fe90df945c06d0d27b496",
          "bytes": 101900
        },
        "svg": {
          "path": "captures/transformer-level2-paper-85/figure.svg",
          "sha256": "117d008efc49969da63feaa4e41a71c309ef8a3ac3a5b3dff81fa05bb3671da9",
          "bytes": 130924
        },
        "exportReceipt": {
          "path": "captures/transformer-level2-paper-85/export-receipt.json",
          "sha256": "65530768ed1cd96e270249967db4e7ff9fd631480f890c16c29a6b4f5336d863",
          "bytes": 2303
        },
        "screenshot": {
          "path": "captures/transformer-level2-paper-85/screenshot.jpg",
          "sha256": "457aab42183f5eef64a0ab20800569d80b8cc298d8ef253d74aa8bd17c4657c3",
          "bytes": 61186
        },
        "browserScene": {
          "path": "captures/transformer-level2-paper-85/browser-scene.svg",
          "sha256": "e89244f8cd166a63b09baf0a3023206d0b050cf23bf8226656a40fc7d5555398",
          "bytes": 144056
        },
        "screenReceipt": {
          "path": "captures/transformer-level2-paper-85/screen-receipt.json",
          "sha256": "b66981e3c837744f3f2302a8345d4c2e3ac626fbaef33f85b7bc1f8b8233df28",
          "bytes": 6531
        }
      },
      "environment": {
        "userAgent": "Mozilla/5.0 (X11; Linux x86_64) AppleWebKit/537.36 (KHTML, like Gecko) Chrome/154.0.0.0 Safari/537.36",
        "devicePixelRatio": 1,
        "viewport": {
          "height": 720,
          "width": 1280
        },
        "browserVersion": null,
        "hardware": null,
        "fontEvidence": [],
        "provenance": {
          "kind": "historical-same-browser-environment-observation",
          "source": {
            "path": "docs/evidence/input-observation/stress300-final-observer-raw.json",
            "bytes": 864153,
            "sha256": "0a47d0f209ee70eb16c714407c39255d461cab271d2445f7d3f2b034673ee5d4"
          },
          "userAgentJsonPointer": "/environment/userAgent",
          "devicePixelRatioJsonPointer": "/environment/viewport/devicePixelRatio",
          "historicalObserverUrl": "http://127.0.0.1:8773/",
          "historicalObserverLabel": "final-build-stress300-frozen-observer",
          "historicalTimeOriginEpochMs": 1791133659286,
          "historicalTimeOriginUtc": "2026-10-04T17:07:39.286000+00:00",
          "historicalStartedAtPerformanceMs": 153481.10000002384,
          "historicalStoppedAtPerformanceMs": 320478.60000002384,
          "browserAssociation": "Root identifies historical receipt and current CUA as same IAB browser2; not independently native-certified.",
          "currentNavigatorObserved": false,
          "currentNavigatorLimitation": "Root reported CUA navigator read unavailable (TypeError/undefined). UA/DPR values are historical, not read from this case.",
          "currentViewportSource": "This case public-observation.json /viewport",
          "scope": "No current browser-version, hardware, resolved-font or physical-pixel calibration certification."
        }
      },
      "camera": {
        "sceneScreenBounds": {
          "height": 434,
          "width": 162.522216796875,
          "x": 540.2388916015625,
          "y": 161
        },
        "transform": "matrix(0.1822, 0, 0, 0.1822, 310.239, 46)"
      },
      "physicalPreflight": {
        "widthMm": 85,
        "heightMm": 226.98430493273543,
        "minTextPt": 2.701175805939056,
        "nodeLabelPt": 3.511528547720773,
        "minMainLinePt": 0.40517637089085845,
        "suggestedWidthFor7Pt": 221,
        "suggestedHeightFor7Pt": 590.1591928251121,
        "exampleTargetPt": 7,
        "claim": "Physical-size measurement only; 7 pt is an adjustable starting recommendation, not a universal journal rule."
      }
    },
    {
      "caseId": "transformer-level3-monochrome-180",
      "variantId": "transformer-level3-monochrome-180",
      "state": "baseline",
      "fixture": "transformer",
      "fileConsistency": "verified",
      "visualReview": "pending-human-review",
      "documentBinding": {
        "documentId": "canvas-architecture-model.Transformer-01ac6cd61f05-b0bd5bf0",
        "revision": 37,
        "sourceDigest": "01ac6cd61f058e9de5230b0c371527a1fa2b4f73842019e0e5785d5f0deb0916",
        "irDigest": "b0bd5bf01fa364bf415f6aba9707f5d74d9b7bb058534c0dac54fc48fd3729e6"
      },
      "pageSpec": {
        "widthMm": 180,
        "preset": "monochrome"
      },
      "expandedIds": [
        "call:instance:model.Transformer",
        "repeat:instance:model.Transformer.encoder",
        "call:instance:model.Transformer.decoder",
        "call:instance:model.Transformer.encoder.0",
        "call:instance:model.Transformer.encoder.1",
        "call:instance:model.Transformer.decoder.feedforward",
        "call:instance:model.Transformer.encoder.0.feedforward",
        "call:instance:model.Transformer.encoder.1.feedforward"
      ],
      "changedVisualFields": [],
      "canvasCanonicalDigest": "5dc37dfd714beafda809bb80b827c6526b2d9cd7b6fdd40538249e2876c3b8af",
      "browserSceneDigest": "f58dd399b7962ce0170d3b3f94c6f509622887a0938396e174217441ad4599bb",
      "files": {
        "canvas": {
          "path": "captures/transformer-level3-monochrome-180/canvas.json",
          "sha256": "9af174d0fa23e8990ab39806e5f1e612341a20d5fe9a4ca3ac993fd370bb8933",
          "bytes": 109816
        },
        "svg": {
          "path": "captures/transformer-level3-monochrome-180/figure.svg",
          "sha256": "225d2995fb594e13293e1adcee429cb85fab83c6ed60cc7f40426e0154fd0867",
          "bytes": 149805
        },
        "exportReceipt": {
          "path": "captures/transformer-level3-monochrome-180/export-receipt.json",
          "sha256": "4608ab62838e9b23c1739c0a109396f2c16c0c2bf47e6fd6da6cfd44b126552b",
          "bytes": 2300
        },
        "screenshot": {
          "path": "captures/transformer-level3-monochrome-180/screenshot.jpg",
          "sha256": "15124b77becef95e19de716e83f9ee5e31454efc1c3a36453c38133c71b3b0f0",
          "bytes": 61016
        },
        "browserScene": {
          "path": "captures/transformer-level3-monochrome-180/browser-scene.svg",
          "sha256": "9614c6a63825db041a6c1c464dee071b606dd0ff1dd4336df5a38af37cf8740a",
          "bytes": 164626
        },
        "screenReceipt": {
          "path": "captures/transformer-level3-monochrome-180/screen-receipt.json",
          "sha256": "2d5b2257b96d1c32af4008be76bd471e91d7c3afb7c79a2d81135fcace97d445",
          "bytes": 6680
        }
      },
      "environment": {
        "userAgent": "Mozilla/5.0 (X11; Linux x86_64) AppleWebKit/537.36 (KHTML, like Gecko) Chrome/154.0.0.0 Safari/537.36",
        "devicePixelRatio": 1,
        "viewport": {
          "height": 720,
          "width": 1280
        },
        "browserVersion": null,
        "hardware": null,
        "fontEvidence": [],
        "provenance": {
          "kind": "historical-same-browser-environment-observation",
          "source": {
            "path": "docs/evidence/input-observation/stress300-final-observer-raw.json",
            "bytes": 864153,
            "sha256": "0a47d0f209ee70eb16c714407c39255d461cab271d2445f7d3f2b034673ee5d4"
          },
          "userAgentJsonPointer": "/environment/userAgent",
          "devicePixelRatioJsonPointer": "/environment/viewport/devicePixelRatio",
          "historicalObserverUrl": "http://127.0.0.1:8773/",
          "historicalObserverLabel": "final-build-stress300-frozen-observer",
          "historicalTimeOriginEpochMs": 1791133659286,
          "historicalTimeOriginUtc": "2026-10-04T17:07:39.286000+00:00",
          "historicalStartedAtPerformanceMs": 153481.10000002384,
          "historicalStoppedAtPerformanceMs": 320478.60000002384,
          "browserAssociation": "Root identifies historical receipt and current CUA as same IAB browser2; not independently native-certified.",
          "currentNavigatorObserved": false,
          "currentNavigatorLimitation": "Root reported CUA navigator read unavailable (TypeError/undefined). UA/DPR values are historical, not read from this case.",
          "currentViewportSource": "This case public-observation.json /viewport",
          "scope": "No current browser-version, hardware, resolved-font or physical-pixel calibration certification."
        }
      },
      "camera": {
        "sceneScreenBounds": {
          "height": 434,
          "width": 128.99365234375,
          "x": 557.003173828125,
          "y": 161
        },
        "transform": "matrix(0.137081, 0, 0, 0.137081, 327.003, 46)"
      },
      "physicalPreflight": {
        "widthMm": 180,
        "heightMm": 605.6110520722635,
        "minTextPt": 5.422276519367067,
        "nodeLabelPt": 7.0489594751771865,
        "minMainLinePt": 0.81334147790506,
        "suggestedWidthFor7Pt": 233,
        "suggestedHeightFor7Pt": 783.9298618490967,
        "exampleTargetPt": 7,
        "claim": "Physical-size measurement only; 7 pt is an adjustable starting recommendation, not a universal journal rule."
      }
    },
    {
      "caseId": "transformer-level3-monochrome-85",
      "variantId": "transformer-level3-monochrome-85",
      "state": "baseline",
      "fixture": "transformer",
      "fileConsistency": "verified",
      "visualReview": "pending-human-review",
      "documentBinding": {
        "documentId": "canvas-architecture-model.Transformer-01ac6cd61f05-b0bd5bf0",
        "revision": 35,
        "sourceDigest": "01ac6cd61f058e9de5230b0c371527a1fa2b4f73842019e0e5785d5f0deb0916",
        "irDigest": "b0bd5bf01fa364bf415f6aba9707f5d74d9b7bb058534c0dac54fc48fd3729e6"
      },
      "pageSpec": {
        "widthMm": 85,
        "preset": "monochrome"
      },
      "expandedIds": [
        "call:instance:model.Transformer",
        "repeat:instance:model.Transformer.encoder",
        "call:instance:model.Transformer.decoder",
        "call:instance:model.Transformer.encoder.0",
        "call:instance:model.Transformer.encoder.1",
        "call:instance:model.Transformer.decoder.feedforward",
        "call:instance:model.Transformer.encoder.0.feedforward",
        "call:instance:model.Transformer.encoder.1.feedforward"
      ],
      "changedVisualFields": [],
      "canvasCanonicalDigest": "788da83d5ad860c0892307d6a63a5ba4bcb68708efa84bc2d1b07d1afacfab60",
      "browserSceneDigest": "2ef09c6605bd0231cc7ad482cf29e6cbbc438810df9a3e2097059f664aea2359",
      "files": {
        "canvas": {
          "path": "captures/transformer-level3-monochrome-85/canvas.json",
          "sha256": "052e02d03f03b463df1ae7b8ab4028da9fc6ef6e4ccf7fa8e64609b75dae5b68",
          "bytes": 109815
        },
        "svg": {
          "path": "captures/transformer-level3-monochrome-85/figure.svg",
          "sha256": "4c49f3e26d9e473dbf5b7b9971c161e7e60833956fdd1213024622be268a9899",
          "bytes": 149802
        },
        "exportReceipt": {
          "path": "captures/transformer-level3-monochrome-85/export-receipt.json",
          "sha256": "fb62dc414b287367de563f05c081f842f79bbdc74a9274186b8702c0cfb2f87a",
          "bytes": 2304
        },
        "screenshot": {
          "path": "captures/transformer-level3-monochrome-85/screenshot.jpg",
          "sha256": "93da1a236da1971626b89e79ba7c1a862dadba4c0424cea0961e301c8c499943",
          "bytes": 60987
        },
        "browserScene": {
          "path": "captures/transformer-level3-monochrome-85/browser-scene.svg",
          "sha256": "664ccd18d3e6c23e7b98760b1f63e447ca2a216cd470fa40eeb0d2c9d0bec136",
          "bytes": 164625
        },
        "screenReceipt": {
          "path": "captures/transformer-level3-monochrome-85/screen-receipt.json",
          "sha256": "09e9101451b4097f29dcfec72766e40730d4e1030b0b4e54c4d685324e5a218f",
          "bytes": 6676
        }
      },
      "environment": {
        "userAgent": "Mozilla/5.0 (X11; Linux x86_64) AppleWebKit/537.36 (KHTML, like Gecko) Chrome/154.0.0.0 Safari/537.36",
        "devicePixelRatio": 1,
        "viewport": {
          "height": 720,
          "width": 1280
        },
        "browserVersion": null,
        "hardware": null,
        "fontEvidence": [],
        "provenance": {
          "kind": "historical-same-browser-environment-observation",
          "source": {
            "path": "docs/evidence/input-observation/stress300-final-observer-raw.json",
            "bytes": 864153,
            "sha256": "0a47d0f209ee70eb16c714407c39255d461cab271d2445f7d3f2b034673ee5d4"
          },
          "userAgentJsonPointer": "/environment/userAgent",
          "devicePixelRatioJsonPointer": "/environment/viewport/devicePixelRatio",
          "historicalObserverUrl": "http://127.0.0.1:8773/",
          "historicalObserverLabel": "final-build-stress300-frozen-observer",
          "historicalTimeOriginEpochMs": 1791133659286,
          "historicalTimeOriginUtc": "2026-10-04T17:07:39.286000+00:00",
          "historicalStartedAtPerformanceMs": 153481.10000002384,
          "historicalStoppedAtPerformanceMs": 320478.60000002384,
          "browserAssociation": "Root identifies historical receipt and current CUA as same IAB browser2; not independently native-certified.",
          "currentNavigatorObserved": false,
          "currentNavigatorLimitation": "Root reported CUA navigator read unavailable (TypeError/undefined). UA/DPR values are historical, not read from this case.",
          "currentViewportSource": "This case public-observation.json /viewport",
          "scope": "No current browser-version, hardware, resolved-font or physical-pixel calibration certification."
        }
      },
      "camera": {
        "sceneScreenBounds": {
          "height": 434,
          "width": 128.99365234375,
          "x": 557.003173828125,
          "y": 161
        },
        "transform": "matrix(0.137081, 0, 0, 0.137081, 327.003, 46)"
      },
      "physicalPreflight": {
        "widthMm": 85,
        "heightMm": 285.98299681190224,
        "minTextPt": 2.5605194674788927,
        "nodeLabelPt": 3.328675307722561,
        "minMainLinePt": 0.38407792012183395,
        "suggestedWidthFor7Pt": 233,
        "suggestedHeightFor7Pt": 783.9298618490967,
        "exampleTargetPt": 7,
        "claim": "Physical-size measurement only; 7 pt is an adjustable starting recommendation, not a universal journal rule."
      }
    },
    {
      "caseId": "transformer-level3-paper-180",
      "variantId": "transformer-level3-paper-180",
      "state": "baseline",
      "fixture": "transformer",
      "fileConsistency": "verified",
      "visualReview": "pending-human-review",
      "documentBinding": {
        "documentId": "canvas-architecture-model.Transformer-01ac6cd61f05-b0bd5bf0",
        "revision": 31,
        "sourceDigest": "01ac6cd61f058e9de5230b0c371527a1fa2b4f73842019e0e5785d5f0deb0916",
        "irDigest": "b0bd5bf01fa364bf415f6aba9707f5d74d9b7bb058534c0dac54fc48fd3729e6"
      },
      "pageSpec": {
        "widthMm": 180,
        "preset": "paper"
      },
      "expandedIds": [
        "call:instance:model.Transformer",
        "repeat:instance:model.Transformer.encoder",
        "call:instance:model.Transformer.decoder",
        "call:instance:model.Transformer.encoder.0",
        "call:instance:model.Transformer.encoder.1",
        "call:instance:model.Transformer.decoder.feedforward",
        "call:instance:model.Transformer.encoder.0.feedforward",
        "call:instance:model.Transformer.encoder.1.feedforward"
      ],
      "changedVisualFields": [],
      "canvasCanonicalDigest": "10fa24a3449bc404dfbb021e95af2b951b4306ab5457d3bf7bd8f0d0e00b7e22",
      "browserSceneDigest": "99f53b8695f363b26d4d1a0741042bffb40a1768a6101094e0ddd92fdb32f275",
      "files": {
        "canvas": {
          "path": "captures/transformer-level3-paper-180/canvas.json",
          "sha256": "c27750405595832e5e95947680935684fba842b52cd4ddf7b084b46e43565868",
          "bytes": 109811
        },
        "svg": {
          "path": "captures/transformer-level3-paper-180/figure.svg",
          "sha256": "0fce6561a6330b8044ed5026d7e5d929309771e23056073201e22dc6e1291a0f",
          "bytes": 150384
        },
        "exportReceipt": {
          "path": "captures/transformer-level3-paper-180/export-receipt.json",
          "sha256": "6ff251c9d082a0fb917e496b3bcfcfb16138867f631aa4898674202e4b86dc71",
          "bytes": 2300
        },
        "screenshot": {
          "path": "captures/transformer-level3-paper-180/screenshot.jpg",
          "sha256": "8ee77f0e06314dda64f6878cf9b8d3455b93de28998f2b12ec3c9a4613674ccc",
          "bytes": 60022
        },
        "browserScene": {
          "path": "captures/transformer-level3-paper-180/browser-scene.svg",
          "sha256": "df3c6ec32fe2e677df37af3ae994b03e5aeb1ad89163d445c3d6fcf3dd7fba48",
          "bytes": 165220
        },
        "screenReceipt": {
          "path": "captures/transformer-level3-paper-180/screen-receipt.json",
          "sha256": "5dbeddbd4a99d697cf1dcb89c9e6b64147bf589cab78e8a7f71bd80716e16e86",
          "bytes": 6660
        }
      },
      "environment": {
        "userAgent": "Mozilla/5.0 (X11; Linux x86_64) AppleWebKit/537.36 (KHTML, like Gecko) Chrome/154.0.0.0 Safari/537.36",
        "devicePixelRatio": 1,
        "viewport": {
          "height": 720,
          "width": 1280
        },
        "browserVersion": null,
        "hardware": null,
        "fontEvidence": [],
        "provenance": {
          "kind": "historical-same-browser-environment-observation",
          "source": {
            "path": "docs/evidence/input-observation/stress300-final-observer-raw.json",
            "bytes": 864153,
            "sha256": "0a47d0f209ee70eb16c714407c39255d461cab271d2445f7d3f2b034673ee5d4"
          },
          "userAgentJsonPointer": "/environment/userAgent",
          "devicePixelRatioJsonPointer": "/environment/viewport/devicePixelRatio",
          "historicalObserverUrl": "http://127.0.0.1:8773/",
          "historicalObserverLabel": "final-build-stress300-frozen-observer",
          "historicalTimeOriginEpochMs": 1791133659286,
          "historicalTimeOriginUtc": "2026-10-04T17:07:39.286000+00:00",
          "historicalStartedAtPerformanceMs": 153481.10000002384,
          "historicalStoppedAtPerformanceMs": 320478.60000002384,
          "browserAssociation": "Root identifies historical receipt and current CUA as same IAB browser2; not independently native-certified.",
          "currentNavigatorObserved": false,
          "currentNavigatorLimitation": "Root reported CUA navigator read unavailable (TypeError/undefined). UA/DPR values are historical, not read from this case.",
          "currentViewportSource": "This case public-observation.json /viewport",
          "scope": "No current browser-version, hardware, resolved-font or physical-pixel calibration certification."
        }
      },
      "camera": {
        "sceneScreenBounds": {
          "height": 434,
          "width": 128.99365234375,
          "x": 557.003173828125,
          "y": 161
        },
        "transform": "matrix(0.137081, 0, 0, 0.137081, 327.003, 46)"
      },
      "physicalPreflight": {
        "widthMm": 180,
        "heightMm": 605.6110520722635,
        "minTextPt": 5.422276519367067,
        "nodeLabelPt": 7.0489594751771865,
        "minMainLinePt": 0.81334147790506,
        "suggestedWidthFor7Pt": 233,
        "suggestedHeightFor7Pt": 783.9298618490967,
        "exampleTargetPt": 7,
        "claim": "Physical-size measurement only; 7 pt is an adjustable starting recommendation, not a universal journal rule."
      }
    },
    {
      "caseId": "transformer-level3-paper-180-edited",
      "variantId": "transformer-level3-paper-180",
      "state": "edited",
      "fixture": "transformer",
      "fileConsistency": "verified",
      "visualReview": "pending-human-review",
      "documentBinding": {
        "documentId": "canvas-architecture-model.Transformer-01ac6cd61f05-b0bd5bf0",
        "revision": 55,
        "sourceDigest": "01ac6cd61f058e9de5230b0c371527a1fa2b4f73842019e0e5785d5f0deb0916",
        "irDigest": "b0bd5bf01fa364bf415f6aba9707f5d74d9b7bb058534c0dac54fc48fd3729e6"
      },
      "pageSpec": {
        "widthMm": 180,
        "preset": "paper"
      },
      "expandedIds": [
        "call:instance:model.Transformer",
        "repeat:instance:model.Transformer.encoder",
        "call:instance:model.Transformer.decoder",
        "call:instance:model.Transformer.encoder.0",
        "call:instance:model.Transformer.encoder.1",
        "call:instance:model.Transformer.decoder.feedforward",
        "call:instance:model.Transformer.encoder.0.feedforward",
        "call:instance:model.Transformer.encoder.1.feedforward"
      ],
      "changedVisualFields": [
        "layout"
      ],
      "canvasCanonicalDigest": "bfc9b25e0f22e3a0c5ecac8908a9fee980c59482fb35f39377b828e1c83dc777",
      "browserSceneDigest": "a068fe2c6d87ee5fb3a120821e2e6a4b46ba9d561c18726b37801763789db1ac",
      "files": {
        "canvas": {
          "path": "captures/transformer-level3-paper-180-edited/canvas.json",
          "sha256": "dbec1153b3a63ceeb82733e08d9c596d128aa6a1a25f34fae8a474e7f9d01eb4",
          "bytes": 109811
        },
        "svg": {
          "path": "captures/transformer-level3-paper-180-edited/figure.svg",
          "sha256": "af8a8e7f6ce94878bfde69e50b8e97fc4e2ea6cd059d5af4b784b902d25327ab",
          "bytes": 150384
        },
        "exportReceipt": {
          "path": "captures/transformer-level3-paper-180-edited/export-receipt.json",
          "sha256": "c31b82a9ff025bda65c471279feae0b9d24d691a095220f83db3eb8494f9645e",
          "bytes": 2300
        },
        "screenshot": {
          "path": "captures/transformer-level3-paper-180-edited/screenshot.jpg",
          "sha256": "18e8a01037ccd73c0aa47f9fffc3f622ee9561d7c2460ac72cceecac7091ea81",
          "bytes": 59564
        },
        "browserScene": {
          "path": "captures/transformer-level3-paper-180-edited/browser-scene.svg",
          "sha256": "14c00ff58b8930de8e5c65e0dd7b86134b758a152cacceb4bbbb1c2ee20d7aac",
          "bytes": 165220
        },
        "screenReceipt": {
          "path": "captures/transformer-level3-paper-180-edited/screen-receipt.json",
          "sha256": "6e350f963c4646e3d5e275c64ee53a1d33143843ed5d8eafc98eef582dcbc9bf",
          "bytes": 6898
        }
      },
      "environment": {
        "userAgent": "Mozilla/5.0 (X11; Linux x86_64) AppleWebKit/537.36 (KHTML, like Gecko) Chrome/154.0.0.0 Safari/537.36",
        "devicePixelRatio": 1,
        "viewport": {
          "height": 720,
          "width": 1280
        },
        "browserVersion": null,
        "hardware": null,
        "fontEvidence": [],
        "provenance": {
          "kind": "historical-same-browser-environment-observation",
          "source": {
            "path": "docs/evidence/input-observation/stress300-final-observer-raw.json",
            "bytes": 864153,
            "sha256": "0a47d0f209ee70eb16c714407c39255d461cab271d2445f7d3f2b034673ee5d4"
          },
          "userAgentJsonPointer": "/environment/userAgent",
          "devicePixelRatioJsonPointer": "/environment/viewport/devicePixelRatio",
          "historicalObserverUrl": "http://127.0.0.1:8773/",
          "historicalObserverLabel": "final-build-stress300-frozen-observer",
          "historicalTimeOriginEpochMs": 1791133659286,
          "historicalTimeOriginUtc": "2026-10-04T17:07:39.286000+00:00",
          "historicalStartedAtPerformanceMs": 153481.10000002384,
          "historicalStoppedAtPerformanceMs": 320478.60000002384,
          "browserAssociation": "Root identifies historical receipt and current CUA as same IAB browser2; not independently native-certified.",
          "currentNavigatorObserved": false,
          "currentNavigatorLimitation": "Root reported CUA navigator read unavailable (TypeError/undefined). UA/DPR values are historical, not read from this case.",
          "currentViewportSource": "This case public-observation.json /viewport",
          "scope": "No current browser-version, hardware, resolved-font or physical-pixel calibration certification."
        }
      },
      "camera": {
        "sceneScreenBounds": {
          "height": 434,
          "width": 128.99365234375,
          "x": 557.003173828125,
          "y": 161
        },
        "transform": "matrix(0.137081, 0, 0, 0.137081, 327.003, 46)"
      },
      "physicalPreflight": {
        "widthMm": 180,
        "heightMm": 605.6110520722635,
        "minTextPt": 5.422276519367067,
        "nodeLabelPt": 7.0489594751771865,
        "minMainLinePt": 0.81334147790506,
        "suggestedWidthFor7Pt": 233,
        "suggestedHeightFor7Pt": 783.9298618490967,
        "exampleTargetPt": 7,
        "claim": "Physical-size measurement only; 7 pt is an adjustable starting recommendation, not a universal journal rule."
      }
    },
    {
      "caseId": "transformer-level3-paper-85",
      "variantId": "transformer-level3-paper-85",
      "state": "baseline",
      "fixture": "transformer",
      "fileConsistency": "verified",
      "visualReview": "pending-human-review",
      "documentBinding": {
        "documentId": "canvas-architecture-model.Transformer-01ac6cd61f05-b0bd5bf0",
        "revision": 33,
        "sourceDigest": "01ac6cd61f058e9de5230b0c371527a1fa2b4f73842019e0e5785d5f0deb0916",
        "irDigest": "b0bd5bf01fa364bf415f6aba9707f5d74d9b7bb058534c0dac54fc48fd3729e6"
      },
      "pageSpec": {
        "widthMm": 85,
        "preset": "paper"
      },
      "expandedIds": [
        "call:instance:model.Transformer",
        "repeat:instance:model.Transformer.encoder",
        "call:instance:model.Transformer.decoder",
        "call:instance:model.Transformer.encoder.0",
        "call:instance:model.Transformer.encoder.1",
        "call:instance:model.Transformer.decoder.feedforward",
        "call:instance:model.Transformer.encoder.0.feedforward",
        "call:instance:model.Transformer.encoder.1.feedforward"
      ],
      "changedVisualFields": [],
      "canvasCanonicalDigest": "ec90a0c7f6c5ba44af909fb0b88c35c9f7a0a580a7d637e63163af3a1a040cd3",
      "browserSceneDigest": "5d157a904c510726e31bac14e6abc69176d530e0180839d5c57c4c8e1a984407",
      "files": {
        "canvas": {
          "path": "captures/transformer-level3-paper-85/canvas.json",
          "sha256": "af8d3004c777a04c6e84e5b5c77c6ebf56326aa76a2b4b7f91878720d0eb0bdb",
          "bytes": 109810
        },
        "svg": {
          "path": "captures/transformer-level3-paper-85/figure.svg",
          "sha256": "d69d232b2ec178853574bf74f534f724e803ccd75c5df2f809e8f6d4a09e1d6e",
          "bytes": 150381
        },
        "exportReceipt": {
          "path": "captures/transformer-level3-paper-85/export-receipt.json",
          "sha256": "ab1ed49c07dddde9a4b9c4cbd2e878aabd7a63253b47d1920e7577aecd9b2934",
          "bytes": 2304
        },
        "screenshot": {
          "path": "captures/transformer-level3-paper-85/screenshot.jpg",
          "sha256": "feffe56f36e9009e6e6f13848ae1e57c5dd22e1aaa846122712e70a1aa1e0789",
          "bytes": 59924
        },
        "browserScene": {
          "path": "captures/transformer-level3-paper-85/browser-scene.svg",
          "sha256": "3df1cecc62f833b57690866ecf49ed0ae8793a3d29a7d839611c8a5503178290",
          "bytes": 165219
        },
        "screenReceipt": {
          "path": "captures/transformer-level3-paper-85/screen-receipt.json",
          "sha256": "1928e694cd8237196583b9dd27b25ed1a1198383a81d5a35cf3be0491342ffc5",
          "bytes": 6656
        }
      },
      "environment": {
        "userAgent": "Mozilla/5.0 (X11; Linux x86_64) AppleWebKit/537.36 (KHTML, like Gecko) Chrome/154.0.0.0 Safari/537.36",
        "devicePixelRatio": 1,
        "viewport": {
          "height": 720,
          "width": 1280
        },
        "browserVersion": null,
        "hardware": null,
        "fontEvidence": [],
        "provenance": {
          "kind": "historical-same-browser-environment-observation",
          "source": {
            "path": "docs/evidence/input-observation/stress300-final-observer-raw.json",
            "bytes": 864153,
            "sha256": "0a47d0f209ee70eb16c714407c39255d461cab271d2445f7d3f2b034673ee5d4"
          },
          "userAgentJsonPointer": "/environment/userAgent",
          "devicePixelRatioJsonPointer": "/environment/viewport/devicePixelRatio",
          "historicalObserverUrl": "http://127.0.0.1:8773/",
          "historicalObserverLabel": "final-build-stress300-frozen-observer",
          "historicalTimeOriginEpochMs": 1791133659286,
          "historicalTimeOriginUtc": "2026-10-04T17:07:39.286000+00:00",
          "historicalStartedAtPerformanceMs": 153481.10000002384,
          "historicalStoppedAtPerformanceMs": 320478.60000002384,
          "browserAssociation": "Root identifies historical receipt and current CUA as same IAB browser2; not independently native-certified.",
          "currentNavigatorObserved": false,
          "currentNavigatorLimitation": "Root reported CUA navigator read unavailable (TypeError/undefined). UA/DPR values are historical, not read from this case.",
          "currentViewportSource": "This case public-observation.json /viewport",
          "scope": "No current browser-version, hardware, resolved-font or physical-pixel calibration certification."
        }
      },
      "camera": {
        "sceneScreenBounds": {
          "height": 434,
          "width": 128.99365234375,
          "x": 557.003173828125,
          "y": 161
        },
        "transform": "matrix(0.137081, 0, 0, 0.137081, 327.003, 46)"
      },
      "physicalPreflight": {
        "widthMm": 85,
        "heightMm": 285.98299681190224,
        "minTextPt": 2.5605194674788927,
        "nodeLabelPt": 3.328675307722561,
        "minMainLinePt": 0.38407792012183395,
        "suggestedWidthFor7Pt": 233,
        "suggestedHeightFor7Pt": 783.9298618490967,
        "exampleTargetPt": 7,
        "claim": "Physical-size measurement only; 7 pt is an adjustable starting recommendation, not a universal journal rule."
      }
    }
  ],
  "variants": [
    {
      "variantId": "transformer-level0-paper-85",
      "fixture": "transformer",
      "level": 0,
      "preset": "paper",
      "widthMm": 85,
      "documentId": "canvas-architecture-model.Transformer-01ac6cd61f05-b0bd5bf0",
      "sourceDigest": "01ac6cd61f058e9de5230b0c371527a1fa2b4f73842019e0e5785d5f0deb0916",
      "irDigest": "b0bd5bf01fa364bf415f6aba9707f5d74d9b7bb058534c0dac54fc48fd3729e6",
      "expandedIds": [
        "call:instance:model.Transformer"
      ],
      "baselineCanvasCanonicalDigest": "3e9d01276193094ae76a7587972351a72402922a987e86da9238ab55d88ae65c",
      "canvasFile": "/home/fzg/PycharmProjects/ArchCanvas/ArchCanvas_Model_Architecture_Studio/docs/evidence/visual-golds-au3-matrix/transformer-level0-paper-85.canvas.json",
      "svgFile": "/home/fzg/PycharmProjects/ArchCanvas/ArchCanvas_Model_Architecture_Studio/docs/evidence/visual-golds-au3-matrix/transformer-level0-paper-85.svg",
      "visibleNodes": 12,
      "physicalPreflight": {
        "mmWidth": 85.0,
        "minTextPt": 3.116,
        "nodeLabelPt": 4.5,
        "mainLinePt": 0.519,
        "minStrokePt": 0.45,
        "examplePreset": {
          "textPt": [
            7,
            9
          ],
          "mainLinePt": [
            0.5,
            1
          ]
        },
        "examplePresetMet": false,
        "scope": "Measured real-size SVG; example targets are configurable recommendations, not a universal journal rule."
      }
    },
    {
      "variantId": "transformer-level0-paper-180",
      "fixture": "transformer",
      "level": 0,
      "preset": "paper",
      "widthMm": 180,
      "documentId": "canvas-architecture-model.Transformer-01ac6cd61f05-b0bd5bf0",
      "sourceDigest": "01ac6cd61f058e9de5230b0c371527a1fa2b4f73842019e0e5785d5f0deb0916",
      "irDigest": "b0bd5bf01fa364bf415f6aba9707f5d74d9b7bb058534c0dac54fc48fd3729e6",
      "expandedIds": [
        "call:instance:model.Transformer"
      ],
      "baselineCanvasCanonicalDigest": "0ed1f0c5dfe124a391c038f3d6a89dde0045aa4d2dd7c8468d457f97fad88280",
      "canvasFile": "/home/fzg/PycharmProjects/ArchCanvas/ArchCanvas_Model_Architecture_Studio/docs/evidence/visual-golds-au3-matrix/transformer-level0-paper-180.canvas.json",
      "svgFile": "/home/fzg/PycharmProjects/ArchCanvas/ArchCanvas_Model_Architecture_Studio/docs/evidence/visual-golds-au3-matrix/transformer-level0-paper-180.svg",
      "visibleNodes": 12,
      "physicalPreflight": {
        "mmWidth": 180.0,
        "minTextPt": 6.598,
        "nodeLabelPt": 9.53,
        "mainLinePt": 1.1,
        "minStrokePt": 0.953,
        "examplePreset": {
          "textPt": [
            7,
            9
          ],
          "mainLinePt": [
            0.5,
            1
          ]
        },
        "examplePresetMet": false,
        "scope": "Measured real-size SVG; example targets are configurable recommendations, not a universal journal rule."
      }
    },
    {
      "variantId": "transformer-level0-monochrome-85",
      "fixture": "transformer",
      "level": 0,
      "preset": "monochrome",
      "widthMm": 85,
      "documentId": "canvas-architecture-model.Transformer-01ac6cd61f05-b0bd5bf0",
      "sourceDigest": "01ac6cd61f058e9de5230b0c371527a1fa2b4f73842019e0e5785d5f0deb0916",
      "irDigest": "b0bd5bf01fa364bf415f6aba9707f5d74d9b7bb058534c0dac54fc48fd3729e6",
      "expandedIds": [
        "call:instance:model.Transformer"
      ],
      "baselineCanvasCanonicalDigest": "7b2d7b208c4020ae5a860368fc4fa6b3e9005a8750d6ab048898391c179c0aab",
      "canvasFile": "/home/fzg/PycharmProjects/ArchCanvas/ArchCanvas_Model_Architecture_Studio/docs/evidence/visual-golds-au3-matrix/transformer-level0-monochrome-85.canvas.json",
      "svgFile": "/home/fzg/PycharmProjects/ArchCanvas/ArchCanvas_Model_Architecture_Studio/docs/evidence/visual-golds-au3-matrix/transformer-level0-monochrome-85.svg",
      "visibleNodes": 12,
      "physicalPreflight": {
        "mmWidth": 85.0,
        "minTextPt": 3.116,
        "nodeLabelPt": 4.5,
        "mainLinePt": 0.519,
        "minStrokePt": 0.45,
        "examplePreset": {
          "textPt": [
            7,
            9
          ],
          "mainLinePt": [
            0.5,
            1
          ]
        },
        "examplePresetMet": false,
        "scope": "Measured real-size SVG; example targets are configurable recommendations, not a universal journal rule."
      }
    },
    {
      "variantId": "transformer-level0-monochrome-180",
      "fixture": "transformer",
      "level": 0,
      "preset": "monochrome",
      "widthMm": 180,
      "documentId": "canvas-architecture-model.Transformer-01ac6cd61f05-b0bd5bf0",
      "sourceDigest": "01ac6cd61f058e9de5230b0c371527a1fa2b4f73842019e0e5785d5f0deb0916",
      "irDigest": "b0bd5bf01fa364bf415f6aba9707f5d74d9b7bb058534c0dac54fc48fd3729e6",
      "expandedIds": [
        "call:instance:model.Transformer"
      ],
      "baselineCanvasCanonicalDigest": "b0d5b7e55cac3c6085590c3446ab6e1cafe49682be3c82cb8d91895398fb73cd",
      "canvasFile": "/home/fzg/PycharmProjects/ArchCanvas/ArchCanvas_Model_Architecture_Studio/docs/evidence/visual-golds-au3-matrix/transformer-level0-monochrome-180.canvas.json",
      "svgFile": "/home/fzg/PycharmProjects/ArchCanvas/ArchCanvas_Model_Architecture_Studio/docs/evidence/visual-golds-au3-matrix/transformer-level0-monochrome-180.svg",
      "visibleNodes": 12,
      "physicalPreflight": {
        "mmWidth": 180.0,
        "minTextPt": 6.598,
        "nodeLabelPt": 9.53,
        "mainLinePt": 1.1,
        "minStrokePt": 0.953,
        "examplePreset": {
          "textPt": [
            7,
            9
          ],
          "mainLinePt": [
            0.5,
            1
          ]
        },
        "examplePresetMet": false,
        "scope": "Measured real-size SVG; example targets are configurable recommendations, not a universal journal rule."
      }
    },
    {
      "variantId": "transformer-level1-paper-85",
      "fixture": "transformer",
      "level": 1,
      "preset": "paper",
      "widthMm": 85,
      "documentId": "canvas-architecture-model.Transformer-01ac6cd61f05-b0bd5bf0",
      "sourceDigest": "01ac6cd61f058e9de5230b0c371527a1fa2b4f73842019e0e5785d5f0deb0916",
      "irDigest": "b0bd5bf01fa364bf415f6aba9707f5d74d9b7bb058534c0dac54fc48fd3729e6",
      "expandedIds": [
        "call:instance:model.Transformer",
        "repeat:instance:model.Transformer.encoder",
        "call:instance:model.Transformer.decoder"
      ],
      "baselineCanvasCanonicalDigest": "b2e3de97a628906c465989fb1fb01187503a09790c926c2c7e049850db56eb86",
      "canvasFile": "/home/fzg/PycharmProjects/ArchCanvas/ArchCanvas_Model_Architecture_Studio/docs/evidence/visual-golds-au3-matrix/transformer-level1-paper-85.canvas.json",
      "svgFile": "/home/fzg/PycharmProjects/ArchCanvas/ArchCanvas_Model_Architecture_Studio/docs/evidence/visual-golds-au3-matrix/transformer-level1-paper-85.svg",
      "visibleNodes": 23,
      "physicalPreflight": {
        "mmWidth": 85.0,
        "minTextPt": 3.247,
        "nodeLabelPt": 4.221,
        "mainLinePt": 0.487,
        "minStrokePt": 0.422,
        "examplePreset": {
          "textPt": [
            7,
            9
          ],
          "mainLinePt": [
            0.5,
            1
          ]
        },
        "examplePresetMet": false,
        "scope": "Measured real-size SVG; example targets are configurable recommendations, not a universal journal rule."
      }
    },
    {
      "variantId": "transformer-level1-paper-180",
      "fixture": "transformer",
      "level": 1,
      "preset": "paper",
      "widthMm": 180,
      "documentId": "canvas-architecture-model.Transformer-01ac6cd61f05-b0bd5bf0",
      "sourceDigest": "01ac6cd61f058e9de5230b0c371527a1fa2b4f73842019e0e5785d5f0deb0916",
      "irDigest": "b0bd5bf01fa364bf415f6aba9707f5d74d9b7bb058534c0dac54fc48fd3729e6",
      "expandedIds": [
        "call:instance:model.Transformer",
        "repeat:instance:model.Transformer.encoder",
        "call:instance:model.Transformer.decoder"
      ],
      "baselineCanvasCanonicalDigest": "40af7135880ea19745e039db2920d31006d4191d3850cbbcd7f7df5a7ced201c",
      "canvasFile": "/home/fzg/PycharmProjects/ArchCanvas/ArchCanvas_Model_Architecture_Studio/docs/evidence/visual-golds-au3-matrix/transformer-level1-paper-180.canvas.json",
      "svgFile": "/home/fzg/PycharmProjects/ArchCanvas/ArchCanvas_Model_Architecture_Studio/docs/evidence/visual-golds-au3-matrix/transformer-level1-paper-180.svg",
      "visibleNodes": 23,
      "physicalPreflight": {
        "mmWidth": 180.0,
        "minTextPt": 6.876,
        "nodeLabelPt": 8.939,
        "mainLinePt": 1.031,
        "minStrokePt": 0.894,
        "examplePreset": {
          "textPt": [
            7,
            9
          ],
          "mainLinePt": [
            0.5,
            1
          ]
        },
        "examplePresetMet": false,
        "scope": "Measured real-size SVG; example targets are configurable recommendations, not a universal journal rule."
      }
    },
    {
      "variantId": "transformer-level1-monochrome-85",
      "fixture": "transformer",
      "level": 1,
      "preset": "monochrome",
      "widthMm": 85,
      "documentId": "canvas-architecture-model.Transformer-01ac6cd61f05-b0bd5bf0",
      "sourceDigest": "01ac6cd61f058e9de5230b0c371527a1fa2b4f73842019e0e5785d5f0deb0916",
      "irDigest": "b0bd5bf01fa364bf415f6aba9707f5d74d9b7bb058534c0dac54fc48fd3729e6",
      "expandedIds": [
        "call:instance:model.Transformer",
        "repeat:instance:model.Transformer.encoder",
        "call:instance:model.Transformer.decoder"
      ],
      "baselineCanvasCanonicalDigest": "ed81037b862436e27a4a29041cc55686faab80672645ade2bbd50e9d9985683b",
      "canvasFile": "/home/fzg/PycharmProjects/ArchCanvas/ArchCanvas_Model_Architecture_Studio/docs/evidence/visual-golds-au3-matrix/transformer-level1-monochrome-85.canvas.json",
      "svgFile": "/home/fzg/PycharmProjects/ArchCanvas/ArchCanvas_Model_Architecture_Studio/docs/evidence/visual-golds-au3-matrix/transformer-level1-monochrome-85.svg",
      "visibleNodes": 23,
      "physicalPreflight": {
        "mmWidth": 85.0,
        "minTextPt": 3.247,
        "nodeLabelPt": 4.221,
        "mainLinePt": 0.487,
        "minStrokePt": 0.422,
        "examplePreset": {
          "textPt": [
            7,
            9
          ],
          "mainLinePt": [
            0.5,
            1
          ]
        },
        "examplePresetMet": false,
        "scope": "Measured real-size SVG; example targets are configurable recommendations, not a universal journal rule."
      }
    },
    {
      "variantId": "transformer-level1-monochrome-180",
      "fixture": "transformer",
      "level": 1,
      "preset": "monochrome",
      "widthMm": 180,
      "documentId": "canvas-architecture-model.Transformer-01ac6cd61f05-b0bd5bf0",
      "sourceDigest": "01ac6cd61f058e9de5230b0c371527a1fa2b4f73842019e0e5785d5f0deb0916",
      "irDigest": "b0bd5bf01fa364bf415f6aba9707f5d74d9b7bb058534c0dac54fc48fd3729e6",
      "expandedIds": [
        "call:instance:model.Transformer",
        "repeat:instance:model.Transformer.encoder",
        "call:instance:model.Transformer.decoder"
      ],
      "baselineCanvasCanonicalDigest": "9ad5266b147fd9bc8f6967d1b4456b26d5211ce761339c6b58470dc2cae58a32",
      "canvasFile": "/home/fzg/PycharmProjects/ArchCanvas/ArchCanvas_Model_Architecture_Studio/docs/evidence/visual-golds-au3-matrix/transformer-level1-monochrome-180.canvas.json",
      "svgFile": "/home/fzg/PycharmProjects/ArchCanvas/ArchCanvas_Model_Architecture_Studio/docs/evidence/visual-golds-au3-matrix/transformer-level1-monochrome-180.svg",
      "visibleNodes": 23,
      "physicalPreflight": {
        "mmWidth": 180.0,
        "minTextPt": 6.876,
        "nodeLabelPt": 8.939,
        "mainLinePt": 1.031,
        "minStrokePt": 0.894,
        "examplePreset": {
          "textPt": [
            7,
            9
          ],
          "mainLinePt": [
            0.5,
            1
          ]
        },
        "examplePresetMet": false,
        "scope": "Measured real-size SVG; example targets are configurable recommendations, not a universal journal rule."
      }
    },
    {
      "variantId": "transformer-level2-paper-85",
      "fixture": "transformer",
      "level": 2,
      "preset": "paper",
      "widthMm": 85,
      "documentId": "canvas-architecture-model.Transformer-01ac6cd61f05-b0bd5bf0",
      "sourceDigest": "01ac6cd61f058e9de5230b0c371527a1fa2b4f73842019e0e5785d5f0deb0916",
      "irDigest": "b0bd5bf01fa364bf415f6aba9707f5d74d9b7bb058534c0dac54fc48fd3729e6",
      "expandedIds": [
        "call:instance:model.Transformer",
        "repeat:instance:model.Transformer.encoder",
        "call:instance:model.Transformer.encoder.0",
        "call:instance:model.Transformer.encoder.1",
        "call:instance:model.Transformer.decoder",
        "call:instance:model.Transformer.decoder.feedforward"
      ],
      "baselineCanvasCanonicalDigest": "f28ca17fd54760f37ae39d83798fa48e023111a841fb5263e082e91bc207b897",
      "canvasFile": "/home/fzg/PycharmProjects/ArchCanvas/ArchCanvas_Model_Architecture_Studio/docs/evidence/visual-golds-au3-matrix/transformer-level2-paper-85.canvas.json",
      "svgFile": "/home/fzg/PycharmProjects/ArchCanvas/ArchCanvas_Model_Architecture_Studio/docs/evidence/visual-golds-au3-matrix/transformer-level2-paper-85.svg",
      "visibleNodes": 41,
      "physicalPreflight": {
        "mmWidth": 85.0,
        "minTextPt": 2.701,
        "nodeLabelPt": 3.512,
        "mainLinePt": 0.405,
        "minStrokePt": 0.351,
        "examplePreset": {
          "textPt": [
            7,
            9
          ],
          "mainLinePt": [
            0.5,
            1
          ]
        },
        "examplePresetMet": false,
        "scope": "Measured real-size SVG; example targets are configurable recommendations, not a universal journal rule."
      }
    },
    {
      "variantId": "transformer-level2-paper-180",
      "fixture": "transformer",
      "level": 2,
      "preset": "paper",
      "widthMm": 180,
      "documentId": "canvas-architecture-model.Transformer-01ac6cd61f05-b0bd5bf0",
      "sourceDigest": "01ac6cd61f058e9de5230b0c371527a1fa2b4f73842019e0e5785d5f0deb0916",
      "irDigest": "b0bd5bf01fa364bf415f6aba9707f5d74d9b7bb058534c0dac54fc48fd3729e6",
      "expandedIds": [
        "call:instance:model.Transformer",
        "repeat:instance:model.Transformer.encoder",
        "call:instance:model.Transformer.encoder.0",
        "call:instance:model.Transformer.encoder.1",
        "call:instance:model.Transformer.decoder",
        "call:instance:model.Transformer.decoder.feedforward"
      ],
      "baselineCanvasCanonicalDigest": "ecec2d90df48b32c33cac9c07fab578523bf2784b9a433f5f97819106f9a86f4",
      "canvasFile": "/home/fzg/PycharmProjects/ArchCanvas/ArchCanvas_Model_Architecture_Studio/docs/evidence/visual-golds-au3-matrix/transformer-level2-paper-180.canvas.json",
      "svgFile": "/home/fzg/PycharmProjects/ArchCanvas/ArchCanvas_Model_Architecture_Studio/docs/evidence/visual-golds-au3-matrix/transformer-level2-paper-180.svg",
      "visibleNodes": 41,
      "physicalPreflight": {
        "mmWidth": 180.0,
        "minTextPt": 5.72,
        "nodeLabelPt": 7.436,
        "mainLinePt": 0.858,
        "minStrokePt": 0.744,
        "examplePreset": {
          "textPt": [
            7,
            9
          ],
          "mainLinePt": [
            0.5,
            1
          ]
        },
        "examplePresetMet": false,
        "scope": "Measured real-size SVG; example targets are configurable recommendations, not a universal journal rule."
      }
    },
    {
      "variantId": "transformer-level2-monochrome-85",
      "fixture": "transformer",
      "level": 2,
      "preset": "monochrome",
      "widthMm": 85,
      "documentId": "canvas-architecture-model.Transformer-01ac6cd61f05-b0bd5bf0",
      "sourceDigest": "01ac6cd61f058e9de5230b0c371527a1fa2b4f73842019e0e5785d5f0deb0916",
      "irDigest": "b0bd5bf01fa364bf415f6aba9707f5d74d9b7bb058534c0dac54fc48fd3729e6",
      "expandedIds": [
        "call:instance:model.Transformer",
        "repeat:instance:model.Transformer.encoder",
        "call:instance:model.Transformer.encoder.0",
        "call:instance:model.Transformer.encoder.1",
        "call:instance:model.Transformer.decoder",
        "call:instance:model.Transformer.decoder.feedforward"
      ],
      "baselineCanvasCanonicalDigest": "e1bb93ef91d47d7b877cd1efe271b8d295df187d4438d525e5908fd78f5bc4e9",
      "canvasFile": "/home/fzg/PycharmProjects/ArchCanvas/ArchCanvas_Model_Architecture_Studio/docs/evidence/visual-golds-au3-matrix/transformer-level2-monochrome-85.canvas.json",
      "svgFile": "/home/fzg/PycharmProjects/ArchCanvas/ArchCanvas_Model_Architecture_Studio/docs/evidence/visual-golds-au3-matrix/transformer-level2-monochrome-85.svg",
      "visibleNodes": 41,
      "physicalPreflight": {
        "mmWidth": 85.0,
        "minTextPt": 2.701,
        "nodeLabelPt": 3.512,
        "mainLinePt": 0.405,
        "minStrokePt": 0.351,
        "examplePreset": {
          "textPt": [
            7,
            9
          ],
          "mainLinePt": [
            0.5,
            1
          ]
        },
        "examplePresetMet": false,
        "scope": "Measured real-size SVG; example targets are configurable recommendations, not a universal journal rule."
      }
    },
    {
      "variantId": "transformer-level2-monochrome-180",
      "fixture": "transformer",
      "level": 2,
      "preset": "monochrome",
      "widthMm": 180,
      "documentId": "canvas-architecture-model.Transformer-01ac6cd61f05-b0bd5bf0",
      "sourceDigest": "01ac6cd61f058e9de5230b0c371527a1fa2b4f73842019e0e5785d5f0deb0916",
      "irDigest": "b0bd5bf01fa364bf415f6aba9707f5d74d9b7bb058534c0dac54fc48fd3729e6",
      "expandedIds": [
        "call:instance:model.Transformer",
        "repeat:instance:model.Transformer.encoder",
        "call:instance:model.Transformer.encoder.0",
        "call:instance:model.Transformer.encoder.1",
        "call:instance:model.Transformer.decoder",
        "call:instance:model.Transformer.decoder.feedforward"
      ],
      "baselineCanvasCanonicalDigest": "5042bee8da9e429499805abc0ff2561321cc391f16b52de453da234b7215de86",
      "canvasFile": "/home/fzg/PycharmProjects/ArchCanvas/ArchCanvas_Model_Architecture_Studio/docs/evidence/visual-golds-au3-matrix/transformer-level2-monochrome-180.canvas.json",
      "svgFile": "/home/fzg/PycharmProjects/ArchCanvas/ArchCanvas_Model_Architecture_Studio/docs/evidence/visual-golds-au3-matrix/transformer-level2-monochrome-180.svg",
      "visibleNodes": 41,
      "physicalPreflight": {
        "mmWidth": 180.0,
        "minTextPt": 5.72,
        "nodeLabelPt": 7.436,
        "mainLinePt": 0.858,
        "minStrokePt": 0.744,
        "examplePreset": {
          "textPt": [
            7,
            9
          ],
          "mainLinePt": [
            0.5,
            1
          ]
        },
        "examplePresetMet": false,
        "scope": "Measured real-size SVG; example targets are configurable recommendations, not a universal journal rule."
      }
    },
    {
      "variantId": "transformer-level3-paper-85",
      "fixture": "transformer",
      "level": 3,
      "preset": "paper",
      "widthMm": 85,
      "documentId": "canvas-architecture-model.Transformer-01ac6cd61f05-b0bd5bf0",
      "sourceDigest": "01ac6cd61f058e9de5230b0c371527a1fa2b4f73842019e0e5785d5f0deb0916",
      "irDigest": "b0bd5bf01fa364bf415f6aba9707f5d74d9b7bb058534c0dac54fc48fd3729e6",
      "expandedIds": [
        "call:instance:model.Transformer",
        "repeat:instance:model.Transformer.encoder",
        "call:instance:model.Transformer.encoder.0",
        "call:instance:model.Transformer.encoder.0.feedforward",
        "call:instance:model.Transformer.encoder.1",
        "call:instance:model.Transformer.encoder.1.feedforward",
        "call:instance:model.Transformer.decoder",
        "call:instance:model.Transformer.decoder.feedforward"
      ],
      "baselineCanvasCanonicalDigest": "fc1e1c1a49d3f5f337e3f8e277105ad467eb230fd905a49a660e257adc90d516",
      "canvasFile": "/home/fzg/PycharmProjects/ArchCanvas/ArchCanvas_Model_Architecture_Studio/docs/evidence/visual-golds-au3-matrix/transformer-level3-paper-85.canvas.json",
      "svgFile": "/home/fzg/PycharmProjects/ArchCanvas/ArchCanvas_Model_Architecture_Studio/docs/evidence/visual-golds-au3-matrix/transformer-level3-paper-85.svg",
      "visibleNodes": 49,
      "physicalPreflight": {
        "mmWidth": 85.0,
        "minTextPt": 2.561,
        "nodeLabelPt": 3.329,
        "mainLinePt": 0.384,
        "minStrokePt": 0.333,
        "examplePreset": {
          "textPt": [
            7,
            9
          ],
          "mainLinePt": [
            0.5,
            1
          ]
        },
        "examplePresetMet": false,
        "scope": "Measured real-size SVG; example targets are configurable recommendations, not a universal journal rule."
      }
    },
    {
      "variantId": "transformer-level3-paper-180",
      "fixture": "transformer",
      "level": 3,
      "preset": "paper",
      "widthMm": 180,
      "documentId": "canvas-architecture-model.Transformer-01ac6cd61f05-b0bd5bf0",
      "sourceDigest": "01ac6cd61f058e9de5230b0c371527a1fa2b4f73842019e0e5785d5f0deb0916",
      "irDigest": "b0bd5bf01fa364bf415f6aba9707f5d74d9b7bb058534c0dac54fc48fd3729e6",
      "expandedIds": [
        "call:instance:model.Transformer",
        "repeat:instance:model.Transformer.encoder",
        "call:instance:model.Transformer.encoder.0",
        "call:instance:model.Transformer.encoder.0.feedforward",
        "call:instance:model.Transformer.encoder.1",
        "call:instance:model.Transformer.encoder.1.feedforward",
        "call:instance:model.Transformer.decoder",
        "call:instance:model.Transformer.decoder.feedforward"
      ],
      "baselineCanvasCanonicalDigest": "2e9a1d83ae668ce8cbe25652b5f400bc789ab9ba7586f7f12fc96fe29d33f4e6",
      "canvasFile": "/home/fzg/PycharmProjects/ArchCanvas/ArchCanvas_Model_Architecture_Studio/docs/evidence/visual-golds-au3-matrix/transformer-level3-paper-180.canvas.json",
      "svgFile": "/home/fzg/PycharmProjects/ArchCanvas/ArchCanvas_Model_Architecture_Studio/docs/evidence/visual-golds-au3-matrix/transformer-level3-paper-180.svg",
      "visibleNodes": 49,
      "physicalPreflight": {
        "mmWidth": 180.0,
        "minTextPt": 5.422,
        "nodeLabelPt": 7.049,
        "mainLinePt": 0.813,
        "minStrokePt": 0.705,
        "examplePreset": {
          "textPt": [
            7,
            9
          ],
          "mainLinePt": [
            0.5,
            1
          ]
        },
        "examplePresetMet": false,
        "scope": "Measured real-size SVG; example targets are configurable recommendations, not a universal journal rule."
      }
    },
    {
      "variantId": "transformer-level3-monochrome-85",
      "fixture": "transformer",
      "level": 3,
      "preset": "monochrome",
      "widthMm": 85,
      "documentId": "canvas-architecture-model.Transformer-01ac6cd61f05-b0bd5bf0",
      "sourceDigest": "01ac6cd61f058e9de5230b0c371527a1fa2b4f73842019e0e5785d5f0deb0916",
      "irDigest": "b0bd5bf01fa364bf415f6aba9707f5d74d9b7bb058534c0dac54fc48fd3729e6",
      "expandedIds": [
        "call:instance:model.Transformer",
        "repeat:instance:model.Transformer.encoder",
        "call:instance:model.Transformer.encoder.0",
        "call:instance:model.Transformer.encoder.0.feedforward",
        "call:instance:model.Transformer.encoder.1",
        "call:instance:model.Transformer.encoder.1.feedforward",
        "call:instance:model.Transformer.decoder",
        "call:instance:model.Transformer.decoder.feedforward"
      ],
      "baselineCanvasCanonicalDigest": "db77efd39f829a6be7d0cf0fa621495c06b487d0d12b9d8a5a183c29003760fc",
      "canvasFile": "/home/fzg/PycharmProjects/ArchCanvas/ArchCanvas_Model_Architecture_Studio/docs/evidence/visual-golds-au3-matrix/transformer-level3-monochrome-85.canvas.json",
      "svgFile": "/home/fzg/PycharmProjects/ArchCanvas/ArchCanvas_Model_Architecture_Studio/docs/evidence/visual-golds-au3-matrix/transformer-level3-monochrome-85.svg",
      "visibleNodes": 49,
      "physicalPreflight": {
        "mmWidth": 85.0,
        "minTextPt": 2.561,
        "nodeLabelPt": 3.329,
        "mainLinePt": 0.384,
        "minStrokePt": 0.333,
        "examplePreset": {
          "textPt": [
            7,
            9
          ],
          "mainLinePt": [
            0.5,
            1
          ]
        },
        "examplePresetMet": false,
        "scope": "Measured real-size SVG; example targets are configurable recommendations, not a universal journal rule."
      }
    },
    {
      "variantId": "transformer-level3-monochrome-180",
      "fixture": "transformer",
      "level": 3,
      "preset": "monochrome",
      "widthMm": 180,
      "documentId": "canvas-architecture-model.Transformer-01ac6cd61f05-b0bd5bf0",
      "sourceDigest": "01ac6cd61f058e9de5230b0c371527a1fa2b4f73842019e0e5785d5f0deb0916",
      "irDigest": "b0bd5bf01fa364bf415f6aba9707f5d74d9b7bb058534c0dac54fc48fd3729e6",
      "expandedIds": [
        "call:instance:model.Transformer",
        "repeat:instance:model.Transformer.encoder",
        "call:instance:model.Transformer.encoder.0",
        "call:instance:model.Transformer.encoder.0.feedforward",
        "call:instance:model.Transformer.encoder.1",
        "call:instance:model.Transformer.encoder.1.feedforward",
        "call:instance:model.Transformer.decoder",
        "call:instance:model.Transformer.decoder.feedforward"
      ],
      "baselineCanvasCanonicalDigest": "013e70cb5c953f232db1110a36ad27bcd50dfffeaa3c8d4cacc6460ef43abd74",
      "canvasFile": "/home/fzg/PycharmProjects/ArchCanvas/ArchCanvas_Model_Architecture_Studio/docs/evidence/visual-golds-au3-matrix/transformer-level3-monochrome-180.canvas.json",
      "svgFile": "/home/fzg/PycharmProjects/ArchCanvas/ArchCanvas_Model_Architecture_Studio/docs/evidence/visual-golds-au3-matrix/transformer-level3-monochrome-180.svg",
      "visibleNodes": 49,
      "physicalPreflight": {
        "mmWidth": 180.0,
        "minTextPt": 5.422,
        "nodeLabelPt": 7.049,
        "mainLinePt": 0.813,
        "minStrokePt": 0.705,
        "examplePreset": {
          "textPt": [
            7,
            9
          ],
          "mainLinePt": [
            0.5,
            1
          ]
        },
        "examplePresetMet": false,
        "scope": "Measured real-size SVG; example targets are configurable recommendations, not a universal journal rule."
      }
    },
    {
      "variantId": "mlp-level0-paper-85",
      "fixture": "mlp",
      "level": 0,
      "preset": "paper",
      "widthMm": 85,
      "documentId": "canvas-architecture-model.MLP-3654a3534b85-ab8e9edc",
      "sourceDigest": "3654a3534b85af66c27e0a5ae154ac8cbe461bfe80d2786efb413e54a7365f17",
      "irDigest": "ab8e9edcf92df51583e5de7682b85072c483831855408f6509b0a4ddf304b72f",
      "expandedIds": [
        "call:instance:model.MLP"
      ],
      "baselineCanvasCanonicalDigest": "838ae6418cac6f05580457b9f8abb90799e2252187e770e1b2011158191044b4",
      "canvasFile": "/home/fzg/PycharmProjects/ArchCanvas/ArchCanvas_Model_Architecture_Studio/docs/evidence/visual-golds-au3-matrix/mlp-level0-paper-85.canvas.json",
      "svgFile": "/home/fzg/PycharmProjects/ArchCanvas/ArchCanvas_Model_Architecture_Studio/docs/evidence/visual-golds-au3-matrix/mlp-level0-paper-85.svg",
      "visibleNodes": 4,
      "physicalPreflight": {
        "mmWidth": 85.0,
        "minTextPt": 4.049,
        "nodeLabelPt": 5.264,
        "mainLinePt": 0.607,
        "minStrokePt": 0.526,
        "examplePreset": {
          "textPt": [
            7,
            9
          ],
          "mainLinePt": [
            0.5,
            1
          ]
        },
        "examplePresetMet": false,
        "scope": "Measured real-size SVG; example targets are configurable recommendations, not a universal journal rule."
      }
    },
    {
      "variantId": "mlp-level0-paper-180",
      "fixture": "mlp",
      "level": 0,
      "preset": "paper",
      "widthMm": 180,
      "documentId": "canvas-architecture-model.MLP-3654a3534b85-ab8e9edc",
      "sourceDigest": "3654a3534b85af66c27e0a5ae154ac8cbe461bfe80d2786efb413e54a7365f17",
      "irDigest": "ab8e9edcf92df51583e5de7682b85072c483831855408f6509b0a4ddf304b72f",
      "expandedIds": [
        "call:instance:model.MLP"
      ],
      "baselineCanvasCanonicalDigest": "2ce91a81d34bcd08b4fbcb1982593d8364e21dbccd21a6095485c44ba876fde3",
      "canvasFile": "/home/fzg/PycharmProjects/ArchCanvas/ArchCanvas_Model_Architecture_Studio/docs/evidence/visual-golds-au3-matrix/mlp-level0-paper-180.canvas.json",
      "svgFile": "/home/fzg/PycharmProjects/ArchCanvas/ArchCanvas_Model_Architecture_Studio/docs/evidence/visual-golds-au3-matrix/mlp-level0-paper-180.svg",
      "visibleNodes": 4,
      "physicalPreflight": {
        "mmWidth": 180.0,
        "minTextPt": 8.575,
        "nodeLabelPt": 11.148,
        "mainLinePt": 1.286,
        "minStrokePt": 1.115,
        "examplePreset": {
          "textPt": [
            7,
            9
          ],
          "mainLinePt": [
            0.5,
            1
          ]
        },
        "examplePresetMet": false,
        "scope": "Measured real-size SVG; example targets are configurable recommendations, not a universal journal rule."
      }
    },
    {
      "variantId": "mlp-level0-monochrome-85",
      "fixture": "mlp",
      "level": 0,
      "preset": "monochrome",
      "widthMm": 85,
      "documentId": "canvas-architecture-model.MLP-3654a3534b85-ab8e9edc",
      "sourceDigest": "3654a3534b85af66c27e0a5ae154ac8cbe461bfe80d2786efb413e54a7365f17",
      "irDigest": "ab8e9edcf92df51583e5de7682b85072c483831855408f6509b0a4ddf304b72f",
      "expandedIds": [
        "call:instance:model.MLP"
      ],
      "baselineCanvasCanonicalDigest": "f6d0fb2ea905132e5fe0eb780c61fc05c90c3928ae5cf56e48e0132808dd39f5",
      "canvasFile": "/home/fzg/PycharmProjects/ArchCanvas/ArchCanvas_Model_Architecture_Studio/docs/evidence/visual-golds-au3-matrix/mlp-level0-monochrome-85.canvas.json",
      "svgFile": "/home/fzg/PycharmProjects/ArchCanvas/ArchCanvas_Model_Architecture_Studio/docs/evidence/visual-golds-au3-matrix/mlp-level0-monochrome-85.svg",
      "visibleNodes": 4,
      "physicalPreflight": {
        "mmWidth": 85.0,
        "minTextPt": 4.049,
        "nodeLabelPt": 5.264,
        "mainLinePt": 0.607,
        "minStrokePt": 0.526,
        "examplePreset": {
          "textPt": [
            7,
            9
          ],
          "mainLinePt": [
            0.5,
            1
          ]
        },
        "examplePresetMet": false,
        "scope": "Measured real-size SVG; example targets are configurable recommendations, not a universal journal rule."
      }
    },
    {
      "variantId": "mlp-level0-monochrome-180",
      "fixture": "mlp",
      "level": 0,
      "preset": "monochrome",
      "widthMm": 180,
      "documentId": "canvas-architecture-model.MLP-3654a3534b85-ab8e9edc",
      "sourceDigest": "3654a3534b85af66c27e0a5ae154ac8cbe461bfe80d2786efb413e54a7365f17",
      "irDigest": "ab8e9edcf92df51583e5de7682b85072c483831855408f6509b0a4ddf304b72f",
      "expandedIds": [
        "call:instance:model.MLP"
      ],
      "baselineCanvasCanonicalDigest": "176e5c0ca8484fe93292e13d1bfd7c538658d0a1dd69f566a847c88b639a19f2",
      "canvasFile": "/home/fzg/PycharmProjects/ArchCanvas/ArchCanvas_Model_Architecture_Studio/docs/evidence/visual-golds-au3-matrix/mlp-level0-monochrome-180.canvas.json",
      "svgFile": "/home/fzg/PycharmProjects/ArchCanvas/ArchCanvas_Model_Architecture_Studio/docs/evidence/visual-golds-au3-matrix/mlp-level0-monochrome-180.svg",
      "visibleNodes": 4,
      "physicalPreflight": {
        "mmWidth": 180.0,
        "minTextPt": 8.575,
        "nodeLabelPt": 11.148,
        "mainLinePt": 1.286,
        "minStrokePt": 1.115,
        "examplePreset": {
          "textPt": [
            7,
            9
          ],
          "mainLinePt": [
            0.5,
            1
          ]
        },
        "examplePresetMet": false,
        "scope": "Measured real-size SVG; example targets are configurable recommendations, not a universal journal rule."
      }
    },
    {
      "variantId": "mlp-level1-paper-85",
      "fixture": "mlp",
      "level": 1,
      "preset": "paper",
      "widthMm": 85,
      "documentId": "canvas-architecture-model.MLP-3654a3534b85-ab8e9edc",
      "sourceDigest": "3654a3534b85af66c27e0a5ae154ac8cbe461bfe80d2786efb413e54a7365f17",
      "irDigest": "ab8e9edcf92df51583e5de7682b85072c483831855408f6509b0a4ddf304b72f",
      "expandedIds": [
        "call:instance:model.MLP",
        "call:instance:model.MLP.network"
      ],
      "baselineCanvasCanonicalDigest": "66ee784b69152449bfb242d113731f28a979c2f2b904a432a0210d8501bc3908",
      "canvasFile": "/home/fzg/PycharmProjects/ArchCanvas/ArchCanvas_Model_Architecture_Studio/docs/evidence/visual-golds-au3-matrix/mlp-level1-paper-85.canvas.json",
      "svgFile": "/home/fzg/PycharmProjects/ArchCanvas/ArchCanvas_Model_Architecture_Studio/docs/evidence/visual-golds-au3-matrix/mlp-level1-paper-85.svg",
      "visibleNodes": 8,
      "physicalPreflight": {
        "mmWidth": 85.0,
        "minTextPt": 4.049,
        "nodeLabelPt": 5.264,
        "mainLinePt": 0.607,
        "minStrokePt": 0.526,
        "examplePreset": {
          "textPt": [
            7,
            9
          ],
          "mainLinePt": [
            0.5,
            1
          ]
        },
        "examplePresetMet": false,
        "scope": "Measured real-size SVG; example targets are configurable recommendations, not a universal journal rule."
      }
    },
    {
      "variantId": "mlp-level1-paper-180",
      "fixture": "mlp",
      "level": 1,
      "preset": "paper",
      "widthMm": 180,
      "documentId": "canvas-architecture-model.MLP-3654a3534b85-ab8e9edc",
      "sourceDigest": "3654a3534b85af66c27e0a5ae154ac8cbe461bfe80d2786efb413e54a7365f17",
      "irDigest": "ab8e9edcf92df51583e5de7682b85072c483831855408f6509b0a4ddf304b72f",
      "expandedIds": [
        "call:instance:model.MLP",
        "call:instance:model.MLP.network"
      ],
      "baselineCanvasCanonicalDigest": "2b00c99194564cd6e032c93a519e547dd6246960c28f4a1e135af9c7ce67c6ce",
      "canvasFile": "/home/fzg/PycharmProjects/ArchCanvas/ArchCanvas_Model_Architecture_Studio/docs/evidence/visual-golds-au3-matrix/mlp-level1-paper-180.canvas.json",
      "svgFile": "/home/fzg/PycharmProjects/ArchCanvas/ArchCanvas_Model_Architecture_Studio/docs/evidence/visual-golds-au3-matrix/mlp-level1-paper-180.svg",
      "visibleNodes": 8,
      "physicalPreflight": {
        "mmWidth": 180.0,
        "minTextPt": 8.575,
        "nodeLabelPt": 11.148,
        "mainLinePt": 1.286,
        "minStrokePt": 1.115,
        "examplePreset": {
          "textPt": [
            7,
            9
          ],
          "mainLinePt": [
            0.5,
            1
          ]
        },
        "examplePresetMet": false,
        "scope": "Measured real-size SVG; example targets are configurable recommendations, not a universal journal rule."
      }
    },
    {
      "variantId": "mlp-level1-monochrome-85",
      "fixture": "mlp",
      "level": 1,
      "preset": "monochrome",
      "widthMm": 85,
      "documentId": "canvas-architecture-model.MLP-3654a3534b85-ab8e9edc",
      "sourceDigest": "3654a3534b85af66c27e0a5ae154ac8cbe461bfe80d2786efb413e54a7365f17",
      "irDigest": "ab8e9edcf92df51583e5de7682b85072c483831855408f6509b0a4ddf304b72f",
      "expandedIds": [
        "call:instance:model.MLP",
        "call:instance:model.MLP.network"
      ],
      "baselineCanvasCanonicalDigest": "d6dbcee4a958c59cb4cc00e9c180f27d7d791856a11f8c475a9c3c93fcab0fb7",
      "canvasFile": "/home/fzg/PycharmProjects/ArchCanvas/ArchCanvas_Model_Architecture_Studio/docs/evidence/visual-golds-au3-matrix/mlp-level1-monochrome-85.canvas.json",
      "svgFile": "/home/fzg/PycharmProjects/ArchCanvas/ArchCanvas_Model_Architecture_Studio/docs/evidence/visual-golds-au3-matrix/mlp-level1-monochrome-85.svg",
      "visibleNodes": 8,
      "physicalPreflight": {
        "mmWidth": 85.0,
        "minTextPt": 4.049,
        "nodeLabelPt": 5.264,
        "mainLinePt": 0.607,
        "minStrokePt": 0.526,
        "examplePreset": {
          "textPt": [
            7,
            9
          ],
          "mainLinePt": [
            0.5,
            1
          ]
        },
        "examplePresetMet": false,
        "scope": "Measured real-size SVG; example targets are configurable recommendations, not a universal journal rule."
      }
    },
    {
      "variantId": "mlp-level1-monochrome-180",
      "fixture": "mlp",
      "level": 1,
      "preset": "monochrome",
      "widthMm": 180,
      "documentId": "canvas-architecture-model.MLP-3654a3534b85-ab8e9edc",
      "sourceDigest": "3654a3534b85af66c27e0a5ae154ac8cbe461bfe80d2786efb413e54a7365f17",
      "irDigest": "ab8e9edcf92df51583e5de7682b85072c483831855408f6509b0a4ddf304b72f",
      "expandedIds": [
        "call:instance:model.MLP",
        "call:instance:model.MLP.network"
      ],
      "baselineCanvasCanonicalDigest": "2d5f3d8efa66a623c69bc66cf947d591da1af59818d807822c28ca8493a5c342",
      "canvasFile": "/home/fzg/PycharmProjects/ArchCanvas/ArchCanvas_Model_Architecture_Studio/docs/evidence/visual-golds-au3-matrix/mlp-level1-monochrome-180.canvas.json",
      "svgFile": "/home/fzg/PycharmProjects/ArchCanvas/ArchCanvas_Model_Architecture_Studio/docs/evidence/visual-golds-au3-matrix/mlp-level1-monochrome-180.svg",
      "visibleNodes": 8,
      "physicalPreflight": {
        "mmWidth": 180.0,
        "minTextPt": 8.575,
        "nodeLabelPt": 11.148,
        "mainLinePt": 1.286,
        "minStrokePt": 1.115,
        "examplePreset": {
          "textPt": [
            7,
            9
          ],
          "mainLinePt": [
            0.5,
            1
          ]
        },
        "examplePresetMet": false,
        "scope": "Measured real-size SVG; example targets are configurable recommendations, not a universal journal rule."
      }
    },
    {
      "variantId": "residual_cnn-level0-paper-85",
      "fixture": "residual_cnn",
      "level": 0,
      "preset": "paper",
      "widthMm": 85,
      "documentId": "canvas-architecture-model.ResidualCNN-321c9de228e6-15e673da",
      "sourceDigest": "321c9de228e64557a14c2f6e53e659daa6c4c88f45594b97632940a730e96624",
      "irDigest": "15e673daa52db933a56ffa707b88f3260e72ea211928da4b533bbed46884c137",
      "expandedIds": [
        "call:instance:model.ResidualCNN"
      ],
      "baselineCanvasCanonicalDigest": "32d927621df7f145a2a636665012838c0211b4349934c7d2e4be4d87b0b0bb6e",
      "canvasFile": "/home/fzg/PycharmProjects/ArchCanvas/ArchCanvas_Model_Architecture_Studio/docs/evidence/visual-golds-au3-matrix/residual_cnn-level0-paper-85.canvas.json",
      "svgFile": "/home/fzg/PycharmProjects/ArchCanvas/ArchCanvas_Model_Architecture_Studio/docs/evidence/visual-golds-au3-matrix/residual_cnn-level0-paper-85.svg",
      "visibleNodes": 8,
      "physicalPreflight": {
        "mmWidth": 85.0,
        "minTextPt": 4.049,
        "nodeLabelPt": 5.264,
        "mainLinePt": 0.607,
        "minStrokePt": 0.526,
        "examplePreset": {
          "textPt": [
            7,
            9
          ],
          "mainLinePt": [
            0.5,
            1
          ]
        },
        "examplePresetMet": false,
        "scope": "Measured real-size SVG; example targets are configurable recommendations, not a universal journal rule."
      }
    },
    {
      "variantId": "residual_cnn-level0-paper-180",
      "fixture": "residual_cnn",
      "level": 0,
      "preset": "paper",
      "widthMm": 180,
      "documentId": "canvas-architecture-model.ResidualCNN-321c9de228e6-15e673da",
      "sourceDigest": "321c9de228e64557a14c2f6e53e659daa6c4c88f45594b97632940a730e96624",
      "irDigest": "15e673daa52db933a56ffa707b88f3260e72ea211928da4b533bbed46884c137",
      "expandedIds": [
        "call:instance:model.ResidualCNN"
      ],
      "baselineCanvasCanonicalDigest": "ff9c1ae53dbe826626e832db2b15a06f59dc7759eafaa8195b150e7ea07014ad",
      "canvasFile": "/home/fzg/PycharmProjects/ArchCanvas/ArchCanvas_Model_Architecture_Studio/docs/evidence/visual-golds-au3-matrix/residual_cnn-level0-paper-180.canvas.json",
      "svgFile": "/home/fzg/PycharmProjects/ArchCanvas/ArchCanvas_Model_Architecture_Studio/docs/evidence/visual-golds-au3-matrix/residual_cnn-level0-paper-180.svg",
      "visibleNodes": 8,
      "physicalPreflight": {
        "mmWidth": 180.0,
        "minTextPt": 8.575,
        "nodeLabelPt": 11.148,
        "mainLinePt": 1.286,
        "minStrokePt": 1.115,
        "examplePreset": {
          "textPt": [
            7,
            9
          ],
          "mainLinePt": [
            0.5,
            1
          ]
        },
        "examplePresetMet": false,
        "scope": "Measured real-size SVG; example targets are configurable recommendations, not a universal journal rule."
      }
    },
    {
      "variantId": "residual_cnn-level0-monochrome-85",
      "fixture": "residual_cnn",
      "level": 0,
      "preset": "monochrome",
      "widthMm": 85,
      "documentId": "canvas-architecture-model.ResidualCNN-321c9de228e6-15e673da",
      "sourceDigest": "321c9de228e64557a14c2f6e53e659daa6c4c88f45594b97632940a730e96624",
      "irDigest": "15e673daa52db933a56ffa707b88f3260e72ea211928da4b533bbed46884c137",
      "expandedIds": [
        "call:instance:model.ResidualCNN"
      ],
      "baselineCanvasCanonicalDigest": "ea1a6bf0c7d2e09704542f8c1622740b63117a4ce9207d7140fb95f76c897460",
      "canvasFile": "/home/fzg/PycharmProjects/ArchCanvas/ArchCanvas_Model_Architecture_Studio/docs/evidence/visual-golds-au3-matrix/residual_cnn-level0-monochrome-85.canvas.json",
      "svgFile": "/home/fzg/PycharmProjects/ArchCanvas/ArchCanvas_Model_Architecture_Studio/docs/evidence/visual-golds-au3-matrix/residual_cnn-level0-monochrome-85.svg",
      "visibleNodes": 8,
      "physicalPreflight": {
        "mmWidth": 85.0,
        "minTextPt": 4.049,
        "nodeLabelPt": 5.264,
        "mainLinePt": 0.607,
        "minStrokePt": 0.526,
        "examplePreset": {
          "textPt": [
            7,
            9
          ],
          "mainLinePt": [
            0.5,
            1
          ]
        },
        "examplePresetMet": false,
        "scope": "Measured real-size SVG; example targets are configurable recommendations, not a universal journal rule."
      }
    },
    {
      "variantId": "residual_cnn-level0-monochrome-180",
      "fixture": "residual_cnn",
      "level": 0,
      "preset": "monochrome",
      "widthMm": 180,
      "documentId": "canvas-architecture-model.ResidualCNN-321c9de228e6-15e673da",
      "sourceDigest": "321c9de228e64557a14c2f6e53e659daa6c4c88f45594b97632940a730e96624",
      "irDigest": "15e673daa52db933a56ffa707b88f3260e72ea211928da4b533bbed46884c137",
      "expandedIds": [
        "call:instance:model.ResidualCNN"
      ],
      "baselineCanvasCanonicalDigest": "8cb06488d60f4e199f2a05c27fe4a26682d0af16b8662250a933fb98dc5e01e4",
      "canvasFile": "/home/fzg/PycharmProjects/ArchCanvas/ArchCanvas_Model_Architecture_Studio/docs/evidence/visual-golds-au3-matrix/residual_cnn-level0-monochrome-180.canvas.json",
      "svgFile": "/home/fzg/PycharmProjects/ArchCanvas/ArchCanvas_Model_Architecture_Studio/docs/evidence/visual-golds-au3-matrix/residual_cnn-level0-monochrome-180.svg",
      "visibleNodes": 8,
      "physicalPreflight": {
        "mmWidth": 180.0,
        "minTextPt": 8.575,
        "nodeLabelPt": 11.148,
        "mainLinePt": 1.286,
        "minStrokePt": 1.115,
        "examplePreset": {
          "textPt": [
            7,
            9
          ],
          "mainLinePt": [
            0.5,
            1
          ]
        },
        "examplePresetMet": false,
        "scope": "Measured real-size SVG; example targets are configurable recommendations, not a universal journal rule."
      }
    },
    {
      "variantId": "residual_cnn-level1-paper-85",
      "fixture": "residual_cnn",
      "level": 1,
      "preset": "paper",
      "widthMm": 85,
      "documentId": "canvas-architecture-model.ResidualCNN-321c9de228e6-15e673da",
      "sourceDigest": "321c9de228e64557a14c2f6e53e659daa6c4c88f45594b97632940a730e96624",
      "irDigest": "15e673daa52db933a56ffa707b88f3260e72ea211928da4b533bbed46884c137",
      "expandedIds": [
        "call:instance:model.ResidualCNN",
        "repeat:instance:model.ResidualCNN.blocks"
      ],
      "baselineCanvasCanonicalDigest": "2e6ddd6c9d3d0a44212e14776403cee03c08c5e80eccc6c5cb50c1b301375b96",
      "canvasFile": "/home/fzg/PycharmProjects/ArchCanvas/ArchCanvas_Model_Architecture_Studio/docs/evidence/visual-golds-au3-matrix/residual_cnn-level1-paper-85.canvas.json",
      "svgFile": "/home/fzg/PycharmProjects/ArchCanvas/ArchCanvas_Model_Architecture_Studio/docs/evidence/visual-golds-au3-matrix/residual_cnn-level1-paper-85.svg",
      "visibleNodes": 10,
      "physicalPreflight": {
        "mmWidth": 85.0,
        "minTextPt": 4.049,
        "nodeLabelPt": 5.264,
        "mainLinePt": 0.607,
        "minStrokePt": 0.526,
        "examplePreset": {
          "textPt": [
            7,
            9
          ],
          "mainLinePt": [
            0.5,
            1
          ]
        },
        "examplePresetMet": false,
        "scope": "Measured real-size SVG; example targets are configurable recommendations, not a universal journal rule."
      }
    },
    {
      "variantId": "residual_cnn-level1-paper-180",
      "fixture": "residual_cnn",
      "level": 1,
      "preset": "paper",
      "widthMm": 180,
      "documentId": "canvas-architecture-model.ResidualCNN-321c9de228e6-15e673da",
      "sourceDigest": "321c9de228e64557a14c2f6e53e659daa6c4c88f45594b97632940a730e96624",
      "irDigest": "15e673daa52db933a56ffa707b88f3260e72ea211928da4b533bbed46884c137",
      "expandedIds": [
        "call:instance:model.ResidualCNN",
        "repeat:instance:model.ResidualCNN.blocks"
      ],
      "baselineCanvasCanonicalDigest": "a03cafb1659747510c9ae66bf3abe672ad47cd1e01ecb1c042c5bcb3af165593",
      "canvasFile": "/home/fzg/PycharmProjects/ArchCanvas/ArchCanvas_Model_Architecture_Studio/docs/evidence/visual-golds-au3-matrix/residual_cnn-level1-paper-180.canvas.json",
      "svgFile": "/home/fzg/PycharmProjects/ArchCanvas/ArchCanvas_Model_Architecture_Studio/docs/evidence/visual-golds-au3-matrix/residual_cnn-level1-paper-180.svg",
      "visibleNodes": 10,
      "physicalPreflight": {
        "mmWidth": 180.0,
        "minTextPt": 8.575,
        "nodeLabelPt": 11.148,
        "mainLinePt": 1.286,
        "minStrokePt": 1.115,
        "examplePreset": {
          "textPt": [
            7,
            9
          ],
          "mainLinePt": [
            0.5,
            1
          ]
        },
        "examplePresetMet": false,
        "scope": "Measured real-size SVG; example targets are configurable recommendations, not a universal journal rule."
      }
    },
    {
      "variantId": "residual_cnn-level1-monochrome-85",
      "fixture": "residual_cnn",
      "level": 1,
      "preset": "monochrome",
      "widthMm": 85,
      "documentId": "canvas-architecture-model.ResidualCNN-321c9de228e6-15e673da",
      "sourceDigest": "321c9de228e64557a14c2f6e53e659daa6c4c88f45594b97632940a730e96624",
      "irDigest": "15e673daa52db933a56ffa707b88f3260e72ea211928da4b533bbed46884c137",
      "expandedIds": [
        "call:instance:model.ResidualCNN",
        "repeat:instance:model.ResidualCNN.blocks"
      ],
      "baselineCanvasCanonicalDigest": "dfba30c68ca4af46fc5ed05615e1959f511b52e9359ec49e58740477e80cc035",
      "canvasFile": "/home/fzg/PycharmProjects/ArchCanvas/ArchCanvas_Model_Architecture_Studio/docs/evidence/visual-golds-au3-matrix/residual_cnn-level1-monochrome-85.canvas.json",
      "svgFile": "/home/fzg/PycharmProjects/ArchCanvas/ArchCanvas_Model_Architecture_Studio/docs/evidence/visual-golds-au3-matrix/residual_cnn-level1-monochrome-85.svg",
      "visibleNodes": 10,
      "physicalPreflight": {
        "mmWidth": 85.0,
        "minTextPt": 4.049,
        "nodeLabelPt": 5.264,
        "mainLinePt": 0.607,
        "minStrokePt": 0.526,
        "examplePreset": {
          "textPt": [
            7,
            9
          ],
          "mainLinePt": [
            0.5,
            1
          ]
        },
        "examplePresetMet": false,
        "scope": "Measured real-size SVG; example targets are configurable recommendations, not a universal journal rule."
      }
    },
    {
      "variantId": "residual_cnn-level1-monochrome-180",
      "fixture": "residual_cnn",
      "level": 1,
      "preset": "monochrome",
      "widthMm": 180,
      "documentId": "canvas-architecture-model.ResidualCNN-321c9de228e6-15e673da",
      "sourceDigest": "321c9de228e64557a14c2f6e53e659daa6c4c88f45594b97632940a730e96624",
      "irDigest": "15e673daa52db933a56ffa707b88f3260e72ea211928da4b533bbed46884c137",
      "expandedIds": [
        "call:instance:model.ResidualCNN",
        "repeat:instance:model.ResidualCNN.blocks"
      ],
      "baselineCanvasCanonicalDigest": "45c684e8548c62e1336810ed81761ca7e26bcebe80d4f434100cc53fa639ac7b",
      "canvasFile": "/home/fzg/PycharmProjects/ArchCanvas/ArchCanvas_Model_Architecture_Studio/docs/evidence/visual-golds-au3-matrix/residual_cnn-level1-monochrome-180.canvas.json",
      "svgFile": "/home/fzg/PycharmProjects/ArchCanvas/ArchCanvas_Model_Architecture_Studio/docs/evidence/visual-golds-au3-matrix/residual_cnn-level1-monochrome-180.svg",
      "visibleNodes": 10,
      "physicalPreflight": {
        "mmWidth": 180.0,
        "minTextPt": 8.575,
        "nodeLabelPt": 11.148,
        "mainLinePt": 1.286,
        "minStrokePt": 1.115,
        "examplePreset": {
          "textPt": [
            7,
            9
          ],
          "mainLinePt": [
            0.5,
            1
          ]
        },
        "examplePresetMet": false,
        "scope": "Measured real-size SVG; example targets are configurable recommendations, not a universal journal rule."
      }
    },
    {
      "variantId": "residual_cnn-level2-paper-85",
      "fixture": "residual_cnn",
      "level": 2,
      "preset": "paper",
      "widthMm": 85,
      "documentId": "canvas-architecture-model.ResidualCNN-321c9de228e6-15e673da",
      "sourceDigest": "321c9de228e64557a14c2f6e53e659daa6c4c88f45594b97632940a730e96624",
      "irDigest": "15e673daa52db933a56ffa707b88f3260e72ea211928da4b533bbed46884c137",
      "expandedIds": [
        "call:instance:model.ResidualCNN",
        "repeat:instance:model.ResidualCNN.blocks",
        "call:instance:model.ResidualCNN.blocks.0",
        "call:instance:model.ResidualCNN.blocks.1"
      ],
      "baselineCanvasCanonicalDigest": "c168bb9e2e7e9cbfb7a670e42e17c1f17b8ec084c105646ba5c6281f0739c6df",
      "canvasFile": "/home/fzg/PycharmProjects/ArchCanvas/ArchCanvas_Model_Architecture_Studio/docs/evidence/visual-golds-au3-matrix/residual_cnn-level2-paper-85.canvas.json",
      "svgFile": "/home/fzg/PycharmProjects/ArchCanvas/ArchCanvas_Model_Architecture_Studio/docs/evidence/visual-golds-au3-matrix/residual_cnn-level2-paper-85.svg",
      "visibleNodes": 24,
      "physicalPreflight": {
        "mmWidth": 85.0,
        "minTextPt": 4.049,
        "nodeLabelPt": 5.264,
        "mainLinePt": 0.607,
        "minStrokePt": 0.526,
        "examplePreset": {
          "textPt": [
            7,
            9
          ],
          "mainLinePt": [
            0.5,
            1
          ]
        },
        "examplePresetMet": false,
        "scope": "Measured real-size SVG; example targets are configurable recommendations, not a universal journal rule."
      }
    },
    {
      "variantId": "residual_cnn-level2-paper-180",
      "fixture": "residual_cnn",
      "level": 2,
      "preset": "paper",
      "widthMm": 180,
      "documentId": "canvas-architecture-model.ResidualCNN-321c9de228e6-15e673da",
      "sourceDigest": "321c9de228e64557a14c2f6e53e659daa6c4c88f45594b97632940a730e96624",
      "irDigest": "15e673daa52db933a56ffa707b88f3260e72ea211928da4b533bbed46884c137",
      "expandedIds": [
        "call:instance:model.ResidualCNN",
        "repeat:instance:model.ResidualCNN.blocks",
        "call:instance:model.ResidualCNN.blocks.0",
        "call:instance:model.ResidualCNN.blocks.1"
      ],
      "baselineCanvasCanonicalDigest": "010561c755b292cfefaee206acb99073ec2c3ac8f5202dbf82040d29024a576d",
      "canvasFile": "/home/fzg/PycharmProjects/ArchCanvas/ArchCanvas_Model_Architecture_Studio/docs/evidence/visual-golds-au3-matrix/residual_cnn-level2-paper-180.canvas.json",
      "svgFile": "/home/fzg/PycharmProjects/ArchCanvas/ArchCanvas_Model_Architecture_Studio/docs/evidence/visual-golds-au3-matrix/residual_cnn-level2-paper-180.svg",
      "visibleNodes": 24,
      "physicalPreflight": {
        "mmWidth": 180.0,
        "minTextPt": 8.575,
        "nodeLabelPt": 11.148,
        "mainLinePt": 1.286,
        "minStrokePt": 1.115,
        "examplePreset": {
          "textPt": [
            7,
            9
          ],
          "mainLinePt": [
            0.5,
            1
          ]
        },
        "examplePresetMet": false,
        "scope": "Measured real-size SVG; example targets are configurable recommendations, not a universal journal rule."
      }
    },
    {
      "variantId": "residual_cnn-level2-monochrome-85",
      "fixture": "residual_cnn",
      "level": 2,
      "preset": "monochrome",
      "widthMm": 85,
      "documentId": "canvas-architecture-model.ResidualCNN-321c9de228e6-15e673da",
      "sourceDigest": "321c9de228e64557a14c2f6e53e659daa6c4c88f45594b97632940a730e96624",
      "irDigest": "15e673daa52db933a56ffa707b88f3260e72ea211928da4b533bbed46884c137",
      "expandedIds": [
        "call:instance:model.ResidualCNN",
        "repeat:instance:model.ResidualCNN.blocks",
        "call:instance:model.ResidualCNN.blocks.0",
        "call:instance:model.ResidualCNN.blocks.1"
      ],
      "baselineCanvasCanonicalDigest": "7c3d46ec2e3927a10b1a78d7eb43cc16824c52c166ec49a5db9a46064db7e7cc",
      "canvasFile": "/home/fzg/PycharmProjects/ArchCanvas/ArchCanvas_Model_Architecture_Studio/docs/evidence/visual-golds-au3-matrix/residual_cnn-level2-monochrome-85.canvas.json",
      "svgFile": "/home/fzg/PycharmProjects/ArchCanvas/ArchCanvas_Model_Architecture_Studio/docs/evidence/visual-golds-au3-matrix/residual_cnn-level2-monochrome-85.svg",
      "visibleNodes": 24,
      "physicalPreflight": {
        "mmWidth": 85.0,
        "minTextPt": 4.049,
        "nodeLabelPt": 5.264,
        "mainLinePt": 0.607,
        "minStrokePt": 0.526,
        "examplePreset": {
          "textPt": [
            7,
            9
          ],
          "mainLinePt": [
            0.5,
            1
          ]
        },
        "examplePresetMet": false,
        "scope": "Measured real-size SVG; example targets are configurable recommendations, not a universal journal rule."
      }
    },
    {
      "variantId": "residual_cnn-level2-monochrome-180",
      "fixture": "residual_cnn",
      "level": 2,
      "preset": "monochrome",
      "widthMm": 180,
      "documentId": "canvas-architecture-model.ResidualCNN-321c9de228e6-15e673da",
      "sourceDigest": "321c9de228e64557a14c2f6e53e659daa6c4c88f45594b97632940a730e96624",
      "irDigest": "15e673daa52db933a56ffa707b88f3260e72ea211928da4b533bbed46884c137",
      "expandedIds": [
        "call:instance:model.ResidualCNN",
        "repeat:instance:model.ResidualCNN.blocks",
        "call:instance:model.ResidualCNN.blocks.0",
        "call:instance:model.ResidualCNN.blocks.1"
      ],
      "baselineCanvasCanonicalDigest": "cd82e01b9b8c0a93e428e6a5d8d06851a80ec09deb9c03a42812860af9ced51d",
      "canvasFile": "/home/fzg/PycharmProjects/ArchCanvas/ArchCanvas_Model_Architecture_Studio/docs/evidence/visual-golds-au3-matrix/residual_cnn-level2-monochrome-180.canvas.json",
      "svgFile": "/home/fzg/PycharmProjects/ArchCanvas/ArchCanvas_Model_Architecture_Studio/docs/evidence/visual-golds-au3-matrix/residual_cnn-level2-monochrome-180.svg",
      "visibleNodes": 24,
      "physicalPreflight": {
        "mmWidth": 180.0,
        "minTextPt": 8.575,
        "nodeLabelPt": 11.148,
        "mainLinePt": 1.286,
        "minStrokePt": 1.115,
        "examplePreset": {
          "textPt": [
            7,
            9
          ],
          "mainLinePt": [
            0.5,
            1
          ]
        },
        "examplePresetMet": false,
        "scope": "Measured real-size SVG; example targets are configurable recommendations, not a universal journal rule."
      }
    }
  ],
  "buildFiles": [
    {
      "path": "assets/index-B6WbMowt.css",
      "sha256": "172a09a8c147e53c3bef426cf76b59b8cc4893e891eb6e920aa7b25a0bb024e0",
      "bytes": 37136
    },
    {
      "path": "assets/index-au3IB_0Q.js",
      "sha256": "dca15460bc9ed8def5ff80c9da5dfcf16bb49f7a230986e0ffeef1a6b0e7548b",
      "bytes": 444586
    },
    {
      "path": "index.html",
      "sha256": "fb4f0704ff2b90c5b7893fee09201504ce9d5b64250049987ab86a767e060169",
      "bytes": 477
    }
  ],
  "environmentConsistency": "requires-independent-review",
  "limitations": [
    "Screenshot hashes do not prove content, capture time or genuine browser provenance.",
    "Screen receipts and loaded asset URLs are operator observations checked against frozen files.",
    "Viewport images at fit/zoom are not calibrated physical-size print samples; inspect 85/180 mm SVG separately.",
    "Geometry, exact DOM and publication bytes cannot establish aesthetics, font resolution or readable native pixels.",
    "Baseline images cannot establish edit/undo/save/reload tasks."
  ]
}
