
> archcanvas-studio@0.1.0 test
> node --experimental-strip-types --test --test-isolation=none tests/*.test.ts

✔ suggestion is below every current body, including expanded frames, legends and other notes (3.435548ms)
✔ excluding the selected annotation ignores its old bounds and gives a stable repeated position (0.237576ms)
✔ body conflicts include frontier leaves, legend labels and other notes, with exact touching permitted (0.31749ms)
✔ body conflict result does not assert orthogonal edge clearance (0.151972ms)
✔ formal complex expansion keeps the existing absolute note and recommends a clear new note below the new frontier (188.704746ms)
✔ explicit move below diagram is one annotation history operation and preserves save/export fields (123.743904ms)
✔ independent from-zero chain arrangement can fit its previously offscreen output with all module boxes visible (0.674892ms)
✔ independent fit handles negative manual placements, merge branches, aspect ratios and the full128module contract (9.977822ms)
✔ empty and unmeasured viewports return finite camera state and keep the blank draft intact (0.18558ms)
✔ manual off-body route waypoints fit along with node rectangles without changing either model or route (0.334989ms)
✔ raw numerical field input rejects empty tokens, invalid dimensions, nonfinite values and out-of-contract lengths (0.310212ms)
✔ duplicate display labels never redirect a typed shape diagnostic to another module or infer a target from text (0.274519ms)
✔ unknown node identities and unregistered parameter/port names cannot produce an active field highlight (0.328929ms)
✔ unstructuredHTTP conflicts and malformed diagnostics keep useful message without fabricated node or field targets (0.172206ms)
✔ public JSON transport preserves structured diagnostics and HTTP status without changing legacy successful payloads (12.565799ms)
✔ deferred old-draft response cannot resolve a missing identity in a replacement draft with the same labels (0.519359ms)
✔ independent four-direction authored moves preserve exact graph and one-command undo/redo (3.27985ms)
✔ merge ports stay distinct, fan-out is retained, malformed direction/foreign port and duplicate producers fail atomically (1.564563ms)
✔ a new binding that closes a directed cycle leaves history and every prior edge unchanged (0.243577ms)
✔ deleting a branch removes only its incident bindings and undo restores both merge ports (0.378713ms)
✔ explicit DAG arrange handles merge longest-path dependencies without overlaps or semantic changes (0.545492ms)
✔ manual covering overlaps keep anchors and report every retained routing obstruction (0.285992ms)
✔ no-op changes and unavailable history travel preserve identity; a new edit after undo clears redo (0.273548ms)
✔ public draft transport binds save CAS revision and reopens an independent exact draft while a conflict retains local edits (1.304919ms)
✔ click additions find free space past the original five-node overlap counterexample without moving prior modules (0.780471ms)
✔ cache boundary rejects crash-causing node shapes, impossible revisions and unsafe coordinates while returning detached valid edits (0.879683ms)
✔ public authoring pan primitive uses final endpoint in all four directions, ignores foreign pointer and preserves model history (0.358161ms)
✔ a transparent network is one history step and redo restores its stable nodes, edges and edits (1.382935ms)
✔ repeat insertion avoids occupied cards, preserves prior identities and bindings, and never connects old networks (1.220449ms)
✔ IDs collide or fail safely before any draft mutation; retry uses fresh identities for every node and edge (0.581915ms)
✔ catalog compatibility, node/edge budgets and extreme coordinates refuse atomically (1.470561ms)
✔ CNN starting layout is legible at the observed viewport with one clear exterior row return (0.864228ms)
✔ actual inserted graphs pass the formal nonexecuting backend source pipeline; a disconnected old node still fails generation (63.210789ms)
✔ pointerup endpoint is available without an intervening move or RAF (0.170256ms)
✔ terminal endpoint includes movement beyond the last sampled preview (0.087832ms)
✔ pan displacement is measured in CSS pixels and never divided by zoom (0.090805ms)
✔ returning to start restores exact initial camera without cumulative drift (0.139108ms)
✔ viewport-origin shift alone does not masquerade as a pointer delta (0.05531ms)
✔ a second pointer cannot update or finish the original pan (0.040727ms)
✔ initial camera snapshot and caller input remain untouched (0.061416ms)
✔ invalid start coordinates, zoom and pointer identity are rejected (0.220098ms)
✔ world camera keeps the sealed Transformer scene continuous across negative bounds (18.480077ms)
✔ fit, focus, pointer-centered zoom and pan use world coordinates (0.240229ms)
✔ collapsed frontier retains canonical tensors, named port direction and hidden edges (0.649902ms)
✔ expansion preserves anchor, unrelated pins, repeat sharing and re-expanded local edits (3.476311ms)
✔ batch rejects semantic field injection and stale revision without mutating input (0.936531ms)
✔ history restores a whole batch with monotonic revision and invalidates redo after new edit (0.982412ms)
✔ publication serializes the edited scene, escapes every user string and excludes editor controls (1.335672ms)
✔ document loader rejects port mismatch, parent cycle and non-finite imported geometry (0.804842ms)
✔ selected parent plus child moves once, pinned descendants protect their subtree (3.414716ms)
✔ repeated toggles restore neighbor geometry without drifting or losing a collapsed user move (5.675353ms)
✔ long Chinese aliases and annotations retain text while their geometry grows (1.481585ms)
✔ source refresh preserves unique identity presentation and resets source undo boundary (3.698629ms)
✔ a rebound edge cannot inherit a style from its previous tensor binding (2.839392ms)
✔ projected parallel edges retain differing canonical styles instead of discarding them (0.966319ms)
✔ sealed Transformer mask edge inspector reflects the actual displayed style (26.717633ms)
✔ parallel growth fitting below an existing taller branch does not shift output again (18.201846ms)
✔ horizontal free space absorbs width growth; adjacent sibling spacing and authored gap are preserved (14.642779ms)
✔ manual distant output absorbs growth; downstream relative offsets and explicit user movement survive frontier restore (12.50055ms)
✔ pinned output and pinned descendant protect anchors while the existing warning reports unresolved overlap (11.248735ms)
✔ exact collapse/reexpand frontier snapshots and undo/redo remain stable after repeated parallel expansion (22.41455ms)
✔ real Transformer depth-two UI frontier uses existing space without cumulative independent branch height (200.752832ms)
✔ real Transformer depth-three and cached frontiers retain manual feedforward positions and no sibling intersections (243.641434ms)
✔ real Residual CNN grows both repeats and keeps downstream pool/flatten/classifier clear (58.596726ms)
✔ renderer changes invalidate an old export even when canvas revision and source digests match (0.265268ms)
✔ a restored artifact must describe the default document, width, revision, source and PNG resolution (0.175337ms)
✔ detail export partitions every canonical edge and visibly retains every crossing binding (10.451618ms)
✔ detail keeps edited geometry, aliases, styles, legend and contained annotations, and declares omissions (12.680949ms)
✔ distinct external node/port tuples cannot collide when their identities contain delimiters (3.342143ms)
✔ detail metadata and projected objects are detached from the input CanvasDocument (7.486601ms)
✔ detail rejects leaf, collapsed or hidden containers and invalid options; whole keeps the ordinary scene (8.242336ms)
✔ detail bounds retain manually offset descendants instead of clipping negative coordinates (8.22513ms)
✔ long boundary text and provenance fit their boxes and 85/180 mm preflight measures actual scale (11.214971ms)
✔ real source-derived MLP network detail accounts for adapters and exposes model input/output (33.098221ms)
✔ physical advice accounts for tall pages and rounds the required width upward (2.336157ms)
✔ detail choices distinguish equal labels by identity/path and preserve the current frontier and edits (26.190185ms)
✔ hierarchy order and depth follow authored roots and child lists, independent of flat node order (21.324673ms)
✔ empty aliases, escaped labels, repeat badges, pins and leaf/toggle ARIA stay exact (16.126969ms)
✔ collapsed ancestors hide latent descendants without erasing their expansion or selection (22.6058ms)
✔ a replacement architecture with the same IDs displays new labels, categories and topology (25.389278ms)
✔ an empty architecture renders no rows and non-hierarchy visual changes leave row HTML exact (11.397132ms)
✔ the actual formal source-backed 304-node model keeps precise old/new hierarchy HTML before and after expansion (666.721889ms)
✔ actual upward header conflict produces understandable guidance using display aliases (1.803686ms)
✔ actual overlapping leaves expose both overlap and blocked connection guidance (0.903829ms)
✔ source-analysis warnings stay in their own panel and missing object references do not leak identifiers (0.47319ms)
✔ preview equals complete guarded scene/SVG for container resizing, negative/manual geometry and repeated frames (38.041859ms)
✔ selected parent and child move exactly once; pinned descendants protect ancestor subtree (6.143842ms)
✔ sparse visible layout materializes once and hidden layout uses the established source contract (5.197686ms)
✔ preview leaves history/frontiers/source untouched, commit updates snapshots and supports one undo/redo (4.425694ms)
✔ prepared snapshot isolates later caller mutation and returned scene cannot corrupt frozen semantic references (2.048017ms)
✔ preview rejects forged sessions, invalid selection/coordinates and corrupted document before showing geometry (1.496985ms)
✔ independent oracle detects polluted body/header and route geometry (1.490362ms)
✔ four directions preserve exact manual coordinates, shared endpoints and expose left/header/sibling conflicts (10.986333ms)
✔ explicit recovery preview is obstacle-safe and commit is one reversible visual operation (17.602597ms)
✔ recovery respects selected pin, descendant pin and a clear right move without changing documents (4.465286ms)
✔ touching the true parent border is contained while even a one-unit left escape is diagnosed (3.722337ms)
✔ selected expanded subtree moves as one root and recovery preserves child locals and outside pins (5.307142ms)
✔ an invariant internal conflict is unavailable even with many nearby candidate obstacles (9.985629ms)
✔ ready recovery preserves an existing unrelated collision rather than presenting it as globally resolved (3.919797ms)
✔ unknown or hidden objects do not produce phantom recovery scenes (1.989285ms)
✔ same-pair ancestor collision growth rejects an otherwise clear nearby candidate (41.039727ms)
✔ native timing remains independent of geometry and handler proxy; pin spaces differ (0.559548ms)
✔ untrusted, unmatched, ambiguous and reused native entries cannot yield passing zero latency (0.338254ms)
✔ stale source or concurrent revisions invalidate spatial and summary evidence; missing pins stay unmeasured (0.158072ms)
✔ independent native receipt checker rejects forged zero latency, anchor drift and stale source (1.032999ms)
✔ clear preferred orthogonal paths remain byte-identical and endpoint data stays immutable (0.295613ms)
✔ independent broken-path counterexample detects unrelated intrusion and repaired route keeps endpoints (0.511771ms)
✔ ancestor frame passage is valid; unrelated frame interiors remain obstacles (0.112802ms)
✔ preferred route re-entry into an endpoint body is repaired, not mistaken for a clear unrelated-body path (0.188281ms)
✔ overlap covering an endpoint is reported explicitly rather than invented as a clear route (0.101335ms)
✔ blocked ancestor headers retain arbitrary canonical IDs without synthetic suffix decoding (0.12942ms)
✔ all nine historical source-bound golden frontiers rerender without unrelated-body intrusions (26.386719ms)
✔ detail boundary stubs reuse obstacle routing across all visible expanded golden containers (160.155099ms)
✔ four-direction moves preserve semantic identity, history, exact preview/guarded Scene and routed SVG (9.57412ms)
✔ intentional overlapping manual objects keep anchors and publish explicit overlap/routing diagnostics (1.095335ms)
✔ manual upward move into expanded ancestor header keeps the coordinate and reports the conflict (0.851371ms)
✔ formal LSTM nested output slots retain handwritten key/index evidence in documents (41.001891ms)
✔ import validation rejects malformed output paths and slots on non-output nodes (35.662086ms)
✔ a renamed return slot cannot borrow presentation from the prior ordinal output (39.022662ms)
✔ receipt verifier recomputes percentiles and rejects unchanged or root frontiers (1.16085ms)
✔ performance probe never reports paint before its second animation-frame boundary (0.427992ms)
✔ frame sampler reports a bounded fps sample and reset removes prior samples (114.122252ms)
✔ independent final-SVG oracle detects all six sealed ChS stack intrusions and three buried frontier outputs (18.588549ms)
✔ source-bound final SVG stack/endpoint/Canvas invariants: mlp-level0-paper-180 (5.763948ms)
✔ source-bound final SVG stack/endpoint/Canvas invariants: mlp-level1-paper-180 (3.838891ms)
✔ source-bound final SVG stack/endpoint/Canvas invariants: residual_cnn-level0-paper-180 (9.488716ms)
✔ source-bound final SVG stack/endpoint/Canvas invariants: residual_cnn-level1-paper-180 (5.337938ms)
✔ source-bound final SVG stack/endpoint/Canvas invariants: residual_cnn-level2-paper-180 (10.014149ms)
✔ source-bound final SVG stack/endpoint/Canvas invariants: transformer-level0-paper-180 (19.813398ms)
✖ source-bound final SVG stack/endpoint/Canvas invariants: transformer-level1-paper-180 (9.101598ms)
✖ source-bound final SVG stack/endpoint/Canvas invariants: transformer-level2-paper-180 (13.768634ms)
✖ source-bound final SVG stack/endpoint/Canvas invariants: transformer-level3-paper-180 (17.096462ms)
✔ reported CNN bottom and Transformer memory examples attach to exposed card union (6.027376ms)
✔ near-left bottom outputs follow actual +0/+3.5/+7 cards instead of empty envelope corners (10.69454ms)
✔ same canonical memory output has coherent bottom and right display ports for multiple consumers (1.33476ms)
✔ unrelated backplate-only obstacle and source own-stack reentry are independently rejected and rerouted (1.496757ms)
✔ overlapping Repeat ownership is reported once and an endpoint covered by another body remains honestly blocked (0.182467ms)
✔ detail fallback ports and translated stacks retain canonical boundary coverage and exposed endpoints (1.691239ms)
✔ expanded/nonrepeat ports, in-place expansion, pins and move preview/history preserve presentation contracts (5.4478ms)
✔ independent oracle rejects 15 corruptions including coherent graph displacement and tensor concealment (7.341495ms)
✔ independent strict-interior oracle excludes point contact and same tensor trunks, merges collinear intervals (0.866644ms)
✔ outline compatibility rejects eight coherent corruptions while preserving the frozen routing oracle (30.629986ms)
✔ independent source-bound frontier/detail/four-direction history invariants: mlp-level0-paper-180 (28.16439ms)
✔ independent source-bound frontier/detail/four-direction history invariants: mlp-level1-paper-180 (41.448697ms)
✔ independent source-bound frontier/detail/four-direction history invariants: residual_cnn-level0-paper-180 (50.645767ms)
✔ independent source-bound frontier/detail/four-direction history invariants: residual_cnn-level1-paper-180 (55.528036ms)
✔ independent source-bound frontier/detail/four-direction history invariants: residual_cnn-level2-paper-180 (127.541099ms)
✔ independent source-bound frontier/detail/four-direction history invariants: transformer-level0-paper-180 (120.967891ms)
✔ independent source-bound frontier/detail/four-direction history invariants: transformer-level1-paper-180 (229.590294ms)
✔ independent source-bound frontier/detail/four-direction history invariants: transformer-level2-paper-180 (460.811755ms)
✔ independent source-bound frontier/detail/four-direction history invariants: transformer-level3-paper-180 (595.372211ms)
✔ real public source-bound Transformer metrics improve while preserving unresolved complex crossings (19.830692ms)
✔ public differing-tensor geometry reduces overlap length while shared tensor trunk remains byte-identical (2.731787ms)
✔ indexed projected ports retain non-adjacent canonical coverage and role order (1.216627ms)
✔ parallel style groups and cycle fallback survive expand/undo/redo without mutating source (7.56577ms)
✔ real Temporal shared projection keeps two distinct calls and four authored paths after edits and reopen (43.341967ms)
✔ Skip repeat is independent; expanding and detail export retain identities and external boundaries (45.662351ms)
✔ GNN names and arbitrary visual aliases do not turn unknown regions into known attention (36.189661ms)
✔ same label and duplicated call identity cannot invent distinct shared calls; facts detach from Canvas (38.700884ms)
✔ long authored output keys stay exact in metadata while subtitles fit the existing node width (41.394061ms)
✔ source-backed 300-layer Sequential expansion exposes 300 canonical layer objects (633.480956ms)
✔ the actual CNN sentence breaks before path instead of splitting a fitting word (0.150939ms)
✔ CJK characters and whole English tokens can share lines without inserted text (0.077957ms)
✔ explicit line breaks and blank lines remain while soft line boundaries discard whitespace (0.103555ms)
✔ oversized source identifiers have finite code-point fallback without dropping characters (2.857674ms)
✔ Unicode code points stay intact and an individually oversized point still makes progress (0.299912ms)
✔ Scene annotation height and both SVG modes use the independently expected CNN lines (0.749385ms)
✔ a valid annotation narrower than its text inset still builds and renders (0.443356ms)
✔ real residual CNN nested expansion keeps downstream pool clear and restores base frontier (60.725722ms)
✔ real MLP pinned output conflict is explicit while both expansion anchors stay fixed (33.919663ms)
ℹ tests 170
ℹ suites 0
ℹ pass 167
ℹ fail 3
ℹ cancelled 0
ℹ skipped 0
ℹ todo 0
ℹ duration_ms 5828.375721

✖ failing tests:

test at tests/repeat-outline-independent.test.ts:70:3
✖ source-bound final SVG stack/endpoint/Canvas invariants: transformer-level1-paper-180 (9.101598ms)
  AssertionError [ERR_ASSERTION]: Frontier without any stack changed its published SVG
  + actual - expected
  
  + '<svg xmlns="http://www.w3.org/2000/svg" width="180mm" height="411.91mm" viewBox="0 0 742 1698" data-document-id="canvas-architecture-model.Transformer-01ac6cd61f05-b0bd5bf0" data-revision="10" role="img" aria-label="Transformer"><metadata>{&quot;renderer&quot;:&quot;archcanvas-svg/1.0&quot;,&quot;documentId&quot;:&quot;canvas-architecture-model.Transformer-01ac6cd61f05-b0bd5bf0&quot;,&quot;revision&quot;:10,&quot;sourceDigest&quot;:&quot;01ac6cd61f058e9de5230b0c371527a1fa2b4f73842019e0e5785d5f0deb0916&quot;,&quot;irDigest&quot;:&quot;b0bd5bf01fa364bf415f6aba9707f5d74d9b7bb058534c0dac54fc48fd3729e6&quot;,&quot;widthMm&quot;:180,&quot;heightMm&quot;:411.91374663072776,&quot;sourceFactScope&quot;:&quot;whole-source-architecture&quot;,&quot;sourceFacts&quot;:[{&quot;id&quot;:&quot;input:model.Transformer:source_tokens&quot;,&quot;sourceLabel&quot;:&quot;source_tokens&quot;,&quot;kind&quot;:&quot;Input&quot;,&quot;category&quot;:&quot;input&quot;,&quot;evidence&quot;:&quot;source&quot;,&quot;source&quot;:{&quot;path&quot;:&quot;model.py&quot;,&quot;line&quot;:16,&quot;endLine&quot;:22,&quot;expression&quot;:&quot;def forward(self, source_tokens, target_tokens, source_mask=None, target_mask=None, memory_mask=None):\\n        memory = self.source_embedding(source_tokens)\\n        for layer in self.encoder:\\n            memory = layer(memory, mask=source_mask)\\n        target = self.target_embedding(target_tokens)\\n        hidden = self.decoder(target, memory, target_mask=target_mask, memory_mask=memory_mask)\\n        return self.output_projection(hidden)&quot;}},{&quot;id&quot;:&quot;input:model.Transformer:target_tokens&quot;,&quot;sourceLabel&quot;:&quot;target_tokens&quot;,&quot;kind&quot;:&quot;Input&quot;,&quot;category&quot;:&quot;input&quot;,&quot;evidence&quot;:&quot;source&quot;,&quot;source&quot;:{&quot;path&quot;:&quot;model.py&quot;,&quot;line&quot;:16,&quot;endLine&quot;:22,&quot;expression&quot;:&quot;def forward(self, source_tokens, target_tokens, source_mask=None, target_mask=None, memory_mask=None):\\n        memory = self.source_embedding(source_tokens)\\n        for layer in self.encoder:\\n            memory = layer(memory, mask=source_mask)\\n        target = self.target_embedding(target_tokens)\\n        hidden = self.decoder(target, memory, target_mask=target_mask, memory_mask=memory_mask)\\n        return self.output_projection(hidden)&quot;}},{&quot;id&quot;:&quot;input:model.Transformer:source_mask&quot;,&quot;sourceLabel&quot;:&quot;source_mask&quot;,&quot;kind&quot;:&quot;Input&quot;,&quot;category&quot;:&quot;input&quot;,&quot;evidence&quot;:&quot;source&quot;,&quot;source&quot;:{&quot;path&quot;:&quot;model.py&quot;,&quot;line&quot;:16,&quot;endLine&quot;:22,&quot;expression&quot;:&quot;def forward(self, source_tokens, target_tokens, source_mask=None, target_mask=None, memory_mask=None):\\n        memory = self.source_embedding(source_tokens)\\n        for layer in self.encoder:\\n            memory = layer(memory, mask=source_mask)\\n        target = self.target_embedding(target_tokens)\\n        hidden = self.decoder(target, memory, target_mask=target_mask, memory_mask=memory_mask)\\n        return self.output_projection(hidden)&quot;}},{&quot;id&quot;:&quot;input:model.Transformer:target_mask&quot;,&quot;sourceLabel&quot;:&quot;target_mask&quot;,&quot;kind&quot;:&quot;Input&quot;,&quot;category&quot;:&quot;input&quot;,&quot;evidence&quot;:&quot;source&quot;,&quot;source&quot;:{&quot;path&quot;:&quot;model.py&quot;,&quot;line&quot;:16,&quot;endLine&quot;:22,&quot;expression&quot;:&quot;def forward(self, source_tokens, target_tokens, source_mask=None, target_mask=None, memory_mask=None):\\n        memory = self.source_embedding(source_tokens)\\n        for layer in self.encoder:\\n            memory = layer(memory, mask=source_mask)\\n        target = self.target_embedding(target_tokens)\\n        hidden = self.decoder(target, memory, target_mask=target_mask, memory_mask=memory_mask)\\n        return self.output_projection(hidden)&quot;}},{&quot;id&quot;:&quot;input:model.Transformer:memory_mask&quot;,&quot;sourceLabel&quot;:&quot;memory_mask&quot;,&quot;kind&quot;:&quot;Input&quot;,&quot;category&quot;:&quot;input&quot;,&quot;evidence&quot;:&quot;source&quot;,&quot;source&quot;:{&quot;path&quot;:&quot;model.py&quot;,&quot;line&quot;:16,&quot;endLine&quot;:22,&quot;expression&quot;:&quot;def forward(self, source_tokens, target_tokens, source_mask=None, target_mask=None, memory_mask=None):\\n        memory = self.source_embedding(source_tokens)\\n        for layer in self.encoder:\\n            memory = layer(memory, mask=source_mask)\\n        target = self.target_embedding(target_tokens)\\n        hidden = self.decoder(target, memory, target_mask=target_mask, memory_mask=memory_mask)\\n        return self.output_projection(hidden)&quot;}},{&quot;id&quot;:&quot;call:instance:model.Transformer&quot;,&quot;sourceLabel&quot;:&quot;Transformer&quot;,&quot;kind&quot;:&quot;Module&quot;,&quot;category&quot;:&quot;container&quot;,&quot;evidence&quot;:&quot;source&quot;,&quot;instanceId&quot;:&quot;instance:model.Transformer&quot;,&quot;callCount&quot;:1,&quot;callId&quot;:&quot;call:instance:model.Transformer&quot;,&quot;source&quot;:{&quot;path&quot;:&quot;model.py&quot;,&quot;line&quot;:7,&quot;endLine&quot;:22,&quot;expression&quot;:&quot;class Transformer(nn.Module):\\n    def __init__(self, vocab_size=128, d_model=32, n_heads=4, n_layers=2):\\n        super().__init__()\\n        self.source_embedding = nn.Embedding(vocab_size, d_model)\\n        self.target_embedding = nn.Embedding(vocab_size, d_model)\\n        self.encoder = nn.ModuleList([EncoderLayer(d_model, n_heads) for _ in range(n_layers)])\\n        self.decoder = DecoderLayer(d_model, n_heads)\\n        self.output_projection = nn.Linear(d_model, vocab_size)\\n\\n    def forward(self, source_tokens, target_tokens, source_mask=None, target_mask=None, memory_mask=None):\\n        memory = self.source_embedding(source_tokens)\\n        for layer in self.encoder:\\n            memory = layer(memory, mask=source_mask)\\n        target = self.target_embedding(target_tokens)\\n        hidden = self.decoder(target, memory, target_mask=target_mask, memory_mask=memory_mask)\\n        return self.output_projection(hidden)&quot;}},{&quot;id&quot;:&quot;call:instance:model.Transformer.source_embedding&quot;,&quot;sourceLabel&quot;:&quot;source embedding&quot;,&quot;kind&quot;:&quot;Embedding&quot;,&quot;category&quot;:&quot;embedding&quot;,&quot;evidence&quot;:&quot;contract&quot;,&quot;instanceId&quot;:&quot;instance:model.Transformer.source_embedding&quot;,&quot;callCount&quot;:1,&quot;callId&quot;:&quot;call:instance:model.Transformer.source_embedding&quot;,&quot;source&quot;:{&quot;path&quot;:&quot;model.py&quot;,&quot;line&quot;:17,&quot;endLine&quot;:17,&quot;expression&quot;:&quot;self.source_embedding(source_tokens)&quot;}},{&quot;id&quot;:&quot;repeat:instance:model.Transformer.encoder&quot;,&quot;sourceLabel&quot;:&quot;encoder&quot;,&quot;kind&quot;:&quot;Repeat&quot;,&quot;category&quot;:&quot;container&quot;,&quot;evidence&quot;:&quot;source&quot;,&quot;repeat&quot;:{&quot;count&quot;:2,&quot;sharing&quot;:&quot;independent&quot;},&quot;source&quot;:{&quot;path&quot;:&quot;model.py&quot;,&quot;line&quot;:18,&quot;endLine&quot;:19,&quot;expression&quot;:&quot;for layer in self.encoder:\\n            memory = layer(memory, mask=source_mask)&quot;}},{&quot;id&quot;:&quot;call:instance:model.Transformer.encoder.0&quot;,&quot;sourceLabel&quot;:&quot;EncoderLayer 1&quot;,&quot;kind&quot;:&quot;Module&quot;,&quot;category&quot;:&quot;container&quot;,&quot;evidence&quot;:&quot;source&quot;,&quot;instanceId&quot;:&quot;instance:model.Transformer.encoder.0&quot;,&quot;callCount&quot;:1,&quot;callId&quot;:&quot;call:instance:model.Transformer.encoder.0&quot;,&quot;source&quot;:{&quot;path&quot;:&quot;model.py&quot;,&quot;line&quot;:19,&quot;endLine&quot;:19,&quot;expression&quot;:&quot;layer(memory, mask=source_mask)&quot;}},{&quot;id&quot;:&quot;call:instance:model.Transformer.encoder.0.self_attention&quot;,&quot;sourceLabel&quot;:&quot;self attention&quot;,&quot;kind&quot;:&quot;MultiheadAttention&quot;,&quot;category&quot;:&quot;attention&quot;,&quot;evidence&quot;:&quot;contract&quot;,&quot;instanceId&quot;:&quot;instance:model.Transformer.encoder.0.self_attention&quot;,&quot;callCount&quot;:1,&quot;callId&quot;:&quot;call:instance:model.Transformer.encoder.0.self_attention&quot;,&quot;source&quot;:{&quot;path&quot;:&quot;blocks.py&quot;,&quot;line&quot;:28,&quot;endLine&quot;:28,&quot;expression&quot;:&quot;self.self_attention(query=x, key=x, value=x, attn_mask=mask, need_weights=False)&quot;}},{&quot;id&quot;:&quot;call:instance:model.Transformer.encoder.0.attention_dropout&quot;,&quot;sourceLabel&quot;:&quot;attention dropout&quot;,&quot;kind&quot;:&quot;Dropout&quot;,&quot;category&quot;:&quot;regularization&quot;,&quot;evidence&quot;:&quot;contract&quot;,&quot;instanceId&quot;:&quot;instance:model.Transformer.encoder.0.attention_dropout&quot;,&quot;callCount&quot;:1,&quot;callId&quot;:&quot;call:instance:model.Transformer.encoder.0.attention_dropout&quot;,&quot;source&quot;:{&quot;path&quot;:&quot;blocks.py&quot;,&quot;line&quot;:29,&quot;endLine&quot;:29,&quot;expression&quot;:&quot;self.attention_dropout(attended)&quot;}},{&quot;id&quot;:&quot;op:call:instance:model.Transformer.encoder.0:Add:2fc8574cd9&quot;,&quot;sourceLabel&quot;:&quot;Add&quot;,&quot;kind&quot;:&quot;Add&quot;,&quot;category&quot;:&quot;residual&quot;,&quot;evidence&quot;:&quot;source&quot;,&quot;source&quot;:{&quot;path&quot;:&quot;blocks.py&quot;,&quot;line&quot;:29,&quot;endLine&quot;:29,&quot;expression&quot;:&quot;x + self.attention_dropout(attended)&quot;}},{&quot;id&quot;:&quot;call:instance:model.Transformer.encoder.0.attention_norm&quot;,&quot;sourceLabel&quot;:&quot;attention norm&quot;,&quot;kind&quot;:&quot;LayerNorm&quot;,&quot;category&quot;:&quot;norm&quot;,&quot;evidence&quot;:&quo'... 89898 more characters
  - '<svg xmlns="http://www.w3.org/2000/svg" width="180mm" height="411.91mm" viewBox="0 0 742 1698" data-document-id="canvas-architecture-model.Transformer-01ac6cd61f05-b0bd5bf0" data-revision="10" role="img" aria-label="Transformer"><metadata>{&quot;renderer&quot;:&quot;archcanvas-svg/1.0&quot;,&quot;documentId&quot;:&quot;canvas-architecture-model.Transformer-01ac6cd61f05-b0bd5bf0&quot;,&quot;revision&quot;:10,&quot;sourceDigest&quot;:&quot;01ac6cd61f058e9de5230b0c371527a1fa2b4f73842019e0e5785d5f0deb0916&quot;,&quot;irDigest&quot;:&quot;b0bd5bf01fa364bf415f6aba9707f5d74d9b7bb058534c0dac54fc48fd3729e6&quot;,&quot;widthMm&quot;:180,&quot;heightMm&quot;:411.91374663072776,&quot;sourceFactScope&quot;:&quot;whole-source-architecture&quot;,&quot;sourceFacts&quot;:[{&quot;id&quot;:&quot;input:model.Transformer:source_tokens&quot;,&quot;sourceLabel&quot;:&quot;source_tokens&quot;,&quot;kind&quot;:&quot;Input&quot;,&quot;category&quot;:&quot;input&quot;,&quot;evidence&quot;:&quot;source&quot;,&quot;source&quot;:{&quot;path&quot;:&quot;model.py&quot;,&quot;line&quot;:16,&quot;endLine&quot;:22,&quot;expression&quot;:&quot;def forward(self, source_tokens, target_tokens, source_mask=None, target_mask=None, memory_mask=None):\\n        memory = self.source_embedding(source_tokens)\\n        for layer in self.encoder:\\n            memory = layer(memory, mask=source_mask)\\n        target = self.target_embedding(target_tokens)\\n        hidden = self.decoder(target, memory, target_mask=target_mask, memory_mask=memory_mask)\\n        return self.output_projection(hidden)&quot;}},{&quot;id&quot;:&quot;input:model.Transformer:target_tokens&quot;,&quot;sourceLabel&quot;:&quot;target_tokens&quot;,&quot;kind&quot;:&quot;Input&quot;,&quot;category&quot;:&quot;input&quot;,&quot;evidence&quot;:&quot;source&quot;,&quot;source&quot;:{&quot;path&quot;:&quot;model.py&quot;,&quot;line&quot;:16,&quot;endLine&quot;:22,&quot;expression&quot;:&quot;def forward(self, source_tokens, target_tokens, source_mask=None, target_mask=None, memory_mask=None):\\n        memory = self.source_embedding(source_tokens)\\n        for layer in self.encoder:\\n            memory = layer(memory, mask=source_mask)\\n        target = self.target_embedding(target_tokens)\\n        hidden = self.decoder(target, memory, target_mask=target_mask, memory_mask=memory_mask)\\n        return self.output_projection(hidden)&quot;}},{&quot;id&quot;:&quot;input:model.Transformer:source_mask&quot;,&quot;sourceLabel&quot;:&quot;source_mask&quot;,&quot;kind&quot;:&quot;Input&quot;,&quot;category&quot;:&quot;input&quot;,&quot;evidence&quot;:&quot;source&quot;,&quot;source&quot;:{&quot;path&quot;:&quot;model.py&quot;,&quot;line&quot;:16,&quot;endLine&quot;:22,&quot;expression&quot;:&quot;def forward(self, source_tokens, target_tokens, source_mask=None, target_mask=None, memory_mask=None):\\n        memory = self.source_embedding(source_tokens)\\n        for layer in self.encoder:\\n            memory = layer(memory, mask=source_mask)\\n        target = self.target_embedding(target_tokens)\\n        hidden = self.decoder(target, memory, target_mask=target_mask, memory_mask=memory_mask)\\n        return self.output_projection(hidden)&quot;}},{&quot;id&quot;:&quot;input:model.Transformer:target_mask&quot;,&quot;sourceLabel&quot;:&quot;target_mask&quot;,&quot;kind&quot;:&quot;Input&quot;,&quot;category&quot;:&quot;input&quot;,&quot;evidence&quot;:&quot;source&quot;,&quot;source&quot;:{&quot;path&quot;:&quot;model.py&quot;,&quot;line&quot;:16,&quot;endLine&quot;:22,&quot;expression&quot;:&quot;def forward(self, source_tokens, target_tokens, source_mask=None, target_mask=None, memory_mask=None):\\n        memory = self.source_embedding(source_tokens)\\n        for layer in self.encoder:\\n            memory = layer(memory, mask=source_mask)\\n        target = self.target_embedding(target_tokens)\\n        hidden = self.decoder(target, memory, target_mask=target_mask, memory_mask=memory_mask)\\n        return self.output_projection(hidden)&quot;}},{&quot;id&quot;:&quot;input:model.Transformer:memory_mask&quot;,&quot;sourceLabel&quot;:&quot;memory_mask&quot;,&quot;kind&quot;:&quot;Input&quot;,&quot;category&quot;:&quot;input&quot;,&quot;evidence&quot;:&quot;source&quot;,&quot;source&quot;:{&quot;path&quot;:&quot;model.py&quot;,&quot;line&quot;:16,&quot;endLine&quot;:22,&quot;expression&quot;:&quot;def forward(self, source_tokens, target_tokens, source_mask=None, target_mask=None, memory_mask=None):\\n        memory = self.source_embedding(source_tokens)\\n        for layer in self.encoder:\\n            memory = layer(memory, mask=source_mask)\\n        target = self.target_embedding(target_tokens)\\n        hidden = self.decoder(target, memory, target_mask=target_mask, memory_mask=memory_mask)\\n        return self.output_projection(hidden)&quot;}},{&quot;id&quot;:&quot;call:instance:model.Transformer&quot;,&quot;sourceLabel&quot;:&quot;Transformer&quot;,&quot;kind&quot;:&quot;Module&quot;,&quot;category&quot;:&quot;container&quot;,&quot;evidence&quot;:&quot;source&quot;,&quot;instanceId&quot;:&quot;instance:model.Transformer&quot;,&quot;callCount&quot;:1,&quot;callId&quot;:&quot;call:instance:model.Transformer&quot;,&quot;source&quot;:{&quot;path&quot;:&quot;model.py&quot;,&quot;line&quot;:7,&quot;endLine&quot;:22,&quot;expression&quot;:&quot;class Transformer(nn.Module):\\n    def __init__(self, vocab_size=128, d_model=32, n_heads=4, n_layers=2):\\n        super().__init__()\\n        self.source_embedding = nn.Embedding(vocab_size, d_model)\\n        self.target_embedding = nn.Embedding(vocab_size, d_model)\\n        self.encoder = nn.ModuleList([EncoderLayer(d_model, n_heads) for _ in range(n_layers)])\\n        self.decoder = DecoderLayer(d_model, n_heads)\\n        self.output_projection = nn.Linear(d_model, vocab_size)\\n\\n    def forward(self, source_tokens, target_tokens, source_mask=None, target_mask=None, memory_mask=None):\\n        memory = self.source_embedding(source_tokens)\\n        for layer in self.encoder:\\n            memory = layer(memory, mask=source_mask)\\n        target = self.target_embedding(target_tokens)\\n        hidden = self.decoder(target, memory, target_mask=target_mask, memory_mask=memory_mask)\\n        return self.output_projection(hidden)&quot;}},{&quot;id&quot;:&quot;call:instance:model.Transformer.source_embedding&quot;,&quot;sourceLabel&quot;:&quot;source embedding&quot;,&quot;kind&quot;:&quot;Embedding&quot;,&quot;category&quot;:&quot;embedding&quot;,&quot;evidence&quot;:&quot;contract&quot;,&quot;instanceId&quot;:&quot;instance:model.Transformer.source_embedding&quot;,&quot;callCount&quot;:1,&quot;callId&quot;:&quot;call:instance:model.Transformer.source_embedding&quot;,&quot;source&quot;:{&quot;path&quot;:&quot;model.py&quot;,&quot;line&quot;:17,&quot;endLine&quot;:17,&quot;expression&quot;:&quot;self.source_embedding(source_tokens)&quot;}},{&quot;id&quot;:&quot;repeat:instance:model.Transformer.encoder&quot;,&quot;sourceLabel&quot;:&quot;encoder&quot;,&quot;kind&quot;:&quot;Repeat&quot;,&quot;category&quot;:&quot;container&quot;,&quot;evidence&quot;:&quot;source&quot;,&quot;repeat&quot;:{&quot;count&quot;:2,&quot;sharing&quot;:&quot;independent&quot;},&quot;source&quot;:{&quot;path&quot;:&quot;model.py&quot;,&quot;line&quot;:18,&quot;endLine&quot;:19,&quot;expression&quot;:&quot;for layer in self.encoder:\\n            memory = layer(memory, mask=source_mask)&quot;}},{&quot;id&quot;:&quot;call:instance:model.Transformer.encoder.0&quot;,&quot;sourceLabel&quot;:&quot;EncoderLayer 1&quot;,&quot;kind&quot;:&quot;Module&quot;,&quot;category&quot;:&quot;container&quot;,&quot;evidence&quot;:&quot;source&quot;,&quot;instanceId&quot;:&quot;instance:model.Transformer.encoder.0&quot;,&quot;callCount&quot;:1,&quot;callId&quot;:&quot;call:instance:model.Transformer.encoder.0&quot;,&quot;source&quot;:{&quot;path&quot;:&quot;model.py&quot;,&quot;line&quot;:19,&quot;endLine&quot;:19,&quot;expression&quot;:&quot;layer(memory, mask=source_mask)&quot;}},{&quot;id&quot;:&quot;call:instance:model.Transformer.encoder.0.self_attention&quot;,&quot;sourceLabel&quot;:&quot;self attention&quot;,&quot;kind&quot;:&quot;MultiheadAttention&quot;,&quot;category&quot;:&quot;attention&quot;,&quot;evidence&quot;:&quot;contract&quot;,&quot;instanceId&quot;:&quot;instance:model.Transformer.encoder.0.self_attention&quot;,&quot;callCount&quot;:1,&quot;callId&quot;:&quot;call:instance:model.Transformer.encoder.0.self_attention&quot;,&quot;source&quot;:{&quot;path&quot;:&quot;blocks.py&quot;,&quot;line&quot;:28,&quot;endLine&quot;:28,&quot;expression&quot;:&quot;self.self_attention(query=x, key=x, value=x, attn_mask=mask, need_weights=False)&quot;}},{&quot;id&quot;:&quot;call:instance:model.Transformer.encoder.0.attention_dropout&quot;,&quot;sourceLabel&quot;:&quot;attention dropout&quot;,&quot;kind&quot;:&quot;Dropout&quot;,&quot;category&quot;:&quot;regularization&quot;,&quot;evidence&quot;:&quot;contract&quot;,&quot;instanceId&quot;:&quot;instance:model.Transformer.encoder.0.attention_dropout&quot;,&quot;callCount&quot;:1,&quot;callId&quot;:&quot;call:instance:model.Transformer.encoder.0.attention_dropout&quot;,&quot;source&quot;:{&quot;path&quot;:&quot;blocks.py&quot;,&quot;line&quot;:29,&quot;endLine&quot;:29,&quot;expression&quot;:&quot;self.attention_dropout(attended)&quot;}},{&quot;id&quot;:&quot;op:call:instance:model.Transformer.encoder.0:Add:2fc8574cd9&quot;,&quot;sourceLabel&quot;:&quot;Add&quot;,&quot;kind&quot;:&quot;Add&quot;,&quot;category&quot;:&quot;residual&quot;,&quot;evidence&quot;:&quot;source&quot;,&quot;source&quot;:{&quot;path&quot;:&quot;blocks.py&quot;,&quot;line&quot;:29,&quot;endLine&quot;:29,&quot;expression&quot;:&quot;x + self.attention_dropout(attended)&quot;}},{&quot;id&quot;:&quot;call:instance:model.Transformer.encoder.0.attention_norm&quot;,&quot;sourceLabel&quot;:&quot;attention norm&quot;,&quot;kind&quot;:&quot;LayerNorm&quot;,&quot;category&quot;:&quot;norm&quot;,&quot;evidence&quot;:&quo'... 89898 more characters
  
      at TestContext.<anonymous> (file:///home/fzg/PycharmProjects/ArchCanvas/ArchCanvas_Model_Architecture_Studio/studio/tests/repeat-outline-independent.test.ts:77:14)
      at Test.runInAsyncScope (node:async_hooks:227:14)
      at Test.run (node:internal/test_runner/test:1382:25)
      at Test.processPendingSubtests (node:internal/test_runner/test:960:18)
      at Test.postRun (node:internal/test_runner/test:1522:19)
      at Test.run (node:internal/test_runner/test:1447:12)
      at async Test.processPendingSubtests (node:internal/test_runner/test:960:7) {
    generatedMessage: false,
    code: 'ERR_ASSERTION',
    actual: ',&quot;irDigest&quot;:&quot;b0bd5bf01fa364bf415f6aba9707f5d74d9b7bb058534c0dac54fc48fd3729e6&quot;,&quot;widthMm&quot;:180,&quot;heightMm&quot;:411.91374663072776,&quot;sourceFactScope&quot;:&quot;whole-source-architecture&quot;,&quot;sourceFacts&quot;:[{&quot;id&quot;:&quot;input:model.Transformer:source_tokens&quot;,&quot;sourceLabel&quot;:&quot;source_tokens&quot;,&quot;kind&quot;:&quot;Input&quot;,&quot;category&quot;:&quot;input&quot;,&quot;evidence&quot;:&quot;source&quot;,&quot;source&quot;:{&quot;path&quot;:&quot;model.py&quot;,&quot;line&quot;:16,&quot;endLine&quot;:22,&quot;expression&quot;:&quot;def forward(self, source_tokens, target_tokens, source_mask=None, target_mask=None, memory_mask=None):\\n        memory = self.source_embedding(source_tokens)\\n        for layer in self.encoder:\\n            memory = layer(memory, mask=source_mask)\\n        target = self.target_embedding(target_tokens)\\n        hidden = self.decoder(target, memory, target_mask=target_mask, memory_mask=memory_mask)\\n        return self.output_projection(hidden)&quot;}},{&quot;id&quot;:&quot;input:model.Transformer:target_tokens&quot;,&quot;sourceLabel&quot;:&quot;target_tokens&quot;,&quot;kind&quot;:&quot;Input&quot;,&quot;category&quot;:&quot;input&quot;,&quot;evidence&quot;:&quot;source&quot;,&quot;source&quot;:{&quot;path&quot;:&quot;model.py&quot;,&quot;line&quot;:16,&quot;endLine&quot;:22,&quot;expression&quot;:&quot;def forward(self, source_tokens, target_tokens, source_mask=None, target_mask=None, memory_mask=None):\\n        memory = self.source_embedding(source_tokens)\\n        for layer in self.encoder:\\n            memory = layer(memory, mask=source_mask)\\n        target = self.target_embedding(target_tokens)\\n        hidden = self.decoder(target, memory, target_mask=target_mask, memory_mask=memory_mask)\\n        return self.output_projection(hidden)&quot;}},{&quot;id&quot;:&quot;input:model.Transformer:source_mask&quot;,&quot;sourceLabel&quot;:&quot;source_mask&quot;,&quot;kind&quot;:&quot;Input&quot;,&quot;category&quot;:&quot;input&quot;,&quot;evidence&quot;:&quot;source&quot;,&quot;source&quot;:{&quot;path&quot;:&quot;model.py&quot;,&quot;line&quot;:16,&quot;endLine&quot;:22,&quot;expression&quot;:&quot;def forward(self, source_tokens, target_tokens, source_mask=None, target_mask=None, memory_mask=None):\\n        memory = self.source_embedding(source_tokens)\\n        for layer in self.encoder:\\n            memory = layer(memory, mask=source_mask)\\n        target = self.target_embedding(target_tokens)\\n        hidden = self.decoder(target, memory, target_mask=target_mask, memory_mask=memory_mask)\\n        return self.output_projection(hidden)&quot;}},{&quot;id&quot;:&quot;input:model.Transformer:target_mask&quot;,&quot;sourceLabel&quot;:&quot;target_mask&quot;,&quot;kind&quot;:&quot;Input&quot;,&quot;category&quot;:&quot;input&quot;,&quot;evidence&quot;:&quot;source&quot;,&quot;source&quot;:{&quot;path&quot;:&quot;model.py&quot;,&quot;line&quot;:16,&quot;endLine&quot;:22,&quot;expression&quot;:&quot;def forward(self, source_tokens, target_tokens, source_mask=None, target_mask=None, memory_mask=None):\\n        memory = self.source_embedding(source_tokens)\\n        for layer in self.encoder:\\n            memory = layer(memory, mask=source_mask)\\n        target = self.target_embedding(target_tokens)\\n        hidden = self.decoder(target, memory, target_mask=target_mask, memory_mask=memory_mask)\\n        return self.output_projection(hidden)&quot;}},{&quot;id&quot;:&quot;input:model.Transformer:memory_mask&quot;,&quot;sourceLabel&quot;:&quot;memory_mask&quot;,&quot;kind&quot;:&quot;Input&quot;,&quot;category&quot;:&quot;input&quot;,&quot;evidence&quot;:&quot;source&quot;,&quot;source&quot;:{&quot;path&quot;:&quot;model.py&quot;,&quot;line&quot;:16,&quot;endLine&quot;:22,&quot;expression&quot;:&quot;def forward(self, source_tokens, target_tokens, source_mask=None, target_mask=None, memory_mask=None):\\n        memory = self.source_embedding(source_tokens)\\n        for layer in self.encoder:\\n            memory = layer(memory, mask=source_mask)\\n        target = self.target_embedding(target_tokens)\\n        hidden = self.decoder(target, memory, target_mask=target_mask, memory_mask=memory_mask)\\n        return self.output_projection(hidden)&quot;}},{&quot;id&quot;:&quot;call:instance:model.Transformer&quot;,&quot;sourceLabel&quot;:&quot;Transformer&quot;,&quot;kind&quot;:&quot;Module&quot;,&quot;category&quot;:&quot;container&quot;,&quot;evidence&quot;:&quot;source&quot;,&quot;instanceId&quot;:&quot;instance:model.Transformer&quot;,&quot;callCount&quot;:1,&quot;callId&quot;:&quot;call:instance:model.Transformer&quot;,&quot;source&quot;:{&quot;path&quot;:&quot;model.py&quot;,&quot;line&quot;:7,&quot;endLine&quot;:22,&quot;expression&quot;:&quot;class Transformer(nn.Module):\\n    def __init__(self, vocab_size=128, d_model=32, n_heads=4, n_layers=2):\\n        super().__init__()\\n        self.source_embedding = nn.Embedding(vocab_size, d_model)\\n        self.target_embedding = nn.Embedding(vocab_size, d_model)\\n        self.encoder = nn.ModuleList([EncoderLayer(d_model, n_heads) for _ in range(n_layers)])\\n        self.decoder = DecoderLayer(d_model, n_heads)\\n        self.output_projection = nn.Linear(d_model, vocab_size)\\n\\n    def forward(self, source_tokens, target_tokens, source_mask=None, target_mask=None, memory_mask=None):\\n        memory = self.source_embedding(source_tokens)\\n        for layer in self.encoder:\\n            memory = layer(memory, mask=source_mask)\\n        target = self.target_embedding(target_tokens)\\n        hidden = self.decoder(target, memory, target_mask=target_mask, memory_mask=memory_mask)\\n        return self.output_projection(hidden)&quot;}},{&quot;id&quot;:&quot;call:instance:model.Transformer.source_embedding&quot;,&quot;sourceLabel&quot;:&quot;source embedding&quot;,&quot;kind&quot;:&quot;Embedding&quot;,&quot;category&quot;:&quot;embedding&quot;,&quot;evidence&quot;:&quot;contract&quot;,&quot;instanceId&quot;:&quot;instance:model.Transformer.source_embedding&quot;,&quot;callCount&quot;:1,&quot;callId&quot;:&quot;call:instance:model.Transformer.source_embedding&quot;,&quot;source&quot;:{&quot;path&quot;:&quot;model.py&quot;,&quot;line&quot;:17,&quot;endLine&quot;:17,&quot;expression&quot;:&quot;self.source_embedding(source_tokens)&quot;}},{&quot;id&quot;:&quot;repeat:instance:model.Transformer.encoder&quot;,&quot;sourceLabel&quot;:&quot;encoder&quot;,&quot;kind&quot;:&quot;Repeat&quot;,&quot;category&quot;:&quot;container&quot;,&quot;evidence&quot;:&quot;source&quot;,&quot;repeat&quot;:{&quot;count&quot;:2,&quot;sharing&quot;:&quot;independent&quot;},&quot;source&quot;:{&quot;path&quot;:&quot;model.py&quot;,&quot;line&quot;:18,&quot;endLine&quot;:19,&quot;expression&quot;:&quot;for layer in self.encoder:\\n            memory = layer(memory, mask=source_mask)&quot;}},{&quot;id&quot;:&quot;call:instance:model.Transformer.encoder.0&quot;,&quot;sourceLabel&quot;:&quot;EncoderLayer 1&quot;,&quot;kind&quot;:&quot;Module&quot;,&quot;category&quot;:&quot;container&quot;,&quot;evidence&quot;:&quot;source&quot;,&quot;instanceId&quot;:&quot;instance:model.Transformer.encoder.0&quot;,&quot;callCount&quot;:1,&quot;callId&quot;:&quot;call:instance:model.Transformer.encoder.0&quot;,&quot;source&quot;:{&quot;path&quot;:&quot;model.py&quot;,&quot;line&quot;:19,&quot;endLine&quot;:19,&quot;expression&quot;:&quot;layer(memory, mask=source_mask)&quot;}},{&quot;id&quot;:&quot;call:instance:model.Transformer.encoder.0.self_attention&quot;,&quot;sourceLabel&quot;:&quot;self attention&quot;,&quot;kind&quot;:&quot;MultiheadAttention&quot;,&quot;category&quot;:&quot;attention&quot;,&quot;evidence&quot;:&quot;contract&quot;,&quot;instanceId&quot;:&quot;instance:model.Transformer.encoder.0.self_attention&quot;,&quot;callCount&quot;:1,&quot;callId&quot;:&quot;call:instance:model.Transformer.encoder.0.self_attention&quot;,&quot;source&quot;:{&quot;path&quot;:&quot;blocks.py&quot;,&quot;line&quot;:28,&quot;endLine&quot;:28,&quot;expression&quot;:&quot;self.self_attention(query=x, key=x, value=x, attn_mask=mask, need_weights=False)&quot;}},{&quot;id&quot;:&quot;call:instance:model.Transformer.encoder.0.attention_dropout&quot;,&quot;sourceLabel&quot;:&quot;attention dropout&quot;,&quot;kind&quot;:&quot;Dropout&quot;,&quot;category&quot;:&quot;regularization&quot;,&quot;evidence&quot;:&quot;contract&quot;,&quot;instanceId&quot;:&quot;instance:model.Transformer.encoder.0.attention_dropout&quot;,&quot;callCount&quot;:1,&quot;callId&quot;:&quot;call:instance:model.Transformer.encoder.0.attention_dropout&quot;,&quot;source&quot;:{&quot;path&quot;:&quot;blocks.py&quot;,&quot;line&quot;:29,&quot;endLine&quot;:29,&quot;expression&quot;:&quot;self.attention_dropout(attended)&quot;}},{&quot;id&quot;:&quot;op:call:instance:model.Transformer.encoder.0:Add:2fc8574cd9&quot;,&quot;sourceLabel&quot;:&quot;Add&quot;,&quot;kind&quot;:&quot;Add&quot;,&quot;category&quot;:&quot;residual&quot;,&quot;evidence&quot;:&quot;source&quot;,&quot;source&quot;:{&quot;path&quot;:&quot;blocks.py&quot;,&quot;line&quot;:29,&quot;endLine&quot;:29,&quot;expression&quot;:&quot;x + self.attention_dropout(attended)&quot;}},{&quot;id&quot;:&quot;call:instance:model.Transformer.encoder.0.attention_norm&quot;,&quot;sourceLabel&quot;:&quot;attention norm&quot;,&quot;kind&quot;:&quot;LayerNorm&quot;,&quot;category&quot;:&quot;norm&quot;,&quot;evidence&quot;:&quot;contract&quot;,&quot;instanceId&quot;:&quot;instance:model.Transformer.encoder.0.attention_norm&quot;,&quot;callCount&quot;:1,&quot;callId&quot;:&quot;call:instance:model.Transformer.encoder.0.attention_norm&quot;,&quot;source&quot;:{&quot;path&quot;:&quot;blocks.py&quot;,&quot;line&quot;:29,&quot;endLine&quot;:29,&quot;expression&quot;:&quot;self.attention_norm(x + self.attention_dropout(attended))&quot;}},{&quot;id&quot;:&quot;call:instance:model.Transformer.encoder.0.feedforward&quot;,&quot;sourceLabel'... 89389 more characters,
    expected: ',&quot;irDigest&quot;:&quot;b0bd5bf01fa364bf415f6aba9707f5d74d9b7bb058534c0dac54fc48fd3729e6&quot;,&quot;widthMm&quot;:180,&quot;heightMm&quot;:411.91374663072776,&quot;sourceFactScope&quot;:&quot;whole-source-architecture&quot;,&quot;sourceFacts&quot;:[{&quot;id&quot;:&quot;input:model.Transformer:source_tokens&quot;,&quot;sourceLabel&quot;:&quot;source_tokens&quot;,&quot;kind&quot;:&quot;Input&quot;,&quot;category&quot;:&quot;input&quot;,&quot;evidence&quot;:&quot;source&quot;,&quot;source&quot;:{&quot;path&quot;:&quot;model.py&quot;,&quot;line&quot;:16,&quot;endLine&quot;:22,&quot;expression&quot;:&quot;def forward(self, source_tokens, target_tokens, source_mask=None, target_mask=None, memory_mask=None):\\n        memory = self.source_embedding(source_tokens)\\n        for layer in self.encoder:\\n            memory = layer(memory, mask=source_mask)\\n        target = self.target_embedding(target_tokens)\\n        hidden = self.decoder(target, memory, target_mask=target_mask, memory_mask=memory_mask)\\n        return self.output_projection(hidden)&quot;}},{&quot;id&quot;:&quot;input:model.Transformer:target_tokens&quot;,&quot;sourceLabel&quot;:&quot;target_tokens&quot;,&quot;kind&quot;:&quot;Input&quot;,&quot;category&quot;:&quot;input&quot;,&quot;evidence&quot;:&quot;source&quot;,&quot;source&quot;:{&quot;path&quot;:&quot;model.py&quot;,&quot;line&quot;:16,&quot;endLine&quot;:22,&quot;expression&quot;:&quot;def forward(self, source_tokens, target_tokens, source_mask=None, target_mask=None, memory_mask=None):\\n        memory = self.source_embedding(source_tokens)\\n        for layer in self.encoder:\\n            memory = layer(memory, mask=source_mask)\\n        target = self.target_embedding(target_tokens)\\n        hidden = self.decoder(target, memory, target_mask=target_mask, memory_mask=memory_mask)\\n        return self.output_projection(hidden)&quot;}},{&quot;id&quot;:&quot;input:model.Transformer:source_mask&quot;,&quot;sourceLabel&quot;:&quot;source_mask&quot;,&quot;kind&quot;:&quot;Input&quot;,&quot;category&quot;:&quot;input&quot;,&quot;evidence&quot;:&quot;source&quot;,&quot;source&quot;:{&quot;path&quot;:&quot;model.py&quot;,&quot;line&quot;:16,&quot;endLine&quot;:22,&quot;expression&quot;:&quot;def forward(self, source_tokens, target_tokens, source_mask=None, target_mask=None, memory_mask=None):\\n        memory = self.source_embedding(source_tokens)\\n        for layer in self.encoder:\\n            memory = layer(memory, mask=source_mask)\\n        target = self.target_embedding(target_tokens)\\n        hidden = self.decoder(target, memory, target_mask=target_mask, memory_mask=memory_mask)\\n        return self.output_projection(hidden)&quot;}},{&quot;id&quot;:&quot;input:model.Transformer:target_mask&quot;,&quot;sourceLabel&quot;:&quot;target_mask&quot;,&quot;kind&quot;:&quot;Input&quot;,&quot;category&quot;:&quot;input&quot;,&quot;evidence&quot;:&quot;source&quot;,&quot;source&quot;:{&quot;path&quot;:&quot;model.py&quot;,&quot;line&quot;:16,&quot;endLine&quot;:22,&quot;expression&quot;:&quot;def forward(self, source_tokens, target_tokens, source_mask=None, target_mask=None, memory_mask=None):\\n        memory = self.source_embedding(source_tokens)\\n        for layer in self.encoder:\\n            memory = layer(memory, mask=source_mask)\\n        target = self.target_embedding(target_tokens)\\n        hidden = self.decoder(target, memory, target_mask=target_mask, memory_mask=memory_mask)\\n        return self.output_projection(hidden)&quot;}},{&quot;id&quot;:&quot;input:model.Transformer:memory_mask&quot;,&quot;sourceLabel&quot;:&quot;memory_mask&quot;,&quot;kind&quot;:&quot;Input&quot;,&quot;category&quot;:&quot;input&quot;,&quot;evidence&quot;:&quot;source&quot;,&quot;source&quot;:{&quot;path&quot;:&quot;model.py&quot;,&quot;line&quot;:16,&quot;endLine&quot;:22,&quot;expression&quot;:&quot;def forward(self, source_tokens, target_tokens, source_mask=None, target_mask=None, memory_mask=None):\\n        memory = self.source_embedding(source_tokens)\\n        for layer in self.encoder:\\n            memory = layer(memory, mask=source_mask)\\n        target = self.target_embedding(target_tokens)\\n        hidden = self.decoder(target, memory, target_mask=target_mask, memory_mask=memory_mask)\\n        return self.output_projection(hidden)&quot;}},{&quot;id&quot;:&quot;call:instance:model.Transformer&quot;,&quot;sourceLabel&quot;:&quot;Transformer&quot;,&quot;kind&quot;:&quot;Module&quot;,&quot;category&quot;:&quot;container&quot;,&quot;evidence&quot;:&quot;source&quot;,&quot;instanceId&quot;:&quot;instance:model.Transformer&quot;,&quot;callCount&quot;:1,&quot;callId&quot;:&quot;call:instance:model.Transformer&quot;,&quot;source&quot;:{&quot;path&quot;:&quot;model.py&quot;,&quot;line&quot;:7,&quot;endLine&quot;:22,&quot;expression&quot;:&quot;class Transformer(nn.Module):\\n    def __init__(self, vocab_size=128, d_model=32, n_heads=4, n_layers=2):\\n        super().__init__()\\n        self.source_embedding = nn.Embedding(vocab_size, d_model)\\n        self.target_embedding = nn.Embedding(vocab_size, d_model)\\n        self.encoder = nn.ModuleList([EncoderLayer(d_model, n_heads) for _ in range(n_layers)])\\n        self.decoder = DecoderLayer(d_model, n_heads)\\n        self.output_projection = nn.Linear(d_model, vocab_size)\\n\\n    def forward(self, source_tokens, target_tokens, source_mask=None, target_mask=None, memory_mask=None):\\n        memory = self.source_embedding(source_tokens)\\n        for layer in self.encoder:\\n            memory = layer(memory, mask=source_mask)\\n        target = self.target_embedding(target_tokens)\\n        hidden = self.decoder(target, memory, target_mask=target_mask, memory_mask=memory_mask)\\n        return self.output_projection(hidden)&quot;}},{&quot;id&quot;:&quot;call:instance:model.Transformer.source_embedding&quot;,&quot;sourceLabel&quot;:&quot;source embedding&quot;,&quot;kind&quot;:&quot;Embedding&quot;,&quot;category&quot;:&quot;embedding&quot;,&quot;evidence&quot;:&quot;contract&quot;,&quot;instanceId&quot;:&quot;instance:model.Transformer.source_embedding&quot;,&quot;callCount&quot;:1,&quot;callId&quot;:&quot;call:instance:model.Transformer.source_embedding&quot;,&quot;source&quot;:{&quot;path&quot;:&quot;model.py&quot;,&quot;line&quot;:17,&quot;endLine&quot;:17,&quot;expression&quot;:&quot;self.source_embedding(source_tokens)&quot;}},{&quot;id&quot;:&quot;repeat:instance:model.Transformer.encoder&quot;,&quot;sourceLabel&quot;:&quot;encoder&quot;,&quot;kind&quot;:&quot;Repeat&quot;,&quot;category&quot;:&quot;container&quot;,&quot;evidence&quot;:&quot;source&quot;,&quot;repeat&quot;:{&quot;count&quot;:2,&quot;sharing&quot;:&quot;independent&quot;},&quot;source&quot;:{&quot;path&quot;:&quot;model.py&quot;,&quot;line&quot;:18,&quot;endLine&quot;:19,&quot;expression&quot;:&quot;for layer in self.encoder:\\n            memory = layer(memory, mask=source_mask)&quot;}},{&quot;id&quot;:&quot;call:instance:model.Transformer.encoder.0&quot;,&quot;sourceLabel&quot;:&quot;EncoderLayer 1&quot;,&quot;kind&quot;:&quot;Module&quot;,&quot;category&quot;:&quot;container&quot;,&quot;evidence&quot;:&quot;source&quot;,&quot;instanceId&quot;:&quot;instance:model.Transformer.encoder.0&quot;,&quot;callCount&quot;:1,&quot;callId&quot;:&quot;call:instance:model.Transformer.encoder.0&quot;,&quot;source&quot;:{&quot;path&quot;:&quot;model.py&quot;,&quot;line&quot;:19,&quot;endLine&quot;:19,&quot;expression&quot;:&quot;layer(memory, mask=source_mask)&quot;}},{&quot;id&quot;:&quot;call:instance:model.Transformer.encoder.0.self_attention&quot;,&quot;sourceLabel&quot;:&quot;self attention&quot;,&quot;kind&quot;:&quot;MultiheadAttention&quot;,&quot;category&quot;:&quot;attention&quot;,&quot;evidence&quot;:&quot;contract&quot;,&quot;instanceId&quot;:&quot;instance:model.Transformer.encoder.0.self_attention&quot;,&quot;callCount&quot;:1,&quot;callId&quot;:&quot;call:instance:model.Transformer.encoder.0.self_attention&quot;,&quot;source&quot;:{&quot;path&quot;:&quot;blocks.py&quot;,&quot;line&quot;:28,&quot;endLine&quot;:28,&quot;expression&quot;:&quot;self.self_attention(query=x, key=x, value=x, attn_mask=mask, need_weights=False)&quot;}},{&quot;id&quot;:&quot;call:instance:model.Transformer.encoder.0.attention_dropout&quot;,&quot;sourceLabel&quot;:&quot;attention dropout&quot;,&quot;kind&quot;:&quot;Dropout&quot;,&quot;category&quot;:&quot;regularization&quot;,&quot;evidence&quot;:&quot;contract&quot;,&quot;instanceId&quot;:&quot;instance:model.Transformer.encoder.0.attention_dropout&quot;,&quot;callCount&quot;:1,&quot;callId&quot;:&quot;call:instance:model.Transformer.encoder.0.attention_dropout&quot;,&quot;source&quot;:{&quot;path&quot;:&quot;blocks.py&quot;,&quot;line&quot;:29,&quot;endLine&quot;:29,&quot;expression&quot;:&quot;self.attention_dropout(attended)&quot;}},{&quot;id&quot;:&quot;op:call:instance:model.Transformer.encoder.0:Add:2fc8574cd9&quot;,&quot;sourceLabel&quot;:&quot;Add&quot;,&quot;kind&quot;:&quot;Add&quot;,&quot;category&quot;:&quot;residual&quot;,&quot;evidence&quot;:&quot;source&quot;,&quot;source&quot;:{&quot;path&quot;:&quot;blocks.py&quot;,&quot;line&quot;:29,&quot;endLine&quot;:29,&quot;expression&quot;:&quot;x + self.attention_dropout(attended)&quot;}},{&quot;id&quot;:&quot;call:instance:model.Transformer.encoder.0.attention_norm&quot;,&quot;sourceLabel&quot;:&quot;attention norm&quot;,&quot;kind&quot;:&quot;LayerNorm&quot;,&quot;category&quot;:&quot;norm&quot;,&quot;evidence&quot;:&quot;contract&quot;,&quot;instanceId&quot;:&quot;instance:model.Transformer.encoder.0.attention_norm&quot;,&quot;callCount&quot;:1,&quot;callId&quot;:&quot;call:instance:model.Transformer.encoder.0.attention_norm&quot;,&quot;source&quot;:{&quot;path&quot;:&quot;blocks.py&quot;,&quot;line&quot;:29,&quot;endLine&quot;:29,&quot;expression&quot;:&quot;self.attention_norm(x + self.attention_dropout(attended))&quot;}},{&quot;id&quot;:&quot;call:instance:model.Transformer.encoder.0.feedforward&quot;,&quot;sourceLabel'... 89389 more characters,
    operator: 'strictEqual',
    diff: 'simple'
  }

test at tests/repeat-outline-independent.test.ts:70:3
✖ source-bound final SVG stack/endpoint/Canvas invariants: transformer-level2-paper-180 (13.768634ms)
  AssertionError [ERR_ASSERTION]: Frontier without any stack changed its published SVG
  + actual - expected
  
  + '<svg xmlns="http://www.w3.org/2000/svg" width="180mm" height="480.67mm" viewBox="0 0 892 2382" data-document-id="canvas-architecture-model.Transformer-01ac6cd61f05-b0bd5bf0" data-revision="19" role="img" aria-label="Transformer"><metadata>{&quot;renderer&quot;:&quot;archcanvas-svg/1.0&quot;,&quot;documentId&quot;:&quot;canvas-architecture-model.Transformer-01ac6cd61f05-b0bd5bf0&quot;,&quot;revision&quot;:19,&quot;sourceDigest&quot;:&quot;01ac6cd61f058e9de5230b0c371527a1fa2b4f73842019e0e5785d5f0deb0916&quot;,&quot;irDigest&quot;:&quot;b0bd5bf01fa364bf415f6aba9707f5d74d9b7bb058534c0dac54fc48fd3729e6&quot;,&quot;widthMm&quot;:180,&quot;heightMm&quot;:480.6726457399103,&quot;sourceFactScope&quot;:&quot;whole-source-architecture&quot;,&quot;sourceFacts&quot;:[{&quot;id&quot;:&quot;input:model.Transformer:source_tokens&quot;,&quot;sourceLabel&quot;:&quot;source_tokens&quot;,&quot;kind&quot;:&quot;Input&quot;,&quot;category&quot;:&quot;input&quot;,&quot;evidence&quot;:&quot;source&quot;,&quot;source&quot;:{&quot;path&quot;:&quot;model.py&quot;,&quot;line&quot;:16,&quot;endLine&quot;:22,&quot;expression&quot;:&quot;def forward(self, source_tokens, target_tokens, source_mask=None, target_mask=None, memory_mask=None):\\n        memory = self.source_embedding(source_tokens)\\n        for layer in self.encoder:\\n            memory = layer(memory, mask=source_mask)\\n        target = self.target_embedding(target_tokens)\\n        hidden = self.decoder(target, memory, target_mask=target_mask, memory_mask=memory_mask)\\n        return self.output_projection(hidden)&quot;}},{&quot;id&quot;:&quot;input:model.Transformer:target_tokens&quot;,&quot;sourceLabel&quot;:&quot;target_tokens&quot;,&quot;kind&quot;:&quot;Input&quot;,&quot;category&quot;:&quot;input&quot;,&quot;evidence&quot;:&quot;source&quot;,&quot;source&quot;:{&quot;path&quot;:&quot;model.py&quot;,&quot;line&quot;:16,&quot;endLine&quot;:22,&quot;expression&quot;:&quot;def forward(self, source_tokens, target_tokens, source_mask=None, target_mask=None, memory_mask=None):\\n        memory = self.source_embedding(source_tokens)\\n        for layer in self.encoder:\\n            memory = layer(memory, mask=source_mask)\\n        target = self.target_embedding(target_tokens)\\n        hidden = self.decoder(target, memory, target_mask=target_mask, memory_mask=memory_mask)\\n        return self.output_projection(hidden)&quot;}},{&quot;id&quot;:&quot;input:model.Transformer:source_mask&quot;,&quot;sourceLabel&quot;:&quot;source_mask&quot;,&quot;kind&quot;:&quot;Input&quot;,&quot;category&quot;:&quot;input&quot;,&quot;evidence&quot;:&quot;source&quot;,&quot;source&quot;:{&quot;path&quot;:&quot;model.py&quot;,&quot;line&quot;:16,&quot;endLine&quot;:22,&quot;expression&quot;:&quot;def forward(self, source_tokens, target_tokens, source_mask=None, target_mask=None, memory_mask=None):\\n        memory = self.source_embedding(source_tokens)\\n        for layer in self.encoder:\\n            memory = layer(memory, mask=source_mask)\\n        target = self.target_embedding(target_tokens)\\n        hidden = self.decoder(target, memory, target_mask=target_mask, memory_mask=memory_mask)\\n        return self.output_projection(hidden)&quot;}},{&quot;id&quot;:&quot;input:model.Transformer:target_mask&quot;,&quot;sourceLabel&quot;:&quot;target_mask&quot;,&quot;kind&quot;:&quot;Input&quot;,&quot;category&quot;:&quot;input&quot;,&quot;evidence&quot;:&quot;source&quot;,&quot;source&quot;:{&quot;path&quot;:&quot;model.py&quot;,&quot;line&quot;:16,&quot;endLine&quot;:22,&quot;expression&quot;:&quot;def forward(self, source_tokens, target_tokens, source_mask=None, target_mask=None, memory_mask=None):\\n        memory = self.source_embedding(source_tokens)\\n        for layer in self.encoder:\\n            memory = layer(memory, mask=source_mask)\\n        target = self.target_embedding(target_tokens)\\n        hidden = self.decoder(target, memory, target_mask=target_mask, memory_mask=memory_mask)\\n        return self.output_projection(hidden)&quot;}},{&quot;id&quot;:&quot;input:model.Transformer:memory_mask&quot;,&quot;sourceLabel&quot;:&quot;memory_mask&quot;,&quot;kind&quot;:&quot;Input&quot;,&quot;category&quot;:&quot;input&quot;,&quot;evidence&quot;:&quot;source&quot;,&quot;source&quot;:{&quot;path&quot;:&quot;model.py&quot;,&quot;line&quot;:16,&quot;endLine&quot;:22,&quot;expression&quot;:&quot;def forward(self, source_tokens, target_tokens, source_mask=None, target_mask=None, memory_mask=None):\\n        memory = self.source_embedding(source_tokens)\\n        for layer in self.encoder:\\n            memory = layer(memory, mask=source_mask)\\n        target = self.target_embedding(target_tokens)\\n        hidden = self.decoder(target, memory, target_mask=target_mask, memory_mask=memory_mask)\\n        return self.output_projection(hidden)&quot;}},{&quot;id&quot;:&quot;call:instance:model.Transformer&quot;,&quot;sourceLabel&quot;:&quot;Transformer&quot;,&quot;kind&quot;:&quot;Module&quot;,&quot;category&quot;:&quot;container&quot;,&quot;evidence&quot;:&quot;source&quot;,&quot;instanceId&quot;:&quot;instance:model.Transformer&quot;,&quot;callCount&quot;:1,&quot;callId&quot;:&quot;call:instance:model.Transformer&quot;,&quot;source&quot;:{&quot;path&quot;:&quot;model.py&quot;,&quot;line&quot;:7,&quot;endLine&quot;:22,&quot;expression&quot;:&quot;class Transformer(nn.Module):\\n    def __init__(self, vocab_size=128, d_model=32, n_heads=4, n_layers=2):\\n        super().__init__()\\n        self.source_embedding = nn.Embedding(vocab_size, d_model)\\n        self.target_embedding = nn.Embedding(vocab_size, d_model)\\n        self.encoder = nn.ModuleList([EncoderLayer(d_model, n_heads) for _ in range(n_layers)])\\n        self.decoder = DecoderLayer(d_model, n_heads)\\n        self.output_projection = nn.Linear(d_model, vocab_size)\\n\\n    def forward(self, source_tokens, target_tokens, source_mask=None, target_mask=None, memory_mask=None):\\n        memory = self.source_embedding(source_tokens)\\n        for layer in self.encoder:\\n            memory = layer(memory, mask=source_mask)\\n        target = self.target_embedding(target_tokens)\\n        hidden = self.decoder(target, memory, target_mask=target_mask, memory_mask=memory_mask)\\n        return self.output_projection(hidden)&quot;}},{&quot;id&quot;:&quot;call:instance:model.Transformer.source_embedding&quot;,&quot;sourceLabel&quot;:&quot;source embedding&quot;,&quot;kind&quot;:&quot;Embedding&quot;,&quot;category&quot;:&quot;embedding&quot;,&quot;evidence&quot;:&quot;contract&quot;,&quot;instanceId&quot;:&quot;instance:model.Transformer.source_embedding&quot;,&quot;callCount&quot;:1,&quot;callId&quot;:&quot;call:instance:model.Transformer.source_embedding&quot;,&quot;source&quot;:{&quot;path&quot;:&quot;model.py&quot;,&quot;line&quot;:17,&quot;endLine&quot;:17,&quot;expression&quot;:&quot;self.source_embedding(source_tokens)&quot;}},{&quot;id&quot;:&quot;repeat:instance:model.Transformer.encoder&quot;,&quot;sourceLabel&quot;:&quot;encoder&quot;,&quot;kind&quot;:&quot;Repeat&quot;,&quot;category&quot;:&quot;container&quot;,&quot;evidence&quot;:&quot;source&quot;,&quot;repeat&quot;:{&quot;count&quot;:2,&quot;sharing&quot;:&quot;independent&quot;},&quot;source&quot;:{&quot;path&quot;:&quot;model.py&quot;,&quot;line&quot;:18,&quot;endLine&quot;:19,&quot;expression&quot;:&quot;for layer in self.encoder:\\n            memory = layer(memory, mask=source_mask)&quot;}},{&quot;id&quot;:&quot;call:instance:model.Transformer.encoder.0&quot;,&quot;sourceLabel&quot;:&quot;EncoderLayer 1&quot;,&quot;kind&quot;:&quot;Module&quot;,&quot;category&quot;:&quot;container&quot;,&quot;evidence&quot;:&quot;source&quot;,&quot;instanceId&quot;:&quot;instance:model.Transformer.encoder.0&quot;,&quot;callCount&quot;:1,&quot;callId&quot;:&quot;call:instance:model.Transformer.encoder.0&quot;,&quot;source&quot;:{&quot;path&quot;:&quot;model.py&quot;,&quot;line&quot;:19,&quot;endLine&quot;:19,&quot;expression&quot;:&quot;layer(memory, mask=source_mask)&quot;}},{&quot;id&quot;:&quot;call:instance:model.Transformer.encoder.0.self_attention&quot;,&quot;sourceLabel&quot;:&quot;self attention&quot;,&quot;kind&quot;:&quot;MultiheadAttention&quot;,&quot;category&quot;:&quot;attention&quot;,&quot;evidence&quot;:&quot;contract&quot;,&quot;instanceId&quot;:&quot;instance:model.Transformer.encoder.0.self_attention&quot;,&quot;callCount&quot;:1,&quot;callId&quot;:&quot;call:instance:model.Transformer.encoder.0.self_attention&quot;,&quot;source&quot;:{&quot;path&quot;:&quot;blocks.py&quot;,&quot;line&quot;:28,&quot;endLine&quot;:28,&quot;expression&quot;:&quot;self.self_attention(query=x, key=x, value=x, attn_mask=mask, need_weights=False)&quot;}},{&quot;id&quot;:&quot;call:instance:model.Transformer.encoder.0.attention_dropout&quot;,&quot;sourceLabel&quot;:&quot;attention dropout&quot;,&quot;kind&quot;:&quot;Dropout&quot;,&quot;category&quot;:&quot;regularization&quot;,&quot;evidence&quot;:&quot;contract&quot;,&quot;instanceId&quot;:&quot;instance:model.Transformer.encoder.0.attention_dropout&quot;,&quot;callCount&quot;:1,&quot;callId&quot;:&quot;call:instance:model.Transformer.encoder.0.attention_dropout&quot;,&quot;source&quot;:{&quot;path&quot;:&quot;blocks.py&quot;,&quot;line&quot;:29,&quot;endLine&quot;:29,&quot;expression&quot;:&quot;self.attention_dropout(attended)&quot;}},{&quot;id&quot;:&quot;op:call:instance:model.Transformer.encoder.0:Add:2fc8574cd9&quot;,&quot;sourceLabel&quot;:&quot;Add&quot;,&quot;kind&quot;:&quot;Add&quot;,&quot;category&quot;:&quot;residual&quot;,&quot;evidence&quot;:&quot;source&quot;,&quot;source&quot;:{&quot;path&quot;:&quot;blocks.py&quot;,&quot;line&quot;:29,&quot;endLine&quot;:29,&quot;expression&quot;:&quot;x + self.attention_dropout(attended)&quot;}},{&quot;id&quot;:&quot;call:instance:model.Transformer.encoder.0.attention_norm&quot;,&quot;sourceLabel&quot;:&quot;attention norm&quot;,&quot;kind&quot;:&quot;LayerNorm&quot;,&quot;category&quot;:&quot;norm&quot;,&quot;evidence&quot;:&quot'... 142036 more characters
  - '<svg xmlns="http://www.w3.org/2000/svg" width="180mm" height="480.67mm" viewBox="0 0 892 2382" data-document-id="canvas-architecture-model.Transformer-01ac6cd61f05-b0bd5bf0" data-revision="19" role="img" aria-label="Transformer"><metadata>{&quot;renderer&quot;:&quot;archcanvas-svg/1.0&quot;,&quot;documentId&quot;:&quot;canvas-architecture-model.Transformer-01ac6cd61f05-b0bd5bf0&quot;,&quot;revision&quot;:19,&quot;sourceDigest&quot;:&quot;01ac6cd61f058e9de5230b0c371527a1fa2b4f73842019e0e5785d5f0deb0916&quot;,&quot;irDigest&quot;:&quot;b0bd5bf01fa364bf415f6aba9707f5d74d9b7bb058534c0dac54fc48fd3729e6&quot;,&quot;widthMm&quot;:180,&quot;heightMm&quot;:480.6726457399103,&quot;sourceFactScope&quot;:&quot;whole-source-architecture&quot;,&quot;sourceFacts&quot;:[{&quot;id&quot;:&quot;input:model.Transformer:source_tokens&quot;,&quot;sourceLabel&quot;:&quot;source_tokens&quot;,&quot;kind&quot;:&quot;Input&quot;,&quot;category&quot;:&quot;input&quot;,&quot;evidence&quot;:&quot;source&quot;,&quot;source&quot;:{&quot;path&quot;:&quot;model.py&quot;,&quot;line&quot;:16,&quot;endLine&quot;:22,&quot;expression&quot;:&quot;def forward(self, source_tokens, target_tokens, source_mask=None, target_mask=None, memory_mask=None):\\n        memory = self.source_embedding(source_tokens)\\n        for layer in self.encoder:\\n            memory = layer(memory, mask=source_mask)\\n        target = self.target_embedding(target_tokens)\\n        hidden = self.decoder(target, memory, target_mask=target_mask, memory_mask=memory_mask)\\n        return self.output_projection(hidden)&quot;}},{&quot;id&quot;:&quot;input:model.Transformer:target_tokens&quot;,&quot;sourceLabel&quot;:&quot;target_tokens&quot;,&quot;kind&quot;:&quot;Input&quot;,&quot;category&quot;:&quot;input&quot;,&quot;evidence&quot;:&quot;source&quot;,&quot;source&quot;:{&quot;path&quot;:&quot;model.py&quot;,&quot;line&quot;:16,&quot;endLine&quot;:22,&quot;expression&quot;:&quot;def forward(self, source_tokens, target_tokens, source_mask=None, target_mask=None, memory_mask=None):\\n        memory = self.source_embedding(source_tokens)\\n        for layer in self.encoder:\\n            memory = layer(memory, mask=source_mask)\\n        target = self.target_embedding(target_tokens)\\n        hidden = self.decoder(target, memory, target_mask=target_mask, memory_mask=memory_mask)\\n        return self.output_projection(hidden)&quot;}},{&quot;id&quot;:&quot;input:model.Transformer:source_mask&quot;,&quot;sourceLabel&quot;:&quot;source_mask&quot;,&quot;kind&quot;:&quot;Input&quot;,&quot;category&quot;:&quot;input&quot;,&quot;evidence&quot;:&quot;source&quot;,&quot;source&quot;:{&quot;path&quot;:&quot;model.py&quot;,&quot;line&quot;:16,&quot;endLine&quot;:22,&quot;expression&quot;:&quot;def forward(self, source_tokens, target_tokens, source_mask=None, target_mask=None, memory_mask=None):\\n        memory = self.source_embedding(source_tokens)\\n        for layer in self.encoder:\\n            memory = layer(memory, mask=source_mask)\\n        target = self.target_embedding(target_tokens)\\n        hidden = self.decoder(target, memory, target_mask=target_mask, memory_mask=memory_mask)\\n        return self.output_projection(hidden)&quot;}},{&quot;id&quot;:&quot;input:model.Transformer:target_mask&quot;,&quot;sourceLabel&quot;:&quot;target_mask&quot;,&quot;kind&quot;:&quot;Input&quot;,&quot;category&quot;:&quot;input&quot;,&quot;evidence&quot;:&quot;source&quot;,&quot;source&quot;:{&quot;path&quot;:&quot;model.py&quot;,&quot;line&quot;:16,&quot;endLine&quot;:22,&quot;expression&quot;:&quot;def forward(self, source_tokens, target_tokens, source_mask=None, target_mask=None, memory_mask=None):\\n        memory = self.source_embedding(source_tokens)\\n        for layer in self.encoder:\\n            memory = layer(memory, mask=source_mask)\\n        target = self.target_embedding(target_tokens)\\n        hidden = self.decoder(target, memory, target_mask=target_mask, memory_mask=memory_mask)\\n        return self.output_projection(hidden)&quot;}},{&quot;id&quot;:&quot;input:model.Transformer:memory_mask&quot;,&quot;sourceLabel&quot;:&quot;memory_mask&quot;,&quot;kind&quot;:&quot;Input&quot;,&quot;category&quot;:&quot;input&quot;,&quot;evidence&quot;:&quot;source&quot;,&quot;source&quot;:{&quot;path&quot;:&quot;model.py&quot;,&quot;line&quot;:16,&quot;endLine&quot;:22,&quot;expression&quot;:&quot;def forward(self, source_tokens, target_tokens, source_mask=None, target_mask=None, memory_mask=None):\\n        memory = self.source_embedding(source_tokens)\\n        for layer in self.encoder:\\n            memory = layer(memory, mask=source_mask)\\n        target = self.target_embedding(target_tokens)\\n        hidden = self.decoder(target, memory, target_mask=target_mask, memory_mask=memory_mask)\\n        return self.output_projection(hidden)&quot;}},{&quot;id&quot;:&quot;call:instance:model.Transformer&quot;,&quot;sourceLabel&quot;:&quot;Transformer&quot;,&quot;kind&quot;:&quot;Module&quot;,&quot;category&quot;:&quot;container&quot;,&quot;evidence&quot;:&quot;source&quot;,&quot;instanceId&quot;:&quot;instance:model.Transformer&quot;,&quot;callCount&quot;:1,&quot;callId&quot;:&quot;call:instance:model.Transformer&quot;,&quot;source&quot;:{&quot;path&quot;:&quot;model.py&quot;,&quot;line&quot;:7,&quot;endLine&quot;:22,&quot;expression&quot;:&quot;class Transformer(nn.Module):\\n    def __init__(self, vocab_size=128, d_model=32, n_heads=4, n_layers=2):\\n        super().__init__()\\n        self.source_embedding = nn.Embedding(vocab_size, d_model)\\n        self.target_embedding = nn.Embedding(vocab_size, d_model)\\n        self.encoder = nn.ModuleList([EncoderLayer(d_model, n_heads) for _ in range(n_layers)])\\n        self.decoder = DecoderLayer(d_model, n_heads)\\n        self.output_projection = nn.Linear(d_model, vocab_size)\\n\\n    def forward(self, source_tokens, target_tokens, source_mask=None, target_mask=None, memory_mask=None):\\n        memory = self.source_embedding(source_tokens)\\n        for layer in self.encoder:\\n            memory = layer(memory, mask=source_mask)\\n        target = self.target_embedding(target_tokens)\\n        hidden = self.decoder(target, memory, target_mask=target_mask, memory_mask=memory_mask)\\n        return self.output_projection(hidden)&quot;}},{&quot;id&quot;:&quot;call:instance:model.Transformer.source_embedding&quot;,&quot;sourceLabel&quot;:&quot;source embedding&quot;,&quot;kind&quot;:&quot;Embedding&quot;,&quot;category&quot;:&quot;embedding&quot;,&quot;evidence&quot;:&quot;contract&quot;,&quot;instanceId&quot;:&quot;instance:model.Transformer.source_embedding&quot;,&quot;callCount&quot;:1,&quot;callId&quot;:&quot;call:instance:model.Transformer.source_embedding&quot;,&quot;source&quot;:{&quot;path&quot;:&quot;model.py&quot;,&quot;line&quot;:17,&quot;endLine&quot;:17,&quot;expression&quot;:&quot;self.source_embedding(source_tokens)&quot;}},{&quot;id&quot;:&quot;repeat:instance:model.Transformer.encoder&quot;,&quot;sourceLabel&quot;:&quot;encoder&quot;,&quot;kind&quot;:&quot;Repeat&quot;,&quot;category&quot;:&quot;container&quot;,&quot;evidence&quot;:&quot;source&quot;,&quot;repeat&quot;:{&quot;count&quot;:2,&quot;sharing&quot;:&quot;independent&quot;},&quot;source&quot;:{&quot;path&quot;:&quot;model.py&quot;,&quot;line&quot;:18,&quot;endLine&quot;:19,&quot;expression&quot;:&quot;for layer in self.encoder:\\n            memory = layer(memory, mask=source_mask)&quot;}},{&quot;id&quot;:&quot;call:instance:model.Transformer.encoder.0&quot;,&quot;sourceLabel&quot;:&quot;EncoderLayer 1&quot;,&quot;kind&quot;:&quot;Module&quot;,&quot;category&quot;:&quot;container&quot;,&quot;evidence&quot;:&quot;source&quot;,&quot;instanceId&quot;:&quot;instance:model.Transformer.encoder.0&quot;,&quot;callCount&quot;:1,&quot;callId&quot;:&quot;call:instance:model.Transformer.encoder.0&quot;,&quot;source&quot;:{&quot;path&quot;:&quot;model.py&quot;,&quot;line&quot;:19,&quot;endLine&quot;:19,&quot;expression&quot;:&quot;layer(memory, mask=source_mask)&quot;}},{&quot;id&quot;:&quot;call:instance:model.Transformer.encoder.0.self_attention&quot;,&quot;sourceLabel&quot;:&quot;self attention&quot;,&quot;kind&quot;:&quot;MultiheadAttention&quot;,&quot;category&quot;:&quot;attention&quot;,&quot;evidence&quot;:&quot;contract&quot;,&quot;instanceId&quot;:&quot;instance:model.Transformer.encoder.0.self_attention&quot;,&quot;callCount&quot;:1,&quot;callId&quot;:&quot;call:instance:model.Transformer.encoder.0.self_attention&quot;,&quot;source&quot;:{&quot;path&quot;:&quot;blocks.py&quot;,&quot;line&quot;:28,&quot;endLine&quot;:28,&quot;expression&quot;:&quot;self.self_attention(query=x, key=x, value=x, attn_mask=mask, need_weights=False)&quot;}},{&quot;id&quot;:&quot;call:instance:model.Transformer.encoder.0.attention_dropout&quot;,&quot;sourceLabel&quot;:&quot;attention dropout&quot;,&quot;kind&quot;:&quot;Dropout&quot;,&quot;category&quot;:&quot;regularization&quot;,&quot;evidence&quot;:&quot;contract&quot;,&quot;instanceId&quot;:&quot;instance:model.Transformer.encoder.0.attention_dropout&quot;,&quot;callCount&quot;:1,&quot;callId&quot;:&quot;call:instance:model.Transformer.encoder.0.attention_dropout&quot;,&quot;source&quot;:{&quot;path&quot;:&quot;blocks.py&quot;,&quot;line&quot;:29,&quot;endLine&quot;:29,&quot;expression&quot;:&quot;self.attention_dropout(attended)&quot;}},{&quot;id&quot;:&quot;op:call:instance:model.Transformer.encoder.0:Add:2fc8574cd9&quot;,&quot;sourceLabel&quot;:&quot;Add&quot;,&quot;kind&quot;:&quot;Add&quot;,&quot;category&quot;:&quot;residual&quot;,&quot;evidence&quot;:&quot;source&quot;,&quot;source&quot;:{&quot;path&quot;:&quot;blocks.py&quot;,&quot;line&quot;:29,&quot;endLine&quot;:29,&quot;expression&quot;:&quot;x + self.attention_dropout(attended)&quot;}},{&quot;id&quot;:&quot;call:instance:model.Transformer.encoder.0.attention_norm&quot;,&quot;sourceLabel&quot;:&quot;attention norm&quot;,&quot;kind&quot;:&quot;LayerNorm&quot;,&quot;category&quot;:&quot;norm&quot;,&quot;evidence&quot;:&quot'... 142048 more characters
  
      at TestContext.<anonymous> (file:///home/fzg/PycharmProjects/ArchCanvas/ArchCanvas_Model_Architecture_Studio/studio/tests/repeat-outline-independent.test.ts:77:14)
      at Test.runInAsyncScope (node:async_hooks:227:14)
      at Test.run (node:internal/test_runner/test:1382:25)
      at Test.processPendingSubtests (node:internal/test_runner/test:960:18)
      at Test.postRun (node:internal/test_runner/test:1522:19)
      at Test.run (node:internal/test_runner/test:1447:12)
      at async Test.processPendingSubtests (node:internal/test_runner/test:960:7) {
    generatedMessage: false,
    code: 'ERR_ASSERTION',
    actual: ',&quot;irDigest&quot;:&quot;b0bd5bf01fa364bf415f6aba9707f5d74d9b7bb058534c0dac54fc48fd3729e6&quot;,&quot;widthMm&quot;:180,&quot;heightMm&quot;:480.6726457399103,&quot;sourceFactScope&quot;:&quot;whole-source-architecture&quot;,&quot;sourceFacts&quot;:[{&quot;id&quot;:&quot;input:model.Transformer:source_tokens&quot;,&quot;sourceLabel&quot;:&quot;source_tokens&quot;,&quot;kind&quot;:&quot;Input&quot;,&quot;category&quot;:&quot;input&quot;,&quot;evidence&quot;:&quot;source&quot;,&quot;source&quot;:{&quot;path&quot;:&quot;model.py&quot;,&quot;line&quot;:16,&quot;endLine&quot;:22,&quot;expression&quot;:&quot;def forward(self, source_tokens, target_tokens, source_mask=None, target_mask=None, memory_mask=None):\\n        memory = self.source_embedding(source_tokens)\\n        for layer in self.encoder:\\n            memory = layer(memory, mask=source_mask)\\n        target = self.target_embedding(target_tokens)\\n        hidden = self.decoder(target, memory, target_mask=target_mask, memory_mask=memory_mask)\\n        return self.output_projection(hidden)&quot;}},{&quot;id&quot;:&quot;input:model.Transformer:target_tokens&quot;,&quot;sourceLabel&quot;:&quot;target_tokens&quot;,&quot;kind&quot;:&quot;Input&quot;,&quot;category&quot;:&quot;input&quot;,&quot;evidence&quot;:&quot;source&quot;,&quot;source&quot;:{&quot;path&quot;:&quot;model.py&quot;,&quot;line&quot;:16,&quot;endLine&quot;:22,&quot;expression&quot;:&quot;def forward(self, source_tokens, target_tokens, source_mask=None, target_mask=None, memory_mask=None):\\n        memory = self.source_embedding(source_tokens)\\n        for layer in self.encoder:\\n            memory = layer(memory, mask=source_mask)\\n        target = self.target_embedding(target_tokens)\\n        hidden = self.decoder(target, memory, target_mask=target_mask, memory_mask=memory_mask)\\n        return self.output_projection(hidden)&quot;}},{&quot;id&quot;:&quot;input:model.Transformer:source_mask&quot;,&quot;sourceLabel&quot;:&quot;source_mask&quot;,&quot;kind&quot;:&quot;Input&quot;,&quot;category&quot;:&quot;input&quot;,&quot;evidence&quot;:&quot;source&quot;,&quot;source&quot;:{&quot;path&quot;:&quot;model.py&quot;,&quot;line&quot;:16,&quot;endLine&quot;:22,&quot;expression&quot;:&quot;def forward(self, source_tokens, target_tokens, source_mask=None, target_mask=None, memory_mask=None):\\n        memory = self.source_embedding(source_tokens)\\n        for layer in self.encoder:\\n            memory = layer(memory, mask=source_mask)\\n        target = self.target_embedding(target_tokens)\\n        hidden = self.decoder(target, memory, target_mask=target_mask, memory_mask=memory_mask)\\n        return self.output_projection(hidden)&quot;}},{&quot;id&quot;:&quot;input:model.Transformer:target_mask&quot;,&quot;sourceLabel&quot;:&quot;target_mask&quot;,&quot;kind&quot;:&quot;Input&quot;,&quot;category&quot;:&quot;input&quot;,&quot;evidence&quot;:&quot;source&quot;,&quot;source&quot;:{&quot;path&quot;:&quot;model.py&quot;,&quot;line&quot;:16,&quot;endLine&quot;:22,&quot;expression&quot;:&quot;def forward(self, source_tokens, target_tokens, source_mask=None, target_mask=None, memory_mask=None):\\n        memory = self.source_embedding(source_tokens)\\n        for layer in self.encoder:\\n            memory = layer(memory, mask=source_mask)\\n        target = self.target_embedding(target_tokens)\\n        hidden = self.decoder(target, memory, target_mask=target_mask, memory_mask=memory_mask)\\n        return self.output_projection(hidden)&quot;}},{&quot;id&quot;:&quot;input:model.Transformer:memory_mask&quot;,&quot;sourceLabel&quot;:&quot;memory_mask&quot;,&quot;kind&quot;:&quot;Input&quot;,&quot;category&quot;:&quot;input&quot;,&quot;evidence&quot;:&quot;source&quot;,&quot;source&quot;:{&quot;path&quot;:&quot;model.py&quot;,&quot;line&quot;:16,&quot;endLine&quot;:22,&quot;expression&quot;:&quot;def forward(self, source_tokens, target_tokens, source_mask=None, target_mask=None, memory_mask=None):\\n        memory = self.source_embedding(source_tokens)\\n        for layer in self.encoder:\\n            memory = layer(memory, mask=source_mask)\\n        target = self.target_embedding(target_tokens)\\n        hidden = self.decoder(target, memory, target_mask=target_mask, memory_mask=memory_mask)\\n        return self.output_projection(hidden)&quot;}},{&quot;id&quot;:&quot;call:instance:model.Transformer&quot;,&quot;sourceLabel&quot;:&quot;Transformer&quot;,&quot;kind&quot;:&quot;Module&quot;,&quot;category&quot;:&quot;container&quot;,&quot;evidence&quot;:&quot;source&quot;,&quot;instanceId&quot;:&quot;instance:model.Transformer&quot;,&quot;callCount&quot;:1,&quot;callId&quot;:&quot;call:instance:model.Transformer&quot;,&quot;source&quot;:{&quot;path&quot;:&quot;model.py&quot;,&quot;line&quot;:7,&quot;endLine&quot;:22,&quot;expression&quot;:&quot;class Transformer(nn.Module):\\n    def __init__(self, vocab_size=128, d_model=32, n_heads=4, n_layers=2):\\n        super().__init__()\\n        self.source_embedding = nn.Embedding(vocab_size, d_model)\\n        self.target_embedding = nn.Embedding(vocab_size, d_model)\\n        self.encoder = nn.ModuleList([EncoderLayer(d_model, n_heads) for _ in range(n_layers)])\\n        self.decoder = DecoderLayer(d_model, n_heads)\\n        self.output_projection = nn.Linear(d_model, vocab_size)\\n\\n    def forward(self, source_tokens, target_tokens, source_mask=None, target_mask=None, memory_mask=None):\\n        memory = self.source_embedding(source_tokens)\\n        for layer in self.encoder:\\n            memory = layer(memory, mask=source_mask)\\n        target = self.target_embedding(target_tokens)\\n        hidden = self.decoder(target, memory, target_mask=target_mask, memory_mask=memory_mask)\\n        return self.output_projection(hidden)&quot;}},{&quot;id&quot;:&quot;call:instance:model.Transformer.source_embedding&quot;,&quot;sourceLabel&quot;:&quot;source embedding&quot;,&quot;kind&quot;:&quot;Embedding&quot;,&quot;category&quot;:&quot;embedding&quot;,&quot;evidence&quot;:&quot;contract&quot;,&quot;instanceId&quot;:&quot;instance:model.Transformer.source_embedding&quot;,&quot;callCount&quot;:1,&quot;callId&quot;:&quot;call:instance:model.Transformer.source_embedding&quot;,&quot;source&quot;:{&quot;path&quot;:&quot;model.py&quot;,&quot;line&quot;:17,&quot;endLine&quot;:17,&quot;expression&quot;:&quot;self.source_embedding(source_tokens)&quot;}},{&quot;id&quot;:&quot;repeat:instance:model.Transformer.encoder&quot;,&quot;sourceLabel&quot;:&quot;encoder&quot;,&quot;kind&quot;:&quot;Repeat&quot;,&quot;category&quot;:&quot;container&quot;,&quot;evidence&quot;:&quot;source&quot;,&quot;repeat&quot;:{&quot;count&quot;:2,&quot;sharing&quot;:&quot;independent&quot;},&quot;source&quot;:{&quot;path&quot;:&quot;model.py&quot;,&quot;line&quot;:18,&quot;endLine&quot;:19,&quot;expression&quot;:&quot;for layer in self.encoder:\\n            memory = layer(memory, mask=source_mask)&quot;}},{&quot;id&quot;:&quot;call:instance:model.Transformer.encoder.0&quot;,&quot;sourceLabel&quot;:&quot;EncoderLayer 1&quot;,&quot;kind&quot;:&quot;Module&quot;,&quot;category&quot;:&quot;container&quot;,&quot;evidence&quot;:&quot;source&quot;,&quot;instanceId&quot;:&quot;instance:model.Transformer.encoder.0&quot;,&quot;callCount&quot;:1,&quot;callId&quot;:&quot;call:instance:model.Transformer.encoder.0&quot;,&quot;source&quot;:{&quot;path&quot;:&quot;model.py&quot;,&quot;line&quot;:19,&quot;endLine&quot;:19,&quot;expression&quot;:&quot;layer(memory, mask=source_mask)&quot;}},{&quot;id&quot;:&quot;call:instance:model.Transformer.encoder.0.self_attention&quot;,&quot;sourceLabel&quot;:&quot;self attention&quot;,&quot;kind&quot;:&quot;MultiheadAttention&quot;,&quot;category&quot;:&quot;attention&quot;,&quot;evidence&quot;:&quot;contract&quot;,&quot;instanceId&quot;:&quot;instance:model.Transformer.encoder.0.self_attention&quot;,&quot;callCount&quot;:1,&quot;callId&quot;:&quot;call:instance:model.Transformer.encoder.0.self_attention&quot;,&quot;source&quot;:{&quot;path&quot;:&quot;blocks.py&quot;,&quot;line&quot;:28,&quot;endLine&quot;:28,&quot;expression&quot;:&quot;self.self_attention(query=x, key=x, value=x, attn_mask=mask, need_weights=False)&quot;}},{&quot;id&quot;:&quot;call:instance:model.Transformer.encoder.0.attention_dropout&quot;,&quot;sourceLabel&quot;:&quot;attention dropout&quot;,&quot;kind&quot;:&quot;Dropout&quot;,&quot;category&quot;:&quot;regularization&quot;,&quot;evidence&quot;:&quot;contract&quot;,&quot;instanceId&quot;:&quot;instance:model.Transformer.encoder.0.attention_dropout&quot;,&quot;callCount&quot;:1,&quot;callId&quot;:&quot;call:instance:model.Transformer.encoder.0.attention_dropout&quot;,&quot;source&quot;:{&quot;path&quot;:&quot;blocks.py&quot;,&quot;line&quot;:29,&quot;endLine&quot;:29,&quot;expression&quot;:&quot;self.attention_dropout(attended)&quot;}},{&quot;id&quot;:&quot;op:call:instance:model.Transformer.encoder.0:Add:2fc8574cd9&quot;,&quot;sourceLabel&quot;:&quot;Add&quot;,&quot;kind&quot;:&quot;Add&quot;,&quot;category&quot;:&quot;residual&quot;,&quot;evidence&quot;:&quot;source&quot;,&quot;source&quot;:{&quot;path&quot;:&quot;blocks.py&quot;,&quot;line&quot;:29,&quot;endLine&quot;:29,&quot;expression&quot;:&quot;x + self.attention_dropout(attended)&quot;}},{&quot;id&quot;:&quot;call:instance:model.Transformer.encoder.0.attention_norm&quot;,&quot;sourceLabel&quot;:&quot;attention norm&quot;,&quot;kind&quot;:&quot;LayerNorm&quot;,&quot;category&quot;:&quot;norm&quot;,&quot;evidence&quot;:&quot;contract&quot;,&quot;instanceId&quot;:&quot;instance:model.Transformer.encoder.0.attention_norm&quot;,&quot;callCount&quot;:1,&quot;callId&quot;:&quot;call:instance:model.Transformer.encoder.0.attention_norm&quot;,&quot;source&quot;:{&quot;path&quot;:&quot;blocks.py&quot;,&quot;line&quot;:29,&quot;endLine&quot;:29,&quot;expression&quot;:&quot;self.attention_norm(x + self.attention_dropout(attended))&quot;}},{&quot;id&quot;:&quot;call:instance:model.Transformer.encoder.0.feedforward&quot;,&quot;sourceLabel&'... 141527 more characters,
    expected: ',&quot;irDigest&quot;:&quot;b0bd5bf01fa364bf415f6aba9707f5d74d9b7bb058534c0dac54fc48fd3729e6&quot;,&quot;widthMm&quot;:180,&quot;heightMm&quot;:480.6726457399103,&quot;sourceFactScope&quot;:&quot;whole-source-architecture&quot;,&quot;sourceFacts&quot;:[{&quot;id&quot;:&quot;input:model.Transformer:source_tokens&quot;,&quot;sourceLabel&quot;:&quot;source_tokens&quot;,&quot;kind&quot;:&quot;Input&quot;,&quot;category&quot;:&quot;input&quot;,&quot;evidence&quot;:&quot;source&quot;,&quot;source&quot;:{&quot;path&quot;:&quot;model.py&quot;,&quot;line&quot;:16,&quot;endLine&quot;:22,&quot;expression&quot;:&quot;def forward(self, source_tokens, target_tokens, source_mask=None, target_mask=None, memory_mask=None):\\n        memory = self.source_embedding(source_tokens)\\n        for layer in self.encoder:\\n            memory = layer(memory, mask=source_mask)\\n        target = self.target_embedding(target_tokens)\\n        hidden = self.decoder(target, memory, target_mask=target_mask, memory_mask=memory_mask)\\n        return self.output_projection(hidden)&quot;}},{&quot;id&quot;:&quot;input:model.Transformer:target_tokens&quot;,&quot;sourceLabel&quot;:&quot;target_tokens&quot;,&quot;kind&quot;:&quot;Input&quot;,&quot;category&quot;:&quot;input&quot;,&quot;evidence&quot;:&quot;source&quot;,&quot;source&quot;:{&quot;path&quot;:&quot;model.py&quot;,&quot;line&quot;:16,&quot;endLine&quot;:22,&quot;expression&quot;:&quot;def forward(self, source_tokens, target_tokens, source_mask=None, target_mask=None, memory_mask=None):\\n        memory = self.source_embedding(source_tokens)\\n        for layer in self.encoder:\\n            memory = layer(memory, mask=source_mask)\\n        target = self.target_embedding(target_tokens)\\n        hidden = self.decoder(target, memory, target_mask=target_mask, memory_mask=memory_mask)\\n        return self.output_projection(hidden)&quot;}},{&quot;id&quot;:&quot;input:model.Transformer:source_mask&quot;,&quot;sourceLabel&quot;:&quot;source_mask&quot;,&quot;kind&quot;:&quot;Input&quot;,&quot;category&quot;:&quot;input&quot;,&quot;evidence&quot;:&quot;source&quot;,&quot;source&quot;:{&quot;path&quot;:&quot;model.py&quot;,&quot;line&quot;:16,&quot;endLine&quot;:22,&quot;expression&quot;:&quot;def forward(self, source_tokens, target_tokens, source_mask=None, target_mask=None, memory_mask=None):\\n        memory = self.source_embedding(source_tokens)\\n        for layer in self.encoder:\\n            memory = layer(memory, mask=source_mask)\\n        target = self.target_embedding(target_tokens)\\n        hidden = self.decoder(target, memory, target_mask=target_mask, memory_mask=memory_mask)\\n        return self.output_projection(hidden)&quot;}},{&quot;id&quot;:&quot;input:model.Transformer:target_mask&quot;,&quot;sourceLabel&quot;:&quot;target_mask&quot;,&quot;kind&quot;:&quot;Input&quot;,&quot;category&quot;:&quot;input&quot;,&quot;evidence&quot;:&quot;source&quot;,&quot;source&quot;:{&quot;path&quot;:&quot;model.py&quot;,&quot;line&quot;:16,&quot;endLine&quot;:22,&quot;expression&quot;:&quot;def forward(self, source_tokens, target_tokens, source_mask=None, target_mask=None, memory_mask=None):\\n        memory = self.source_embedding(source_tokens)\\n        for layer in self.encoder:\\n            memory = layer(memory, mask=source_mask)\\n        target = self.target_embedding(target_tokens)\\n        hidden = self.decoder(target, memory, target_mask=target_mask, memory_mask=memory_mask)\\n        return self.output_projection(hidden)&quot;}},{&quot;id&quot;:&quot;input:model.Transformer:memory_mask&quot;,&quot;sourceLabel&quot;:&quot;memory_mask&quot;,&quot;kind&quot;:&quot;Input&quot;,&quot;category&quot;:&quot;input&quot;,&quot;evidence&quot;:&quot;source&quot;,&quot;source&quot;:{&quot;path&quot;:&quot;model.py&quot;,&quot;line&quot;:16,&quot;endLine&quot;:22,&quot;expression&quot;:&quot;def forward(self, source_tokens, target_tokens, source_mask=None, target_mask=None, memory_mask=None):\\n        memory = self.source_embedding(source_tokens)\\n        for layer in self.encoder:\\n            memory = layer(memory, mask=source_mask)\\n        target = self.target_embedding(target_tokens)\\n        hidden = self.decoder(target, memory, target_mask=target_mask, memory_mask=memory_mask)\\n        return self.output_projection(hidden)&quot;}},{&quot;id&quot;:&quot;call:instance:model.Transformer&quot;,&quot;sourceLabel&quot;:&quot;Transformer&quot;,&quot;kind&quot;:&quot;Module&quot;,&quot;category&quot;:&quot;container&quot;,&quot;evidence&quot;:&quot;source&quot;,&quot;instanceId&quot;:&quot;instance:model.Transformer&quot;,&quot;callCount&quot;:1,&quot;callId&quot;:&quot;call:instance:model.Transformer&quot;,&quot;source&quot;:{&quot;path&quot;:&quot;model.py&quot;,&quot;line&quot;:7,&quot;endLine&quot;:22,&quot;expression&quot;:&quot;class Transformer(nn.Module):\\n    def __init__(self, vocab_size=128, d_model=32, n_heads=4, n_layers=2):\\n        super().__init__()\\n        self.source_embedding = nn.Embedding(vocab_size, d_model)\\n        self.target_embedding = nn.Embedding(vocab_size, d_model)\\n        self.encoder = nn.ModuleList([EncoderLayer(d_model, n_heads) for _ in range(n_layers)])\\n        self.decoder = DecoderLayer(d_model, n_heads)\\n        self.output_projection = nn.Linear(d_model, vocab_size)\\n\\n    def forward(self, source_tokens, target_tokens, source_mask=None, target_mask=None, memory_mask=None):\\n        memory = self.source_embedding(source_tokens)\\n        for layer in self.encoder:\\n            memory = layer(memory, mask=source_mask)\\n        target = self.target_embedding(target_tokens)\\n        hidden = self.decoder(target, memory, target_mask=target_mask, memory_mask=memory_mask)\\n        return self.output_projection(hidden)&quot;}},{&quot;id&quot;:&quot;call:instance:model.Transformer.source_embedding&quot;,&quot;sourceLabel&quot;:&quot;source embedding&quot;,&quot;kind&quot;:&quot;Embedding&quot;,&quot;category&quot;:&quot;embedding&quot;,&quot;evidence&quot;:&quot;contract&quot;,&quot;instanceId&quot;:&quot;instance:model.Transformer.source_embedding&quot;,&quot;callCount&quot;:1,&quot;callId&quot;:&quot;call:instance:model.Transformer.source_embedding&quot;,&quot;source&quot;:{&quot;path&quot;:&quot;model.py&quot;,&quot;line&quot;:17,&quot;endLine&quot;:17,&quot;expression&quot;:&quot;self.source_embedding(source_tokens)&quot;}},{&quot;id&quot;:&quot;repeat:instance:model.Transformer.encoder&quot;,&quot;sourceLabel&quot;:&quot;encoder&quot;,&quot;kind&quot;:&quot;Repeat&quot;,&quot;category&quot;:&quot;container&quot;,&quot;evidence&quot;:&quot;source&quot;,&quot;repeat&quot;:{&quot;count&quot;:2,&quot;sharing&quot;:&quot;independent&quot;},&quot;source&quot;:{&quot;path&quot;:&quot;model.py&quot;,&quot;line&quot;:18,&quot;endLine&quot;:19,&quot;expression&quot;:&quot;for layer in self.encoder:\\n            memory = layer(memory, mask=source_mask)&quot;}},{&quot;id&quot;:&quot;call:instance:model.Transformer.encoder.0&quot;,&quot;sourceLabel&quot;:&quot;EncoderLayer 1&quot;,&quot;kind&quot;:&quot;Module&quot;,&quot;category&quot;:&quot;container&quot;,&quot;evidence&quot;:&quot;source&quot;,&quot;instanceId&quot;:&quot;instance:model.Transformer.encoder.0&quot;,&quot;callCount&quot;:1,&quot;callId&quot;:&quot;call:instance:model.Transformer.encoder.0&quot;,&quot;source&quot;:{&quot;path&quot;:&quot;model.py&quot;,&quot;line&quot;:19,&quot;endLine&quot;:19,&quot;expression&quot;:&quot;layer(memory, mask=source_mask)&quot;}},{&quot;id&quot;:&quot;call:instance:model.Transformer.encoder.0.self_attention&quot;,&quot;sourceLabel&quot;:&quot;self attention&quot;,&quot;kind&quot;:&quot;MultiheadAttention&quot;,&quot;category&quot;:&quot;attention&quot;,&quot;evidence&quot;:&quot;contract&quot;,&quot;instanceId&quot;:&quot;instance:model.Transformer.encoder.0.self_attention&quot;,&quot;callCount&quot;:1,&quot;callId&quot;:&quot;call:instance:model.Transformer.encoder.0.self_attention&quot;,&quot;source&quot;:{&quot;path&quot;:&quot;blocks.py&quot;,&quot;line&quot;:28,&quot;endLine&quot;:28,&quot;expression&quot;:&quot;self.self_attention(query=x, key=x, value=x, attn_mask=mask, need_weights=False)&quot;}},{&quot;id&quot;:&quot;call:instance:model.Transformer.encoder.0.attention_dropout&quot;,&quot;sourceLabel&quot;:&quot;attention dropout&quot;,&quot;kind&quot;:&quot;Dropout&quot;,&quot;category&quot;:&quot;regularization&quot;,&quot;evidence&quot;:&quot;contract&quot;,&quot;instanceId&quot;:&quot;instance:model.Transformer.encoder.0.attention_dropout&quot;,&quot;callCount&quot;:1,&quot;callId&quot;:&quot;call:instance:model.Transformer.encoder.0.attention_dropout&quot;,&quot;source&quot;:{&quot;path&quot;:&quot;blocks.py&quot;,&quot;line&quot;:29,&quot;endLine&quot;:29,&quot;expression&quot;:&quot;self.attention_dropout(attended)&quot;}},{&quot;id&quot;:&quot;op:call:instance:model.Transformer.encoder.0:Add:2fc8574cd9&quot;,&quot;sourceLabel&quot;:&quot;Add&quot;,&quot;kind&quot;:&quot;Add&quot;,&quot;category&quot;:&quot;residual&quot;,&quot;evidence&quot;:&quot;source&quot;,&quot;source&quot;:{&quot;path&quot;:&quot;blocks.py&quot;,&quot;line&quot;:29,&quot;endLine&quot;:29,&quot;expression&quot;:&quot;x + self.attention_dropout(attended)&quot;}},{&quot;id&quot;:&quot;call:instance:model.Transformer.encoder.0.attention_norm&quot;,&quot;sourceLabel&quot;:&quot;attention norm&quot;,&quot;kind&quot;:&quot;LayerNorm&quot;,&quot;category&quot;:&quot;norm&quot;,&quot;evidence&quot;:&quot;contract&quot;,&quot;instanceId&quot;:&quot;instance:model.Transformer.encoder.0.attention_norm&quot;,&quot;callCount&quot;:1,&quot;callId&quot;:&quot;call:instance:model.Transformer.encoder.0.attention_norm&quot;,&quot;source&quot;:{&quot;path&quot;:&quot;blocks.py&quot;,&quot;line&quot;:29,&quot;endLine&quot;:29,&quot;expression&quot;:&quot;self.attention_norm(x + self.attention_dropout(attended))&quot;}},{&quot;id&quot;:&quot;call:instance:model.Transformer.encoder.0.feedforward&quot;,&quot;sourceLabel&'... 141539 more characters,
    operator: 'strictEqual',
    diff: 'simple'
  }

test at tests/repeat-outline-independent.test.ts:70:3
✖ source-bound final SVG stack/endpoint/Canvas invariants: transformer-level3-paper-180 (17.096462ms)
  AssertionError [ERR_ASSERTION]: Frontier without any stack changed its published SVG
  + actual - expected
  
  + '<svg xmlns="http://www.w3.org/2000/svg" width="180mm" height="605.61mm" viewBox="0 0 941 3166" data-document-id="canvas-architecture-model.Transformer-01ac6cd61f05-b0bd5bf0" data-revision="27" role="img" aria-label="Transformer"><metadata>{&quot;renderer&quot;:&quot;archcanvas-svg/1.0&quot;,&quot;documentId&quot;:&quot;canvas-architecture-model.Transformer-01ac6cd61f05-b0bd5bf0&quot;,&quot;revision&quot;:27,&quot;sourceDigest&quot;:&quot;01ac6cd61f058e9de5230b0c371527a1fa2b4f73842019e0e5785d5f0deb0916&quot;,&quot;irDigest&quot;:&quot;b0bd5bf01fa364bf415f6aba9707f5d74d9b7bb058534c0dac54fc48fd3729e6&quot;,&quot;widthMm&quot;:180,&quot;heightMm&quot;:605.6110520722635,&quot;sourceFactScope&quot;:&quot;whole-source-architecture&quot;,&quot;sourceFacts&quot;:[{&quot;id&quot;:&quot;input:model.Transformer:source_tokens&quot;,&quot;sourceLabel&quot;:&quot;source_tokens&quot;,&quot;kind&quot;:&quot;Input&quot;,&quot;category&quot;:&quot;input&quot;,&quot;evidence&quot;:&quot;source&quot;,&quot;source&quot;:{&quot;path&quot;:&quot;model.py&quot;,&quot;line&quot;:16,&quot;endLine&quot;:22,&quot;expression&quot;:&quot;def forward(self, source_tokens, target_tokens, source_mask=None, target_mask=None, memory_mask=None):\\n        memory = self.source_embedding(source_tokens)\\n        for layer in self.encoder:\\n            memory = layer(memory, mask=source_mask)\\n        target = self.target_embedding(target_tokens)\\n        hidden = self.decoder(target, memory, target_mask=target_mask, memory_mask=memory_mask)\\n        return self.output_projection(hidden)&quot;}},{&quot;id&quot;:&quot;input:model.Transformer:target_tokens&quot;,&quot;sourceLabel&quot;:&quot;target_tokens&quot;,&quot;kind&quot;:&quot;Input&quot;,&quot;category&quot;:&quot;input&quot;,&quot;evidence&quot;:&quot;source&quot;,&quot;source&quot;:{&quot;path&quot;:&quot;model.py&quot;,&quot;line&quot;:16,&quot;endLine&quot;:22,&quot;expression&quot;:&quot;def forward(self, source_tokens, target_tokens, source_mask=None, target_mask=None, memory_mask=None):\\n        memory = self.source_embedding(source_tokens)\\n        for layer in self.encoder:\\n            memory = layer(memory, mask=source_mask)\\n        target = self.target_embedding(target_tokens)\\n        hidden = self.decoder(target, memory, target_mask=target_mask, memory_mask=memory_mask)\\n        return self.output_projection(hidden)&quot;}},{&quot;id&quot;:&quot;input:model.Transformer:source_mask&quot;,&quot;sourceLabel&quot;:&quot;source_mask&quot;,&quot;kind&quot;:&quot;Input&quot;,&quot;category&quot;:&quot;input&quot;,&quot;evidence&quot;:&quot;source&quot;,&quot;source&quot;:{&quot;path&quot;:&quot;model.py&quot;,&quot;line&quot;:16,&quot;endLine&quot;:22,&quot;expression&quot;:&quot;def forward(self, source_tokens, target_tokens, source_mask=None, target_mask=None, memory_mask=None):\\n        memory = self.source_embedding(source_tokens)\\n        for layer in self.encoder:\\n            memory = layer(memory, mask=source_mask)\\n        target = self.target_embedding(target_tokens)\\n        hidden = self.decoder(target, memory, target_mask=target_mask, memory_mask=memory_mask)\\n        return self.output_projection(hidden)&quot;}},{&quot;id&quot;:&quot;input:model.Transformer:target_mask&quot;,&quot;sourceLabel&quot;:&quot;target_mask&quot;,&quot;kind&quot;:&quot;Input&quot;,&quot;category&quot;:&quot;input&quot;,&quot;evidence&quot;:&quot;source&quot;,&quot;source&quot;:{&quot;path&quot;:&quot;model.py&quot;,&quot;line&quot;:16,&quot;endLine&quot;:22,&quot;expression&quot;:&quot;def forward(self, source_tokens, target_tokens, source_mask=None, target_mask=None, memory_mask=None):\\n        memory = self.source_embedding(source_tokens)\\n        for layer in self.encoder:\\n            memory = layer(memory, mask=source_mask)\\n        target = self.target_embedding(target_tokens)\\n        hidden = self.decoder(target, memory, target_mask=target_mask, memory_mask=memory_mask)\\n        return self.output_projection(hidden)&quot;}},{&quot;id&quot;:&quot;input:model.Transformer:memory_mask&quot;,&quot;sourceLabel&quot;:&quot;memory_mask&quot;,&quot;kind&quot;:&quot;Input&quot;,&quot;category&quot;:&quot;input&quot;,&quot;evidence&quot;:&quot;source&quot;,&quot;source&quot;:{&quot;path&quot;:&quot;model.py&quot;,&quot;line&quot;:16,&quot;endLine&quot;:22,&quot;expression&quot;:&quot;def forward(self, source_tokens, target_tokens, source_mask=None, target_mask=None, memory_mask=None):\\n        memory = self.source_embedding(source_tokens)\\n        for layer in self.encoder:\\n            memory = layer(memory, mask=source_mask)\\n        target = self.target_embedding(target_tokens)\\n        hidden = self.decoder(target, memory, target_mask=target_mask, memory_mask=memory_mask)\\n        return self.output_projection(hidden)&quot;}},{&quot;id&quot;:&quot;call:instance:model.Transformer&quot;,&quot;sourceLabel&quot;:&quot;Transformer&quot;,&quot;kind&quot;:&quot;Module&quot;,&quot;category&quot;:&quot;container&quot;,&quot;evidence&quot;:&quot;source&quot;,&quot;instanceId&quot;:&quot;instance:model.Transformer&quot;,&quot;callCount&quot;:1,&quot;callId&quot;:&quot;call:instance:model.Transformer&quot;,&quot;source&quot;:{&quot;path&quot;:&quot;model.py&quot;,&quot;line&quot;:7,&quot;endLine&quot;:22,&quot;expression&quot;:&quot;class Transformer(nn.Module):\\n    def __init__(self, vocab_size=128, d_model=32, n_heads=4, n_layers=2):\\n        super().__init__()\\n        self.source_embedding = nn.Embedding(vocab_size, d_model)\\n        self.target_embedding = nn.Embedding(vocab_size, d_model)\\n        self.encoder = nn.ModuleList([EncoderLayer(d_model, n_heads) for _ in range(n_layers)])\\n        self.decoder = DecoderLayer(d_model, n_heads)\\n        self.output_projection = nn.Linear(d_model, vocab_size)\\n\\n    def forward(self, source_tokens, target_tokens, source_mask=None, target_mask=None, memory_mask=None):\\n        memory = self.source_embedding(source_tokens)\\n        for layer in self.encoder:\\n            memory = layer(memory, mask=source_mask)\\n        target = self.target_embedding(target_tokens)\\n        hidden = self.decoder(target, memory, target_mask=target_mask, memory_mask=memory_mask)\\n        return self.output_projection(hidden)&quot;}},{&quot;id&quot;:&quot;call:instance:model.Transformer.source_embedding&quot;,&quot;sourceLabel&quot;:&quot;source embedding&quot;,&quot;kind&quot;:&quot;Embedding&quot;,&quot;category&quot;:&quot;embedding&quot;,&quot;evidence&quot;:&quot;contract&quot;,&quot;instanceId&quot;:&quot;instance:model.Transformer.source_embedding&quot;,&quot;callCount&quot;:1,&quot;callId&quot;:&quot;call:instance:model.Transformer.source_embedding&quot;,&quot;source&quot;:{&quot;path&quot;:&quot;model.py&quot;,&quot;line&quot;:17,&quot;endLine&quot;:17,&quot;expression&quot;:&quot;self.source_embedding(source_tokens)&quot;}},{&quot;id&quot;:&quot;repeat:instance:model.Transformer.encoder&quot;,&quot;sourceLabel&quot;:&quot;encoder&quot;,&quot;kind&quot;:&quot;Repeat&quot;,&quot;category&quot;:&quot;container&quot;,&quot;evidence&quot;:&quot;source&quot;,&quot;repeat&quot;:{&quot;count&quot;:2,&quot;sharing&quot;:&quot;independent&quot;},&quot;source&quot;:{&quot;path&quot;:&quot;model.py&quot;,&quot;line&quot;:18,&quot;endLine&quot;:19,&quot;expression&quot;:&quot;for layer in self.encoder:\\n            memory = layer(memory, mask=source_mask)&quot;}},{&quot;id&quot;:&quot;call:instance:model.Transformer.encoder.0&quot;,&quot;sourceLabel&quot;:&quot;EncoderLayer 1&quot;,&quot;kind&quot;:&quot;Module&quot;,&quot;category&quot;:&quot;container&quot;,&quot;evidence&quot;:&quot;source&quot;,&quot;instanceId&quot;:&quot;instance:model.Transformer.encoder.0&quot;,&quot;callCount&quot;:1,&quot;callId&quot;:&quot;call:instance:model.Transformer.encoder.0&quot;,&quot;source&quot;:{&quot;path&quot;:&quot;model.py&quot;,&quot;line&quot;:19,&quot;endLine&quot;:19,&quot;expression&quot;:&quot;layer(memory, mask=source_mask)&quot;}},{&quot;id&quot;:&quot;call:instance:model.Transformer.encoder.0.self_attention&quot;,&quot;sourceLabel&quot;:&quot;self attention&quot;,&quot;kind&quot;:&quot;MultiheadAttention&quot;,&quot;category&quot;:&quot;attention&quot;,&quot;evidence&quot;:&quot;contract&quot;,&quot;instanceId&quot;:&quot;instance:model.Transformer.encoder.0.self_attention&quot;,&quot;callCount&quot;:1,&quot;callId&quot;:&quot;call:instance:model.Transformer.encoder.0.self_attention&quot;,&quot;source&quot;:{&quot;path&quot;:&quot;blocks.py&quot;,&quot;line&quot;:28,&quot;endLine&quot;:28,&quot;expression&quot;:&quot;self.self_attention(query=x, key=x, value=x, attn_mask=mask, need_weights=False)&quot;}},{&quot;id&quot;:&quot;call:instance:model.Transformer.encoder.0.attention_dropout&quot;,&quot;sourceLabel&quot;:&quot;attention dropout&quot;,&quot;kind&quot;:&quot;Dropout&quot;,&quot;category&quot;:&quot;regularization&quot;,&quot;evidence&quot;:&quot;contract&quot;,&quot;instanceId&quot;:&quot;instance:model.Transformer.encoder.0.attention_dropout&quot;,&quot;callCount&quot;:1,&quot;callId&quot;:&quot;call:instance:model.Transformer.encoder.0.attention_dropout&quot;,&quot;source&quot;:{&quot;path&quot;:&quot;blocks.py&quot;,&quot;line&quot;:29,&quot;endLine&quot;:29,&quot;expression&quot;:&quot;self.attention_dropout(attended)&quot;}},{&quot;id&quot;:&quot;op:call:instance:model.Transformer.encoder.0:Add:2fc8574cd9&quot;,&quot;sourceLabel&quot;:&quot;Add&quot;,&quot;kind&quot;:&quot;Add&quot;,&quot;category&quot;:&quot;residual&quot;,&quot;evidence&quot;:&quot;source&quot;,&quot;source&quot;:{&quot;path&quot;:&quot;blocks.py&quot;,&quot;line&quot;:29,&quot;endLine&quot;:29,&quot;expression&quot;:&quot;x + self.attention_dropout(attended)&quot;}},{&quot;id&quot;:&quot;call:instance:model.Transformer.encoder.0.attention_norm&quot;,&quot;sourceLabel&quot;:&quot;attention norm&quot;,&quot;kind&quot;:&quot;LayerNorm&quot;,&quot;category&quot;:&quot;norm&quot;,&quot;evidence&quot;:&quot'... 163218 more characters
  - '<svg xmlns="http://www.w3.org/2000/svg" width="180mm" height="598.61mm" viewBox="0 0 952 3166" data-document-id="canvas-architecture-model.Transformer-01ac6cd61f05-b0bd5bf0" data-revision="27" role="img" aria-label="Transformer"><metadata>{&quot;renderer&quot;:&quot;archcanvas-svg/1.0&quot;,&quot;documentId&quot;:&quot;canvas-architecture-model.Transformer-01ac6cd61f05-b0bd5bf0&quot;,&quot;revision&quot;:27,&quot;sourceDigest&quot;:&quot;01ac6cd61f058e9de5230b0c371527a1fa2b4f73842019e0e5785d5f0deb0916&quot;,&quot;irDigest&quot;:&quot;b0bd5bf01fa364bf415f6aba9707f5d74d9b7bb058534c0dac54fc48fd3729e6&quot;,&quot;widthMm&quot;:180,&quot;heightMm&quot;:598.6134453781513,&quot;sourceFactScope&quot;:&quot;whole-source-architecture&quot;,&quot;sourceFacts&quot;:[{&quot;id&quot;:&quot;input:model.Transformer:source_tokens&quot;,&quot;sourceLabel&quot;:&quot;source_tokens&quot;,&quot;kind&quot;:&quot;Input&quot;,&quot;category&quot;:&quot;input&quot;,&quot;evidence&quot;:&quot;source&quot;,&quot;source&quot;:{&quot;path&quot;:&quot;model.py&quot;,&quot;line&quot;:16,&quot;endLine&quot;:22,&quot;expression&quot;:&quot;def forward(self, source_tokens, target_tokens, source_mask=None, target_mask=None, memory_mask=None):\\n        memory = self.source_embedding(source_tokens)\\n        for layer in self.encoder:\\n            memory = layer(memory, mask=source_mask)\\n        target = self.target_embedding(target_tokens)\\n        hidden = self.decoder(target, memory, target_mask=target_mask, memory_mask=memory_mask)\\n        return self.output_projection(hidden)&quot;}},{&quot;id&quot;:&quot;input:model.Transformer:target_tokens&quot;,&quot;sourceLabel&quot;:&quot;target_tokens&quot;,&quot;kind&quot;:&quot;Input&quot;,&quot;category&quot;:&quot;input&quot;,&quot;evidence&quot;:&quot;source&quot;,&quot;source&quot;:{&quot;path&quot;:&quot;model.py&quot;,&quot;line&quot;:16,&quot;endLine&quot;:22,&quot;expression&quot;:&quot;def forward(self, source_tokens, target_tokens, source_mask=None, target_mask=None, memory_mask=None):\\n        memory = self.source_embedding(source_tokens)\\n        for layer in self.encoder:\\n            memory = layer(memory, mask=source_mask)\\n        target = self.target_embedding(target_tokens)\\n        hidden = self.decoder(target, memory, target_mask=target_mask, memory_mask=memory_mask)\\n        return self.output_projection(hidden)&quot;}},{&quot;id&quot;:&quot;input:model.Transformer:source_mask&quot;,&quot;sourceLabel&quot;:&quot;source_mask&quot;,&quot;kind&quot;:&quot;Input&quot;,&quot;category&quot;:&quot;input&quot;,&quot;evidence&quot;:&quot;source&quot;,&quot;source&quot;:{&quot;path&quot;:&quot;model.py&quot;,&quot;line&quot;:16,&quot;endLine&quot;:22,&quot;expression&quot;:&quot;def forward(self, source_tokens, target_tokens, source_mask=None, target_mask=None, memory_mask=None):\\n        memory = self.source_embedding(source_tokens)\\n        for layer in self.encoder:\\n            memory = layer(memory, mask=source_mask)\\n        target = self.target_embedding(target_tokens)\\n        hidden = self.decoder(target, memory, target_mask=target_mask, memory_mask=memory_mask)\\n        return self.output_projection(hidden)&quot;}},{&quot;id&quot;:&quot;input:model.Transformer:target_mask&quot;,&quot;sourceLabel&quot;:&quot;target_mask&quot;,&quot;kind&quot;:&quot;Input&quot;,&quot;category&quot;:&quot;input&quot;,&quot;evidence&quot;:&quot;source&quot;,&quot;source&quot;:{&quot;path&quot;:&quot;model.py&quot;,&quot;line&quot;:16,&quot;endLine&quot;:22,&quot;expression&quot;:&quot;def forward(self, source_tokens, target_tokens, source_mask=None, target_mask=None, memory_mask=None):\\n        memory = self.source_embedding(source_tokens)\\n        for layer in self.encoder:\\n            memory = layer(memory, mask=source_mask)\\n        target = self.target_embedding(target_tokens)\\n        hidden = self.decoder(target, memory, target_mask=target_mask, memory_mask=memory_mask)\\n        return self.output_projection(hidden)&quot;}},{&quot;id&quot;:&quot;input:model.Transformer:memory_mask&quot;,&quot;sourceLabel&quot;:&quot;memory_mask&quot;,&quot;kind&quot;:&quot;Input&quot;,&quot;category&quot;:&quot;input&quot;,&quot;evidence&quot;:&quot;source&quot;,&quot;source&quot;:{&quot;path&quot;:&quot;model.py&quot;,&quot;line&quot;:16,&quot;endLine&quot;:22,&quot;expression&quot;:&quot;def forward(self, source_tokens, target_tokens, source_mask=None, target_mask=None, memory_mask=None):\\n        memory = self.source_embedding(source_tokens)\\n        for layer in self.encoder:\\n            memory = layer(memory, mask=source_mask)\\n        target = self.target_embedding(target_tokens)\\n        hidden = self.decoder(target, memory, target_mask=target_mask, memory_mask=memory_mask)\\n        return self.output_projection(hidden)&quot;}},{&quot;id&quot;:&quot;call:instance:model.Transformer&quot;,&quot;sourceLabel&quot;:&quot;Transformer&quot;,&quot;kind&quot;:&quot;Module&quot;,&quot;category&quot;:&quot;container&quot;,&quot;evidence&quot;:&quot;source&quot;,&quot;instanceId&quot;:&quot;instance:model.Transformer&quot;,&quot;callCount&quot;:1,&quot;callId&quot;:&quot;call:instance:model.Transformer&quot;,&quot;source&quot;:{&quot;path&quot;:&quot;model.py&quot;,&quot;line&quot;:7,&quot;endLine&quot;:22,&quot;expression&quot;:&quot;class Transformer(nn.Module):\\n    def __init__(self, vocab_size=128, d_model=32, n_heads=4, n_layers=2):\\n        super().__init__()\\n        self.source_embedding = nn.Embedding(vocab_size, d_model)\\n        self.target_embedding = nn.Embedding(vocab_size, d_model)\\n        self.encoder = nn.ModuleList([EncoderLayer(d_model, n_heads) for _ in range(n_layers)])\\n        self.decoder = DecoderLayer(d_model, n_heads)\\n        self.output_projection = nn.Linear(d_model, vocab_size)\\n\\n    def forward(self, source_tokens, target_tokens, source_mask=None, target_mask=None, memory_mask=None):\\n        memory = self.source_embedding(source_tokens)\\n        for layer in self.encoder:\\n            memory = layer(memory, mask=source_mask)\\n        target = self.target_embedding(target_tokens)\\n        hidden = self.decoder(target, memory, target_mask=target_mask, memory_mask=memory_mask)\\n        return self.output_projection(hidden)&quot;}},{&quot;id&quot;:&quot;call:instance:model.Transformer.source_embedding&quot;,&quot;sourceLabel&quot;:&quot;source embedding&quot;,&quot;kind&quot;:&quot;Embedding&quot;,&quot;category&quot;:&quot;embedding&quot;,&quot;evidence&quot;:&quot;contract&quot;,&quot;instanceId&quot;:&quot;instance:model.Transformer.source_embedding&quot;,&quot;callCount&quot;:1,&quot;callId&quot;:&quot;call:instance:model.Transformer.source_embedding&quot;,&quot;source&quot;:{&quot;path&quot;:&quot;model.py&quot;,&quot;line&quot;:17,&quot;endLine&quot;:17,&quot;expression&quot;:&quot;self.source_embedding(source_tokens)&quot;}},{&quot;id&quot;:&quot;repeat:instance:model.Transformer.encoder&quot;,&quot;sourceLabel&quot;:&quot;encoder&quot;,&quot;kind&quot;:&quot;Repeat&quot;,&quot;category&quot;:&quot;container&quot;,&quot;evidence&quot;:&quot;source&quot;,&quot;repeat&quot;:{&quot;count&quot;:2,&quot;sharing&quot;:&quot;independent&quot;},&quot;source&quot;:{&quot;path&quot;:&quot;model.py&quot;,&quot;line&quot;:18,&quot;endLine&quot;:19,&quot;expression&quot;:&quot;for layer in self.encoder:\\n            memory = layer(memory, mask=source_mask)&quot;}},{&quot;id&quot;:&quot;call:instance:model.Transformer.encoder.0&quot;,&quot;sourceLabel&quot;:&quot;EncoderLayer 1&quot;,&quot;kind&quot;:&quot;Module&quot;,&quot;category&quot;:&quot;container&quot;,&quot;evidence&quot;:&quot;source&quot;,&quot;instanceId&quot;:&quot;instance:model.Transformer.encoder.0&quot;,&quot;callCount&quot;:1,&quot;callId&quot;:&quot;call:instance:model.Transformer.encoder.0&quot;,&quot;source&quot;:{&quot;path&quot;:&quot;model.py&quot;,&quot;line&quot;:19,&quot;endLine&quot;:19,&quot;expression&quot;:&quot;layer(memory, mask=source_mask)&quot;}},{&quot;id&quot;:&quot;call:instance:model.Transformer.encoder.0.self_attention&quot;,&quot;sourceLabel&quot;:&quot;self attention&quot;,&quot;kind&quot;:&quot;MultiheadAttention&quot;,&quot;category&quot;:&quot;attention&quot;,&quot;evidence&quot;:&quot;contract&quot;,&quot;instanceId&quot;:&quot;instance:model.Transformer.encoder.0.self_attention&quot;,&quot;callCount&quot;:1,&quot;callId&quot;:&quot;call:instance:model.Transformer.encoder.0.self_attention&quot;,&quot;source&quot;:{&quot;path&quot;:&quot;blocks.py&quot;,&quot;line&quot;:28,&quot;endLine&quot;:28,&quot;expression&quot;:&quot;self.self_attention(query=x, key=x, value=x, attn_mask=mask, need_weights=False)&quot;}},{&quot;id&quot;:&quot;call:instance:model.Transformer.encoder.0.attention_dropout&quot;,&quot;sourceLabel&quot;:&quot;attention dropout&quot;,&quot;kind&quot;:&quot;Dropout&quot;,&quot;category&quot;:&quot;regularization&quot;,&quot;evidence&quot;:&quot;contract&quot;,&quot;instanceId&quot;:&quot;instance:model.Transformer.encoder.0.attention_dropout&quot;,&quot;callCount&quot;:1,&quot;callId&quot;:&quot;call:instance:model.Transformer.encoder.0.attention_dropout&quot;,&quot;source&quot;:{&quot;path&quot;:&quot;blocks.py&quot;,&quot;line&quot;:29,&quot;endLine&quot;:29,&quot;expression&quot;:&quot;self.attention_dropout(attended)&quot;}},{&quot;id&quot;:&quot;op:call:instance:model.Transformer.encoder.0:Add:2fc8574cd9&quot;,&quot;sourceLabel&quot;:&quot;Add&quot;,&quot;kind&quot;:&quot;Add&quot;,&quot;category&quot;:&quot;residual&quot;,&quot;evidence&quot;:&quot;source&quot;,&quot;source&quot;:{&quot;path&quot;:&quot;blocks.py&quot;,&quot;line&quot;:29,&quot;endLine&quot;:29,&quot;expression&quot;:&quot;x + self.attention_dropout(attended)&quot;}},{&quot;id&quot;:&quot;call:instance:model.Transformer.encoder.0.attention_norm&quot;,&quot;sourceLabel&quot;:&quot;attention norm&quot;,&quot;kind&quot;:&quot;LayerNorm&quot;,&quot;category&quot;:&quot;norm&quot;,&quot;evidence&quot;:&quot'... 163230 more characters
  
      at TestContext.<anonymous> (file:///home/fzg/PycharmProjects/ArchCanvas/ArchCanvas_Model_Architecture_Studio/studio/tests/repeat-outline-independent.test.ts:77:14)
      at Test.runInAsyncScope (node:async_hooks:227:14)
      at Test.run (node:internal/test_runner/test:1382:25)
      at Test.processPendingSubtests (node:internal/test_runner/test:960:18)
      at Test.postRun (node:internal/test_runner/test:1522:19)
      at Test.run (node:internal/test_runner/test:1447:12)
      at async Test.processPendingSubtests (node:internal/test_runner/test:960:7) {
    generatedMessage: false,
    code: 'ERR_ASSERTION',
    actual: ',&quot;irDigest&quot;:&quot;b0bd5bf01fa364bf415f6aba9707f5d74d9b7bb058534c0dac54fc48fd3729e6&quot;,&quot;widthMm&quot;:180,&quot;heightMm&quot;:605.6110520722635,&quot;sourceFactScope&quot;:&quot;whole-source-architecture&quot;,&quot;sourceFacts&quot;:[{&quot;id&quot;:&quot;input:model.Transformer:source_tokens&quot;,&quot;sourceLabel&quot;:&quot;source_tokens&quot;,&quot;kind&quot;:&quot;Input&quot;,&quot;category&quot;:&quot;input&quot;,&quot;evidence&quot;:&quot;source&quot;,&quot;source&quot;:{&quot;path&quot;:&quot;model.py&quot;,&quot;line&quot;:16,&quot;endLine&quot;:22,&quot;expression&quot;:&quot;def forward(self, source_tokens, target_tokens, source_mask=None, target_mask=None, memory_mask=None):\\n        memory = self.source_embedding(source_tokens)\\n        for layer in self.encoder:\\n            memory = layer(memory, mask=source_mask)\\n        target = self.target_embedding(target_tokens)\\n        hidden = self.decoder(target, memory, target_mask=target_mask, memory_mask=memory_mask)\\n        return self.output_projection(hidden)&quot;}},{&quot;id&quot;:&quot;input:model.Transformer:target_tokens&quot;,&quot;sourceLabel&quot;:&quot;target_tokens&quot;,&quot;kind&quot;:&quot;Input&quot;,&quot;category&quot;:&quot;input&quot;,&quot;evidence&quot;:&quot;source&quot;,&quot;source&quot;:{&quot;path&quot;:&quot;model.py&quot;,&quot;line&quot;:16,&quot;endLine&quot;:22,&quot;expression&quot;:&quot;def forward(self, source_tokens, target_tokens, source_mask=None, target_mask=None, memory_mask=None):\\n        memory = self.source_embedding(source_tokens)\\n        for layer in self.encoder:\\n            memory = layer(memory, mask=source_mask)\\n        target = self.target_embedding(target_tokens)\\n        hidden = self.decoder(target, memory, target_mask=target_mask, memory_mask=memory_mask)\\n        return self.output_projection(hidden)&quot;}},{&quot;id&quot;:&quot;input:model.Transformer:source_mask&quot;,&quot;sourceLabel&quot;:&quot;source_mask&quot;,&quot;kind&quot;:&quot;Input&quot;,&quot;category&quot;:&quot;input&quot;,&quot;evidence&quot;:&quot;source&quot;,&quot;source&quot;:{&quot;path&quot;:&quot;model.py&quot;,&quot;line&quot;:16,&quot;endLine&quot;:22,&quot;expression&quot;:&quot;def forward(self, source_tokens, target_tokens, source_mask=None, target_mask=None, memory_mask=None):\\n        memory = self.source_embedding(source_tokens)\\n        for layer in self.encoder:\\n            memory = layer(memory, mask=source_mask)\\n        target = self.target_embedding(target_tokens)\\n        hidden = self.decoder(target, memory, target_mask=target_mask, memory_mask=memory_mask)\\n        return self.output_projection(hidden)&quot;}},{&quot;id&quot;:&quot;input:model.Transformer:target_mask&quot;,&quot;sourceLabel&quot;:&quot;target_mask&quot;,&quot;kind&quot;:&quot;Input&quot;,&quot;category&quot;:&quot;input&quot;,&quot;evidence&quot;:&quot;source&quot;,&quot;source&quot;:{&quot;path&quot;:&quot;model.py&quot;,&quot;line&quot;:16,&quot;endLine&quot;:22,&quot;expression&quot;:&quot;def forward(self, source_tokens, target_tokens, source_mask=None, target_mask=None, memory_mask=None):\\n        memory = self.source_embedding(source_tokens)\\n        for layer in self.encoder:\\n            memory = layer(memory, mask=source_mask)\\n        target = self.target_embedding(target_tokens)\\n        hidden = self.decoder(target, memory, target_mask=target_mask, memory_mask=memory_mask)\\n        return self.output_projection(hidden)&quot;}},{&quot;id&quot;:&quot;input:model.Transformer:memory_mask&quot;,&quot;sourceLabel&quot;:&quot;memory_mask&quot;,&quot;kind&quot;:&quot;Input&quot;,&quot;category&quot;:&quot;input&quot;,&quot;evidence&quot;:&quot;source&quot;,&quot;source&quot;:{&quot;path&quot;:&quot;model.py&quot;,&quot;line&quot;:16,&quot;endLine&quot;:22,&quot;expression&quot;:&quot;def forward(self, source_tokens, target_tokens, source_mask=None, target_mask=None, memory_mask=None):\\n        memory = self.source_embedding(source_tokens)\\n        for layer in self.encoder:\\n            memory = layer(memory, mask=source_mask)\\n        target = self.target_embedding(target_tokens)\\n        hidden = self.decoder(target, memory, target_mask=target_mask, memory_mask=memory_mask)\\n        return self.output_projection(hidden)&quot;}},{&quot;id&quot;:&quot;call:instance:model.Transformer&quot;,&quot;sourceLabel&quot;:&quot;Transformer&quot;,&quot;kind&quot;:&quot;Module&quot;,&quot;category&quot;:&quot;container&quot;,&quot;evidence&quot;:&quot;source&quot;,&quot;instanceId&quot;:&quot;instance:model.Transformer&quot;,&quot;callCount&quot;:1,&quot;callId&quot;:&quot;call:instance:model.Transformer&quot;,&quot;source&quot;:{&quot;path&quot;:&quot;model.py&quot;,&quot;line&quot;:7,&quot;endLine&quot;:22,&quot;expression&quot;:&quot;class Transformer(nn.Module):\\n    def __init__(self, vocab_size=128, d_model=32, n_heads=4, n_layers=2):\\n        super().__init__()\\n        self.source_embedding = nn.Embedding(vocab_size, d_model)\\n        self.target_embedding = nn.Embedding(vocab_size, d_model)\\n        self.encoder = nn.ModuleList([EncoderLayer(d_model, n_heads) for _ in range(n_layers)])\\n        self.decoder = DecoderLayer(d_model, n_heads)\\n        self.output_projection = nn.Linear(d_model, vocab_size)\\n\\n    def forward(self, source_tokens, target_tokens, source_mask=None, target_mask=None, memory_mask=None):\\n        memory = self.source_embedding(source_tokens)\\n        for layer in self.encoder:\\n            memory = layer(memory, mask=source_mask)\\n        target = self.target_embedding(target_tokens)\\n        hidden = self.decoder(target, memory, target_mask=target_mask, memory_mask=memory_mask)\\n        return self.output_projection(hidden)&quot;}},{&quot;id&quot;:&quot;call:instance:model.Transformer.source_embedding&quot;,&quot;sourceLabel&quot;:&quot;source embedding&quot;,&quot;kind&quot;:&quot;Embedding&quot;,&quot;category&quot;:&quot;embedding&quot;,&quot;evidence&quot;:&quot;contract&quot;,&quot;instanceId&quot;:&quot;instance:model.Transformer.source_embedding&quot;,&quot;callCount&quot;:1,&quot;callId&quot;:&quot;call:instance:model.Transformer.source_embedding&quot;,&quot;source&quot;:{&quot;path&quot;:&quot;model.py&quot;,&quot;line&quot;:17,&quot;endLine&quot;:17,&quot;expression&quot;:&quot;self.source_embedding(source_tokens)&quot;}},{&quot;id&quot;:&quot;repeat:instance:model.Transformer.encoder&quot;,&quot;sourceLabel&quot;:&quot;encoder&quot;,&quot;kind&quot;:&quot;Repeat&quot;,&quot;category&quot;:&quot;container&quot;,&quot;evidence&quot;:&quot;source&quot;,&quot;repeat&quot;:{&quot;count&quot;:2,&quot;sharing&quot;:&quot;independent&quot;},&quot;source&quot;:{&quot;path&quot;:&quot;model.py&quot;,&quot;line&quot;:18,&quot;endLine&quot;:19,&quot;expression&quot;:&quot;for layer in self.encoder:\\n            memory = layer(memory, mask=source_mask)&quot;}},{&quot;id&quot;:&quot;call:instance:model.Transformer.encoder.0&quot;,&quot;sourceLabel&quot;:&quot;EncoderLayer 1&quot;,&quot;kind&quot;:&quot;Module&quot;,&quot;category&quot;:&quot;container&quot;,&quot;evidence&quot;:&quot;source&quot;,&quot;instanceId&quot;:&quot;instance:model.Transformer.encoder.0&quot;,&quot;callCount&quot;:1,&quot;callId&quot;:&quot;call:instance:model.Transformer.encoder.0&quot;,&quot;source&quot;:{&quot;path&quot;:&quot;model.py&quot;,&quot;line&quot;:19,&quot;endLine&quot;:19,&quot;expression&quot;:&quot;layer(memory, mask=source_mask)&quot;}},{&quot;id&quot;:&quot;call:instance:model.Transformer.encoder.0.self_attention&quot;,&quot;sourceLabel&quot;:&quot;self attention&quot;,&quot;kind&quot;:&quot;MultiheadAttention&quot;,&quot;category&quot;:&quot;attention&quot;,&quot;evidence&quot;:&quot;contract&quot;,&quot;instanceId&quot;:&quot;instance:model.Transformer.encoder.0.self_attention&quot;,&quot;callCount&quot;:1,&quot;callId&quot;:&quot;call:instance:model.Transformer.encoder.0.self_attention&quot;,&quot;source&quot;:{&quot;path&quot;:&quot;blocks.py&quot;,&quot;line&quot;:28,&quot;endLine&quot;:28,&quot;expression&quot;:&quot;self.self_attention(query=x, key=x, value=x, attn_mask=mask, need_weights=False)&quot;}},{&quot;id&quot;:&quot;call:instance:model.Transformer.encoder.0.attention_dropout&quot;,&quot;sourceLabel&quot;:&quot;attention dropout&quot;,&quot;kind&quot;:&quot;Dropout&quot;,&quot;category&quot;:&quot;regularization&quot;,&quot;evidence&quot;:&quot;contract&quot;,&quot;instanceId&quot;:&quot;instance:model.Transformer.encoder.0.attention_dropout&quot;,&quot;callCount&quot;:1,&quot;callId&quot;:&quot;call:instance:model.Transformer.encoder.0.attention_dropout&quot;,&quot;source&quot;:{&quot;path&quot;:&quot;blocks.py&quot;,&quot;line&quot;:29,&quot;endLine&quot;:29,&quot;expression&quot;:&quot;self.attention_dropout(attended)&quot;}},{&quot;id&quot;:&quot;op:call:instance:model.Transformer.encoder.0:Add:2fc8574cd9&quot;,&quot;sourceLabel&quot;:&quot;Add&quot;,&quot;kind&quot;:&quot;Add&quot;,&quot;category&quot;:&quot;residual&quot;,&quot;evidence&quot;:&quot;source&quot;,&quot;source&quot;:{&quot;path&quot;:&quot;blocks.py&quot;,&quot;line&quot;:29,&quot;endLine&quot;:29,&quot;expression&quot;:&quot;x + self.attention_dropout(attended)&quot;}},{&quot;id&quot;:&quot;call:instance:model.Transformer.encoder.0.attention_norm&quot;,&quot;sourceLabel&quot;:&quot;attention norm&quot;,&quot;kind&quot;:&quot;LayerNorm&quot;,&quot;category&quot;:&quot;norm&quot;,&quot;evidence&quot;:&quot;contract&quot;,&quot;instanceId&quot;:&quot;instance:model.Transformer.encoder.0.attention_norm&quot;,&quot;callCount&quot;:1,&quot;callId&quot;:&quot;call:instance:model.Transformer.encoder.0.attention_norm&quot;,&quot;source&quot;:{&quot;path&quot;:&quot;blocks.py&quot;,&quot;line&quot;:29,&quot;endLine&quot;:29,&quot;expression&quot;:&quot;self.attention_norm(x + self.attention_dropout(attended))&quot;}},{&quot;id&quot;:&quot;call:instance:model.Transformer.encoder.0.feedforward&quot;,&quot;sourceLabel&'... 162709 more characters,
    expected: ',&quot;irDigest&quot;:&quot;b0bd5bf01fa364bf415f6aba9707f5d74d9b7bb058534c0dac54fc48fd3729e6&quot;,&quot;widthMm&quot;:180,&quot;heightMm&quot;:598.6134453781513,&quot;sourceFactScope&quot;:&quot;whole-source-architecture&quot;,&quot;sourceFacts&quot;:[{&quot;id&quot;:&quot;input:model.Transformer:source_tokens&quot;,&quot;sourceLabel&quot;:&quot;source_tokens&quot;,&quot;kind&quot;:&quot;Input&quot;,&quot;category&quot;:&quot;input&quot;,&quot;evidence&quot;:&quot;source&quot;,&quot;source&quot;:{&quot;path&quot;:&quot;model.py&quot;,&quot;line&quot;:16,&quot;endLine&quot;:22,&quot;expression&quot;:&quot;def forward(self, source_tokens, target_tokens, source_mask=None, target_mask=None, memory_mask=None):\\n        memory = self.source_embedding(source_tokens)\\n        for layer in self.encoder:\\n            memory = layer(memory, mask=source_mask)\\n        target = self.target_embedding(target_tokens)\\n        hidden = self.decoder(target, memory, target_mask=target_mask, memory_mask=memory_mask)\\n        return self.output_projection(hidden)&quot;}},{&quot;id&quot;:&quot;input:model.Transformer:target_tokens&quot;,&quot;sourceLabel&quot;:&quot;target_tokens&quot;,&quot;kind&quot;:&quot;Input&quot;,&quot;category&quot;:&quot;input&quot;,&quot;evidence&quot;:&quot;source&quot;,&quot;source&quot;:{&quot;path&quot;:&quot;model.py&quot;,&quot;line&quot;:16,&quot;endLine&quot;:22,&quot;expression&quot;:&quot;def forward(self, source_tokens, target_tokens, source_mask=None, target_mask=None, memory_mask=None):\\n        memory = self.source_embedding(source_tokens)\\n        for layer in self.encoder:\\n            memory = layer(memory, mask=source_mask)\\n        target = self.target_embedding(target_tokens)\\n        hidden = self.decoder(target, memory, target_mask=target_mask, memory_mask=memory_mask)\\n        return self.output_projection(hidden)&quot;}},{&quot;id&quot;:&quot;input:model.Transformer:source_mask&quot;,&quot;sourceLabel&quot;:&quot;source_mask&quot;,&quot;kind&quot;:&quot;Input&quot;,&quot;category&quot;:&quot;input&quot;,&quot;evidence&quot;:&quot;source&quot;,&quot;source&quot;:{&quot;path&quot;:&quot;model.py&quot;,&quot;line&quot;:16,&quot;endLine&quot;:22,&quot;expression&quot;:&quot;def forward(self, source_tokens, target_tokens, source_mask=None, target_mask=None, memory_mask=None):\\n        memory = self.source_embedding(source_tokens)\\n        for layer in self.encoder:\\n            memory = layer(memory, mask=source_mask)\\n        target = self.target_embedding(target_tokens)\\n        hidden = self.decoder(target, memory, target_mask=target_mask, memory_mask=memory_mask)\\n        return self.output_projection(hidden)&quot;}},{&quot;id&quot;:&quot;input:model.Transformer:target_mask&quot;,&quot;sourceLabel&quot;:&quot;target_mask&quot;,&quot;kind&quot;:&quot;Input&quot;,&quot;category&quot;:&quot;input&quot;,&quot;evidence&quot;:&quot;source&quot;,&quot;source&quot;:{&quot;path&quot;:&quot;model.py&quot;,&quot;line&quot;:16,&quot;endLine&quot;:22,&quot;expression&quot;:&quot;def forward(self, source_tokens, target_tokens, source_mask=None, target_mask=None, memory_mask=None):\\n        memory = self.source_embedding(source_tokens)\\n        for layer in self.encoder:\\n            memory = layer(memory, mask=source_mask)\\n        target = self.target_embedding(target_tokens)\\n        hidden = self.decoder(target, memory, target_mask=target_mask, memory_mask=memory_mask)\\n        return self.output_projection(hidden)&quot;}},{&quot;id&quot;:&quot;input:model.Transformer:memory_mask&quot;,&quot;sourceLabel&quot;:&quot;memory_mask&quot;,&quot;kind&quot;:&quot;Input&quot;,&quot;category&quot;:&quot;input&quot;,&quot;evidence&quot;:&quot;source&quot;,&quot;source&quot;:{&quot;path&quot;:&quot;model.py&quot;,&quot;line&quot;:16,&quot;endLine&quot;:22,&quot;expression&quot;:&quot;def forward(self, source_tokens, target_tokens, source_mask=None, target_mask=None, memory_mask=None):\\n        memory = self.source_embedding(source_tokens)\\n        for layer in self.encoder:\\n            memory = layer(memory, mask=source_mask)\\n        target = self.target_embedding(target_tokens)\\n        hidden = self.decoder(target, memory, target_mask=target_mask, memory_mask=memory_mask)\\n        return self.output_projection(hidden)&quot;}},{&quot;id&quot;:&quot;call:instance:model.Transformer&quot;,&quot;sourceLabel&quot;:&quot;Transformer&quot;,&quot;kind&quot;:&quot;Module&quot;,&quot;category&quot;:&quot;container&quot;,&quot;evidence&quot;:&quot;source&quot;,&quot;instanceId&quot;:&quot;instance:model.Transformer&quot;,&quot;callCount&quot;:1,&quot;callId&quot;:&quot;call:instance:model.Transformer&quot;,&quot;source&quot;:{&quot;path&quot;:&quot;model.py&quot;,&quot;line&quot;:7,&quot;endLine&quot;:22,&quot;expression&quot;:&quot;class Transformer(nn.Module):\\n    def __init__(self, vocab_size=128, d_model=32, n_heads=4, n_layers=2):\\n        super().__init__()\\n        self.source_embedding = nn.Embedding(vocab_size, d_model)\\n        self.target_embedding = nn.Embedding(vocab_size, d_model)\\n        self.encoder = nn.ModuleList([EncoderLayer(d_model, n_heads) for _ in range(n_layers)])\\n        self.decoder = DecoderLayer(d_model, n_heads)\\n        self.output_projection = nn.Linear(d_model, vocab_size)\\n\\n    def forward(self, source_tokens, target_tokens, source_mask=None, target_mask=None, memory_mask=None):\\n        memory = self.source_embedding(source_tokens)\\n        for layer in self.encoder:\\n            memory = layer(memory, mask=source_mask)\\n        target = self.target_embedding(target_tokens)\\n        hidden = self.decoder(target, memory, target_mask=target_mask, memory_mask=memory_mask)\\n        return self.output_projection(hidden)&quot;}},{&quot;id&quot;:&quot;call:instance:model.Transformer.source_embedding&quot;,&quot;sourceLabel&quot;:&quot;source embedding&quot;,&quot;kind&quot;:&quot;Embedding&quot;,&quot;category&quot;:&quot;embedding&quot;,&quot;evidence&quot;:&quot;contract&quot;,&quot;instanceId&quot;:&quot;instance:model.Transformer.source_embedding&quot;,&quot;callCount&quot;:1,&quot;callId&quot;:&quot;call:instance:model.Transformer.source_embedding&quot;,&quot;source&quot;:{&quot;path&quot;:&quot;model.py&quot;,&quot;line&quot;:17,&quot;endLine&quot;:17,&quot;expression&quot;:&quot;self.source_embedding(source_tokens)&quot;}},{&quot;id&quot;:&quot;repeat:instance:model.Transformer.encoder&quot;,&quot;sourceLabel&quot;:&quot;encoder&quot;,&quot;kind&quot;:&quot;Repeat&quot;,&quot;category&quot;:&quot;container&quot;,&quot;evidence&quot;:&quot;source&quot;,&quot;repeat&quot;:{&quot;count&quot;:2,&quot;sharing&quot;:&quot;independent&quot;},&quot;source&quot;:{&quot;path&quot;:&quot;model.py&quot;,&quot;line&quot;:18,&quot;endLine&quot;:19,&quot;expression&quot;:&quot;for layer in self.encoder:\\n            memory = layer(memory, mask=source_mask)&quot;}},{&quot;id&quot;:&quot;call:instance:model.Transformer.encoder.0&quot;,&quot;sourceLabel&quot;:&quot;EncoderLayer 1&quot;,&quot;kind&quot;:&quot;Module&quot;,&quot;category&quot;:&quot;container&quot;,&quot;evidence&quot;:&quot;source&quot;,&quot;instanceId&quot;:&quot;instance:model.Transformer.encoder.0&quot;,&quot;callCount&quot;:1,&quot;callId&quot;:&quot;call:instance:model.Transformer.encoder.0&quot;,&quot;source&quot;:{&quot;path&quot;:&quot;model.py&quot;,&quot;line&quot;:19,&quot;endLine&quot;:19,&quot;expression&quot;:&quot;layer(memory, mask=source_mask)&quot;}},{&quot;id&quot;:&quot;call:instance:model.Transformer.encoder.0.self_attention&quot;,&quot;sourceLabel&quot;:&quot;self attention&quot;,&quot;kind&quot;:&quot;MultiheadAttention&quot;,&quot;category&quot;:&quot;attention&quot;,&quot;evidence&quot;:&quot;contract&quot;,&quot;instanceId&quot;:&quot;instance:model.Transformer.encoder.0.self_attention&quot;,&quot;callCount&quot;:1,&quot;callId&quot;:&quot;call:instance:model.Transformer.encoder.0.self_attention&quot;,&quot;source&quot;:{&quot;path&quot;:&quot;blocks.py&quot;,&quot;line&quot;:28,&quot;endLine&quot;:28,&quot;expression&quot;:&quot;self.self_attention(query=x, key=x, value=x, attn_mask=mask, need_weights=False)&quot;}},{&quot;id&quot;:&quot;call:instance:model.Transformer.encoder.0.attention_dropout&quot;,&quot;sourceLabel&quot;:&quot;attention dropout&quot;,&quot;kind&quot;:&quot;Dropout&quot;,&quot;category&quot;:&quot;regularization&quot;,&quot;evidence&quot;:&quot;contract&quot;,&quot;instanceId&quot;:&quot;instance:model.Transformer.encoder.0.attention_dropout&quot;,&quot;callCount&quot;:1,&quot;callId&quot;:&quot;call:instance:model.Transformer.encoder.0.attention_dropout&quot;,&quot;source&quot;:{&quot;path&quot;:&quot;blocks.py&quot;,&quot;line&quot;:29,&quot;endLine&quot;:29,&quot;expression&quot;:&quot;self.attention_dropout(attended)&quot;}},{&quot;id&quot;:&quot;op:call:instance:model.Transformer.encoder.0:Add:2fc8574cd9&quot;,&quot;sourceLabel&quot;:&quot;Add&quot;,&quot;kind&quot;:&quot;Add&quot;,&quot;category&quot;:&quot;residual&quot;,&quot;evidence&quot;:&quot;source&quot;,&quot;source&quot;:{&quot;path&quot;:&quot;blocks.py&quot;,&quot;line&quot;:29,&quot;endLine&quot;:29,&quot;expression&quot;:&quot;x + self.attention_dropout(attended)&quot;}},{&quot;id&quot;:&quot;call:instance:model.Transformer.encoder.0.attention_norm&quot;,&quot;sourceLabel&quot;:&quot;attention norm&quot;,&quot;kind&quot;:&quot;LayerNorm&quot;,&quot;category&quot;:&quot;norm&quot;,&quot;evidence&quot;:&quot;contract&quot;,&quot;instanceId&quot;:&quot;instance:model.Transformer.encoder.0.attention_norm&quot;,&quot;callCount&quot;:1,&quot;callId&quot;:&quot;call:instance:model.Transformer.encoder.0.attention_norm&quot;,&quot;source&quot;:{&quot;path&quot;:&quot;blocks.py&quot;,&quot;line&quot;:29,&quot;endLine&quot;:29,&quot;expression&quot;:&quot;self.attention_norm(x + self.attention_dropout(attended))&quot;}},{&quot;id&quot;:&quot;call:instance:model.Transformer.encoder.0.feedforward&quot;,&quot;sourceLabel&'... 162721 more characters,
    operator: 'strictEqual',
    diff: 'simple'
  }
